record_time_s,header_time_s,axes_json,buttons_json,provenance
0.0038788318634033203,0.0,"[0.0, 0.0, 0.0, 0.0]","[0, 0, 0, 0, 0, 0, 0, 0, 0, 0, 0, 0, 0, 0, 0, 0, 0, 0]",controller_intent_only
7.927158832550049,0.0,"[0.0, 0.0, 0.0, 0.0]","[0, 1, 0, 0, 1, 0, 0, 0, 0, 0, 0, 0, 0, 0, 0, 0, 0, 0]",controller_intent_only
8.029260158538818,0.0,"[0.0, 0.0, 0.0, 0.0]","[0, 0, 0, 0, 0, 0, 0, 0, 0, 0, 0, 0, 0, 0, 0, 0, 0, 0]",controller_intent_only
11.06917691230774,0.0,"[0.0, 0.0, 0.0, 0.0]","[0, 0, 0, 1, 1, 0, 0, 0, 0, 0, 0, 0, 0, 0, 0, 0, 0, 0]",controller_intent_only
11.198145389556885,0.0,"[0.0, 0.0, 0.0, 0.0]","[0, 0, 0, 0, 0, 0, 0, 0, 0, 0, 0, 0, 0, 0, 0, 0, 0, 0]",controller_intent_only
11.878652572631836,0.0,"[0.0, 0.0, -0.1899999976158142, 0.0]","[0, 0, 0, 0, 0, 0, 0, 0, 0, 0, 0, 0, 0, 0, 0, 0, 0, 0]",controller_intent_only
11.894853353500366,0.0,"[0.0, 0.0, -0.8299999833106995, 0.0]","[0, 0, 0, 0, 0, 0, 0, 0, 0, 0, 0, 0, 0, 0, 0, 0, 0, 0]",controller_intent_only
12.127219438552856,0.0,"[0.0, 0.0, -0.5299999713897705, 0.0]","[0, 0, 0, 0, 0, 0, 0, 0, 0, 0, 0, 0, 0, 0, 0, 0, 0, 0]",controller_intent_only
12.366209030151367,0.0,"[0.0, 0.0, -0.8999999761581421, 0.0]","[0, 0, 0, 0, 0, 0, 0, 0, 0, 0, 0, 0, 0, 0, 0, 0, 0, 0]",controller_intent_only
12.505974292755127,0.0,"[0.0, 0.0, -0.46000000834465027, 0.0]","[0, 0, 0, 0, 0, 0, 0, 0, 0, 0, 0, 0, 0, 0, 0, 0, 0, 0]",controller_intent_only
12.694790363311768,0.0,"[0.0, 0.0, -0.5899999737739563, 0.0]","[0, 0, 0, 0, 0, 0, 0, 0, 0, 0, 0, 0, 0, 0, 0, 0, 0, 0]",controller_intent_only
12.931212186813354,0.0,"[0.0, 0.0, -0.6299999952316284, 0.0]","[0, 0, 0, 0, 0, 0, 0, 0, 0, 0, 0, 0, 0, 0, 0, 0, 0, 0]",controller_intent_only
13.00063157081604,0.0,"[0.0, 0.0, 0.0, 0.0]","[0, 0, 0, 0, 0, 0, 0, 0, 0, 0, 0, 0, 0, 0, 0, 0, 0, 0]",controller_intent_only
13.202379941940308,0.0,"[0.0, 0.2199999988079071, 0.0, 0.0]","[0, 0, 0, 0, 0, 0, 0, 0, 0, 0, 0, 0, 0, 0, 0, 0, 0, 0]",controller_intent_only
13.398692607879639,0.0,"[0.0, 0.20000000298023224, 0.0, 0.0]","[0, 0, 0, 0, 0, 0, 0, 0, 0, 0, 0, 0, 0, 0, 0, 0, 0, 0]",controller_intent_only
13.650178670883179,0.0,"[0.0, 0.2199999988079071, 0.0, 0.0]","[0, 0, 0, 0, 0, 0, 0, 0, 0, 0, 0, 0, 0, 0, 0, 0, 0, 0]",controller_intent_only
14.014690399169922,0.0,"[0.0, 0.20999999344348907, 0.0, 0.0]","[0, 0, 0, 0, 0, 0, 0, 0, 0, 0, 0, 0, 0, 0, 0, 0, 0, 0]",controller_intent_only
14.203915357589722,0.0,"[0.0, 0.20999999344348907, -0.4000000059604645, 0.0]","[0, 0, 0, 0, 0, 0, 0, 0, 0, 0, 0, 0, 0, 0, 0, 0, 0, 0]",controller_intent_only
14.334686994552612,0.0,"[0.0, 0.20999999344348907, -0.4300000071525574, 0.0]","[0, 0, 0, 0, 0, 0, 0, 0, 0, 0, 0, 0, 0, 0, 0, 0, 0, 0]",controller_intent_only
14.535222291946411,0.0,"[0.0, 0.20999999344348907, -0.14000000059604645, 0.0]","[0, 0, 0, 0, 0, 0, 0, 0, 0, 0, 0, 0, 0, 0, 0, 0, 0, 0]",controller_intent_only
14.733240604400635,0.0,"[0.0, 0.20000000298023224, -0.07999999821186066, 0.0]","[0, 0, 0, 0, 0, 0, 0, 0, 0, 0, 0, 0, 0, 0, 0, 0, 0, 0]",controller_intent_only
14.93491506576538,0.0,"[0.0, 0.1899999976158142, 0.0, 0.0]","[0, 0, 0, 0, 0, 0, 0, 0, 0, 0, 0, 0, 0, 0, 0, 0, 0, 0]",controller_intent_only
15.233954191207886,0.0,"[0.0, 0.18000000715255737, 0.0, 0.0]","[0, 0, 0, 0, 0, 0, 0, 0, 0, 0, 0, 0, 0, 0, 0, 0, 0, 0]",controller_intent_only
16.01948380470276,0.0,"[0.0, 0.1599999964237213, 0.0, 0.0]","[0, 0, 0, 0, 0, 0, 0, 0, 0, 0, 0, 0, 0, 0, 0, 0, 0, 0]",controller_intent_only
16.10665011405945,0.0,"[0.0, 0.07000000029802322, 0.0, 0.0]","[0, 0, 0, 0, 0, 0, 0, 0, 0, 0, 0, 0, 0, 0, 0, 0, 0, 0]",controller_intent_only
16.323050260543823,0.0,"[0.0, 0.0, 0.0, 0.0]","[0, 0, 0, 0, 0, 0, 0, 0, 0, 0, 0, 0, 0, 0, 0, 0, 0, 0]",controller_intent_only
17.02848505973816,0.0,"[0.0, 0.14000000059604645, 0.0, 0.0]","[0, 0, 0, 0, 0, 0, 0, 0, 0, 0, 0, 0, 0, 0, 0, 0, 0, 0]",controller_intent_only
17.200115442276,0.0,"[0.0, 0.0, 0.0, 0.0]","[0, 0, 0, 0, 0, 0, 0, 0, 0, 0, 0, 0, 0, 0, 0, 0, 0, 0]",controller_intent_only
17.398847818374634,0.0,"[0.0, 0.07000000029802322, 0.0, 0.0]","[0, 0, 0, 0, 0, 0, 0, 0, 0, 0, 0, 0, 0, 0, 0, 0, 0, 0]",controller_intent_only
17.712968826293945,0.0,"[0.0, 0.11999999731779099, 0.0, 0.0]","[0, 0, 0, 0, 0, 0, 0, 0, 0, 0, 0, 0, 0, 0, 0, 0, 0, 0]",controller_intent_only
17.924325704574585,0.0,"[0.0, 0.1599999964237213, 0.0, 0.0]","[0, 0, 0, 0, 0, 0, 0, 0, 0, 0, 0, 0, 0, 0, 0, 0, 0, 0]",controller_intent_only
18.471205711364746,0.0,"[0.0, 0.07000000029802322, 0.0, 0.0]","[0, 0, 0, 0, 0, 0, 0, 0, 0, 0, 0, 0, 0, 0, 0, 0, 0, 0]",controller_intent_only
18.573116779327393,0.0,"[0.0, 0.0, 0.0, 0.0]","[0, 0, 0, 0, 0, 0, 0, 0, 0, 0, 0, 0, 0, 0, 0, 0, 0, 0]",controller_intent_only
18.94013476371765,0.0,"[0.0, 0.0, 0.5600000023841858, 0.0]","[0, 0, 0, 0, 0, 0, 0, 0, 0, 0, 0, 0, 0, 0, 0, 0, 0, 0]",controller_intent_only
19.10974931716919,0.0,"[0.0, 0.0, 0.7200000286102295, 0.0]","[0, 0, 0, 0, 0, 0, 0, 0, 0, 0, 0, 0, 0, 0, 0, 0, 0, 0]",controller_intent_only
19.333865642547607,0.0,"[0.0, 0.0, 0.7099999785423279, 0.0]","[0, 0, 0, 0, 0, 0, 0, 0, 0, 0, 0, 0, 0, 0, 0, 0, 0, 0]",controller_intent_only
19.791799068450928,0.0,"[0.0, 0.0, 0.699999988079071, 0.0]","[0, 0, 0, 0, 0, 0, 0, 0, 0, 0, 0, 0, 0, 0, 0, 0, 0, 0]",controller_intent_only
20.082637310028076,0.0,"[0.0, 0.0, 0.6899999976158142, 0.0]","[0, 0, 0, 0, 0, 0, 0, 0, 0, 0, 0, 0, 0, 0, 0, 0, 0, 0]",controller_intent_only
20.34310793876648,0.0,"[0.0, 0.0, 0.6200000047683716, 0.0]","[0, 0, 0, 0, 0, 0, 0, 0, 0, 0, 0, 0, 0, 0, 0, 0, 0, 0]",controller_intent_only
20.447681665420532,0.0,"[0.0, 0.0, 0.4300000071525574, 0.0]","[0, 0, 0, 0, 0, 0, 0, 0, 0, 0, 0, 0, 0, 0, 0, 0, 0, 0]",controller_intent_only
20.746720790863037,0.0,"[0.0, 0.0, 0.0, 0.0]","[0, 0, 0, 0, 0, 0, 0, 0, 0, 0, 0, 0, 0, 0, 0, 0, 0, 0]",controller_intent_only
25.529074668884277,0.0,"[0.0, 0.0, 0.0, 0.10000000149011612]","[0, 0, 0, 0, 0, 0, 0, 0, 0, 0, 0, 0, 0, 0, 0, 0, 0, 0]",controller_intent_only
25.76855158805847,0.0,"[0.0, 0.0, 0.0, 0.0]","[0, 0, 0, 0, 0, 0, 0, 0, 0, 0, 0, 0, 0, 0, 0, 0, 0, 0]",controller_intent_only
26.758015871047974,0.0,"[0.0, 0.0, -0.07999999821186066, 0.0]","[0, 0, 0, 0, 0, 0, 0, 0, 0, 0, 0, 0, 0, 0, 0, 0, 0, 0]",controller_intent_only
26.992331981658936,0.0,"[0.0, 0.0, 0.0, 0.0]","[0, 0, 0, 0, 0, 0, 0, 0, 0, 0, 0, 0, 0, 0, 0, 0, 0, 0]",controller_intent_only
27.46711802482605,0.0,"[0.0, 0.0, -0.3799999952316284, 0.0]","[0, 0, 0, 0, 0, 0, 0, 0, 0, 0, 0, 0, 0, 0, 0, 0, 0, 0]",controller_intent_only
27.61243772506714,0.0,"[0.0, 0.0, 0.0, 0.0]","[0, 0, 0, 0, 0, 0, 0, 0, 0, 0, 0, 0, 0, 0, 0, 0, 0, 0]",controller_intent_only
28.05667209625244,0.0,"[0.0, -0.10000000149011612, 0.0, 0.0]","[0, 0, 0, 0, 0, 0, 0, 0, 0, 0, 0, 0, 0, 0, 0, 0, 0, 0]",controller_intent_only
28.122699737548828,0.0,"[0.0, -0.3400000035762787, 0.0, 0.0]","[0, 0, 0, 0, 0, 0, 0, 0, 0, 0, 0, 0, 0, 0, 0, 0, 0, 0]",controller_intent_only
28.595825672149658,0.0,"[0.0, -0.30000001192092896, 0.0, 0.0]","[0, 0, 0, 0, 0, 0, 0, 0, 0, 0, 0, 0, 0, 0, 0, 0, 0, 0]",controller_intent_only
28.738012552261353,0.0,"[0.0, -0.27000001072883606, 0.0, 0.0]","[0, 0, 0, 0, 0, 0, 0, 0, 0, 0, 0, 0, 0, 0, 0, 0, 0, 0]",controller_intent_only
28.94276237487793,0.0,"[0.0, -0.18000000715255737, 0.0, 0.0]","[0, 0, 0, 0, 0, 0, 0, 0, 0, 0, 0, 0, 0, 0, 0, 0, 0, 0]",controller_intent_only
29.126540422439575,0.0,"[0.0, -0.11999999731779099, 0.0, 0.0]","[0, 0, 0, 0, 0, 0, 0, 0, 0, 0, 0, 0, 0, 0, 0, 0, 0, 0]",controller_intent_only
29.362923622131348,0.0,"[0.0, 0.0, 0.0, 0.0]","[0, 0, 0, 0, 0, 0, 0, 0, 0, 0, 0, 0, 0, 0, 0, 0, 0, 0]",controller_intent_only
29.548450469970703,0.0,"[0.0, 0.0, -0.1899999976158142, 0.0]","[0, 0, 0, 0, 0, 0, 0, 0, 0, 0, 0, 0, 0, 0, 0, 0, 0, 0]",controller_intent_only
29.673540353775024,0.0,"[0.0, 0.0, -0.27000001072883606, 0.0]","[0, 0, 0, 0, 0, 0, 0, 0, 0, 0, 0, 0, 0, 0, 0, 0, 0, 0]",controller_intent_only
29.832419633865356,0.0,"[0.0, 0.0, 0.0, 0.0]","[0, 0, 0, 0, 0, 0, 0, 0, 0, 0, 0, 0, 0, 0, 0, 0, 0, 0]",controller_intent_only
30.619887828826904,0.0,"[0.0, -0.09000000357627869, 0.0, 0.0]","[0, 0, 0, 0, 0, 0, 0, 0, 0, 0, 0, 0, 0, 0, 0, 0, 0, 0]",controller_intent_only
30.806511878967285,0.0,"[0.0, 0.0, 0.0, 0.0]","[0, 0, 0, 0, 0, 0, 0, 0, 0, 0, 0, 0, 0, 0, 0, 0, 0, 0]",controller_intent_only
31.21501398086548,0.0,"[0.0, -0.10999999940395355, 0.0, 0.0]","[0, 0, 0, 0, 0, 0, 0, 0, 0, 0, 0, 0, 0, 0, 0, 0, 0, 0]",controller_intent_only
31.461824893951416,0.0,"[0.0, -0.11999999731779099, 0.0, 0.0]","[0, 0, 0, 0, 0, 0, 0, 0, 0, 0, 0, 0, 0, 0, 0, 0, 0, 0]",controller_intent_only
31.698747634887695,0.0,"[0.0, -0.10999999940395355, 0.0, 0.0]","[0, 0, 0, 0, 0, 0, 0, 0, 0, 0, 0, 0, 0, 0, 0, 0, 0, 0]",controller_intent_only
31.829315423965454,0.0,"[0.0, -0.12999999523162842, 0.0, 0.0]","[0, 0, 0, 0, 0, 0, 0, 0, 0, 0, 0, 0, 0, 0, 0, 0, 0, 0]",controller_intent_only
32.72733998298645,0.0,"[0.0, -0.11999999731779099, 0.0, 0.0]","[0, 0, 0, 0, 0, 0, 0, 0, 0, 0, 0, 0, 0, 0, 0, 0, 0, 0]",controller_intent_only
33.119237184524536,0.0,"[0.0, 0.0, 0.0, 0.0]","[0, 0, 0, 0, 0, 0, 0, 0, 0, 0, 0, 0, 0, 0, 0, 0, 0, 0]",controller_intent_only
33.44285035133362,0.0,"[0.0, 0.0, 0.1599999964237213, 0.0]","[0, 0, 0, 0, 0, 0, 0, 0, 0, 0, 0, 0, 0, 0, 0, 0, 0, 0]",controller_intent_only
33.63245987892151,0.0,"[0.0, 0.0, 1.0, 0.0]","[0, 0, 0, 0, 0, 0, 0, 0, 0, 0, 0, 0, 0, 0, 0, 0, 0, 0]",controller_intent_only
33.82344055175781,0.0,"[0.0, 0.0, 0.0, 0.0]","[0, 0, 0, 0, 0, 0, 0, 0, 0, 0, 0, 0, 0, 0, 0, 0, 0, 0]",controller_intent_only
34.43441843986511,0.0,"[0.07999999821186066, 0.20000000298023224, 0.0, 0.0]","[0, 0, 0, 0, 0, 0, 0, 0, 0, 0, 0, 0, 0, 0, 0, 0, 0, 0]",controller_intent_only
34.73444843292236,0.0,"[0.0, 0.09000000357627869, 0.0, 0.0]","[0, 0, 0, 0, 0, 0, 0, 0, 0, 0, 0, 0, 0, 0, 0, 0, 0, 0]",controller_intent_only
34.86365628242493,0.0,"[0.0, 0.0, 0.0, 0.0]","[0, 0, 0, 0, 0, 0, 0, 0, 0, 0, 0, 0, 0, 0, 0, 0, 0, 0]",controller_intent_only
38.132747173309326,0.0,"[0.0, 0.0, -0.699999988079071, 0.0]","[0, 0, 0, 0, 0, 0, 0, 0, 0, 0, 0, 0, 0, 0, 0, 0, 0, 0]",controller_intent_only
38.19895052909851,0.0,"[0.0, 0.0, 0.0, 0.0]","[0, 0, 0, 0, 0, 0, 0, 0, 0, 0, 0, 0, 0, 0, 0, 0, 0, 0]",controller_intent_only
38.647289752960205,0.0,"[0.0, 0.0, -0.07000000029802322, 0.0]","[0, 0, 0, 0, 0, 0, 0, 0, 0, 0, 0, 0, 0, 0, 0, 0, 0, 0]",controller_intent_only
38.84213733673096,0.0,"[0.0, 0.0, -0.2800000011920929, 0.0]","[0, 0, 0, 0, 0, 0, 0, 0, 0, 0, 0, 0, 0, 0, 0, 0, 0, 0]",controller_intent_only
39.083391189575195,0.0,"[0.0, 0.0, 0.0, 0.0]","[0, 0, 0, 0, 0, 0, 0, 0, 0, 0, 0, 0, 0, 0, 0, 0, 0, 0]",controller_intent_only
39.15111541748047,0.0,"[0.0, 0.0, -0.5299999713897705, 0.0]","[0, 0, 0, 0, 0, 0, 0, 0, 0, 0, 0, 0, 0, 0, 0, 0, 0, 0]",controller_intent_only
39.42231845855713,0.0,"[0.0, 0.0, 0.0, 0.0]","[0, 0, 0, 0, 0, 0, 0, 0, 0, 0, 0, 0, 0, 0, 0, 0, 0, 0]",controller_intent_only
40.30334544181824,0.0,"[0.0, 0.0, -0.7099999785423279, 0.0]","[0, 0, 0, 0, 0, 0, 0, 0, 0, 0, 0, 0, 0, 0, 0, 0, 0, 0]",controller_intent_only
40.49257516860962,0.0,"[0.0, 0.0, -0.8100000023841858, 0.0]","[0, 0, 0, 0, 0, 0, 0, 0, 0, 0, 0, 0, 0, 0, 0, 0, 0, 0]",controller_intent_only
40.62317132949829,0.0,"[0.0, 0.0, -0.7599999904632568, 0.0]","[0, 0, 0, 0, 0, 0, 0, 0, 0, 0, 0, 0, 0, 0, 0, 0, 0, 0]",controller_intent_only
40.9347505569458,0.0,"[0.0, 0.0, -0.7200000286102295, 0.0]","[0, 0, 0, 0, 0, 0, 0, 0, 0, 0, 0, 0, 0, 0, 0, 0, 0, 0]",controller_intent_only
41.28958702087402,0.0,"[0.0, 0.0, -0.6399999856948853, 0.0]","[0, 0, 0, 0, 0, 0, 0, 0, 0, 0, 0, 0, 0, 0, 0, 0, 0, 0]",controller_intent_only
41.307334661483765,0.0,"[0.0, 0.0, -0.6000000238418579, 0.0]","[0, 0, 0, 0, 0, 0, 0, 0, 0, 0, 0, 0, 0, 0, 0, 0, 0, 0]",controller_intent_only
41.412153482437134,0.0,"[0.0, 0.0, -0.5899999737739563, 0.0]","[0, 0, 0, 0, 0, 0, 0, 0, 0, 0, 0, 0, 0, 0, 0, 0, 0, 0]",controller_intent_only
42.51435661315918,0.0,"[0.0, 0.0, -0.47999998927116394, 0.0]","[0, 0, 0, 0, 0, 0, 0, 0, 0, 0, 0, 0, 0, 0, 0, 0, 0, 0]",controller_intent_only
42.87649607658386,0.0,"[0.0, 0.0, 0.0, 0.0]","[0, 0, 0, 0, 0, 0, 0, 0, 0, 0, 0, 0, 0, 0, 0, 0, 0, 0]",controller_intent_only
43.151896476745605,0.0,"[0.0, 0.0, -0.550000011920929, 0.0]","[0, 0, 0, 0, 0, 0, 0, 0, 0, 0, 0, 0, 0, 0, 0, 0, 0, 0]",controller_intent_only
43.51251840591431,0.0,"[0.0, 0.0, -0.8100000023841858, 0.0]","[0, 0, 0, 0, 0, 0, 0, 0, 0, 0, 0, 0, 0, 0, 0, 0, 0, 0]",controller_intent_only
43.57682991027832,0.0,"[0.0, 0.0, -0.7699999809265137, 0.0]","[0, 0, 0, 0, 0, 0, 0, 0, 0, 0, 0, 0, 0, 0, 0, 0, 0, 0]",controller_intent_only
44.45458269119263,0.0,"[0.0, 0.0, -0.7599999904632568, 0.0]","[0, 0, 0, 0, 0, 0, 0, 0, 0, 0, 0, 0, 0, 0, 0, 0, 0, 0]",controller_intent_only
44.817782402038574,0.0,"[0.0, 0.0, 0.0, 0.0]","[0, 0, 0, 0, 0, 0, 0, 0, 0, 0, 0, 0, 0, 0, 0, 0, 0, 0]",controller_intent_only
45.31872749328613,0.0,"[0.0, 0.0, -0.7200000286102295, 0.0]","[0, 0, 0, 0, 0, 0, 0, 0, 0, 0, 0, 0, 0, 0, 0, 0, 0, 0]",controller_intent_only
45.56647849082947,0.0,"[0.0, 0.0, -1.0, 0.0]","[0, 0, 0, 0, 0, 0, 0, 0, 0, 0, 0, 0, 0, 0, 0, 0, 0, 0]",controller_intent_only
45.58678340911865,0.0,"[0.0, 0.0, -0.8700000047683716, 0.0]","[0, 0, 0, 0, 0, 0, 0, 0, 0, 0, 0, 0, 0, 0, 0, 0, 0, 0]",controller_intent_only
45.75298523902893,0.0,"[0.0, 0.0, -0.8600000143051147, 0.0]","[0, 0, 0, 0, 0, 0, 0, 0, 0, 0, 0, 0, 0, 0, 0, 0, 0, 0]",controller_intent_only
45.97670912742615,0.0,"[0.0, 0.0, -0.8500000238418579, 0.0]","[0, 0, 0, 0, 0, 0, 0, 0, 0, 0, 0, 0, 0, 0, 0, 0, 0, 0]",controller_intent_only
46.484023571014404,0.0,"[0.0, 0.0, -0.8399999737739563, 0.0]","[0, 0, 0, 0, 0, 0, 0, 0, 0, 0, 0, 0, 0, 0, 0, 0, 0, 0]",controller_intent_only
47.24767017364502,0.0,"[0.0, 0.0, -0.800000011920929, 0.0]","[0, 0, 0, 0, 0, 0, 0, 0, 0, 0, 0, 0, 0, 0, 0, 0, 0, 0]",controller_intent_only
47.44555640220642,0.0,"[0.0, 0.0, -0.4699999988079071, 0.0]","[0, 0, 0, 0, 0, 0, 0, 0, 0, 0, 0, 0, 0, 0, 0, 0, 0, 0]",controller_intent_only
47.514267921447754,0.0,"[0.0, 0.0, 0.0, 0.0]","[0, 0, 0, 0, 0, 0, 0, 0, 0, 0, 0, 0, 0, 0, 0, 0, 0, 0]",controller_intent_only
48.22821259498596,0.0,"[0.0, 0.0, 0.7900000214576721, 0.0]","[0, 0, 0, 0, 0, 0, 0, 0, 0, 0, 0, 0, 0, 0, 0, 0, 0, 0]",controller_intent_only
48.28795576095581,0.0,"[0.0, 0.0, -0.8600000143051147, 0.0]","[0, 0, 0, 0, 0, 0, 0, 0, 0, 0, 0, 0, 0, 0, 0, 0, 0, 0]",controller_intent_only
48.60474371910095,0.0,"[0.0, 0.0, -0.8799999952316284, 0.0]","[0, 0, 0, 0, 0, 0, 0, 0, 0, 0, 0, 0, 0, 0, 0, 0, 0, 0]",controller_intent_only
48.753790855407715,0.0,"[0.0, 0.0, -0.7799999713897705, 0.0]","[0, 0, 0, 0, 0, 0, 0, 0, 0, 0, 0, 0, 0, 0, 0, 0, 0, 0]",controller_intent_only
48.87944221496582,0.0,"[0.0, 0.0, -0.7599999904632568, 0.0]","[0, 0, 0, 0, 0, 0, 0, 0, 0, 0, 0, 0, 0, 0, 0, 0, 0, 0]",controller_intent_only
49.13059091567993,0.0,"[0.0, 0.0, -0.75, 0.0]","[0, 0, 0, 0, 0, 0, 0, 0, 0, 0, 0, 0, 0, 0, 0, 0, 0, 0]",controller_intent_only
49.384217739105225,0.0,"[0.0, 0.0, -0.699999988079071, 0.0]","[0, 0, 0, 0, 0, 0, 0, 0, 0, 0, 0, 0, 0, 0, 0, 0, 0, 0]",controller_intent_only
49.55018091201782,0.0,"[0.0, 0.0, -0.15000000596046448, 0.0]","[0, 0, 0, 0, 0, 0, 0, 0, 0, 0, 0, 0, 0, 0, 0, 0, 0, 0]",controller_intent_only
49.59387159347534,0.0,"[0.0, 0.0, -0.4699999988079071, 0.0]","[0, 0, 0, 0, 0, 0, 0, 0, 0, 0, 0, 0, 0, 0, 0, 0, 0, 0]",controller_intent_only
49.66659379005432,0.0,"[0.0, 0.0, 0.0, 0.0]","[0, 0, 0, 0, 0, 0, 0, 0, 0, 0, 0, 0, 0, 0, 0, 0, 0, 0]",controller_intent_only
50.837780714035034,0.0,"[0.0, 0.0, 0.07000000029802322, 0.0]","[0, 0, 0, 0, 0, 0, 0, 0, 0, 0, 0, 0, 0, 0, 0, 0, 0, 0]",controller_intent_only
50.876097440719604,0.0,"[0.0, 0.0, 0.14000000059604645, 0.0]","[0, 0, 0, 0, 0, 0, 0, 0, 0, 0, 0, 0, 0, 0, 0, 0, 0, 0]",controller_intent_only
51.163788080215454,0.0,"[0.0, 0.0, 0.12999999523162842, 0.0]","[0, 0, 0, 0, 0, 0, 0, 0, 0, 0, 0, 0, 0, 0, 0, 0, 0, 0]",controller_intent_only
51.29448652267456,0.0,"[0.0, 0.0, 0.0, 0.0]","[0, 0, 0, 0, 0, 0, 0, 0, 0, 0, 0, 0, 0, 0, 0, 0, 0, 0]",controller_intent_only
51.60281324386597,0.0,"[0.0, 0.07000000029802322, 0.0, 0.0]","[0, 0, 0, 0, 0, 0, 0, 0, 0, 0, 0, 0, 0, 0, 0, 0, 0, 0]",controller_intent_only
52.00158333778381,0.0,"[0.0, 0.0, 0.0, 0.0]","[0, 0, 0, 0, 0, 0, 0, 0, 0, 0, 0, 0, 0, 0, 0, 0, 0, 0]",controller_intent_only
52.39814805984497,0.0,"[0.0, 0.09000000357627869, 0.0, 0.0]","[0, 0, 0, 0, 0, 0, 0, 0, 0, 0, 0, 0, 0, 0, 0, 0, 0, 0]",controller_intent_only
52.752925395965576,0.0,"[0.0, 0.07999999821186066, 0.0, 0.0]","[0, 0, 0, 0, 0, 0, 0, 0, 0, 0, 0, 0, 0, 0, 0, 0, 0, 0]",controller_intent_only
53.1098849773407,0.0,"[0.0, 0.0, 0.07999999821186066, 0.0]","[0, 0, 0, 0, 0, 0, 0, 0, 0, 0, 0, 0, 0, 0, 0, 0, 0, 0]",controller_intent_only
53.1886420249939,0.0,"[0.0, 0.0, 0.23999999463558197, 0.0]","[0, 0, 0, 0, 0, 0, 0, 0, 0, 0, 0, 0, 0, 0, 0, 0, 0, 0]",controller_intent_only
53.38544511795044,0.0,"[0.0, 0.0, 0.3499999940395355, 0.0]","[0, 0, 0, 0, 0, 0, 0, 0, 0, 0, 0, 0, 0, 0, 0, 0, 0, 0]",controller_intent_only
53.561917304992676,0.0,"[0.0, 0.0, 0.3700000047683716, 0.0]","[0, 0, 0, 0, 0, 0, 0, 0, 0, 0, 0, 0, 0, 0, 0, 0, 0, 0]",controller_intent_only
54.00886535644531,0.0,"[0.0, 0.10000000149011612, 0.18000000715255737, 0.0]","[0, 0, 0, 0, 0, 0, 0, 0, 0, 0, 0, 0, 0, 0, 0, 0, 0, 0]",controller_intent_only
54.009000062942505,0.0,"[0.0, 0.18000000715255737, 0.0, 0.0]","[0, 0, 0, 0, 0, 0, 0, 0, 0, 0, 0, 0, 0, 0, 0, 0, 0, 0]",controller_intent_only
54.101247787475586,0.0,"[0.0, 0.17000000178813934, 0.0, 0.0]","[0, 0, 0, 0, 0, 0, 0, 0, 0, 0, 0, 0, 0, 0, 0, 0, 0, 0]",controller_intent_only
54.342628717422485,0.0,"[0.0, 0.1599999964237213, 0.0, 0.0]","[0, 0, 0, 0, 0, 0, 0, 0, 0, 0, 0, 0, 0, 0, 0, 0, 0, 0]",controller_intent_only
54.616719007492065,0.0,"[0.0, 0.17000000178813934, 0.0, 0.0]","[0, 0, 0, 0, 0, 0, 0, 0, 0, 0, 0, 0, 0, 0, 0, 0, 0, 0]",controller_intent_only
55.07640862464905,0.0,"[0.0, 0.1599999964237213, 0.0, 0.0]","[0, 0, 0, 0, 0, 0, 0, 0, 0, 0, 0, 0, 0, 0, 0, 0, 0, 0]",controller_intent_only
55.097132444381714,0.0,"[0.0, 0.17000000178813934, 0.0, 0.0]","[0, 0, 0, 0, 0, 0, 0, 0, 0, 0, 0, 0, 0, 0, 0, 0, 0, 0]",controller_intent_only
55.38702750205994,0.0,"[0.0, 0.17000000178813934, 0.11999999731779099, 0.0]","[0, 0, 0, 0, 0, 0, 0, 0, 0, 0, 0, 0, 0, 0, 0, 0, 0, 0]",controller_intent_only
55.55912494659424,0.0,"[0.0, 0.17000000178813934, 0.5, 0.0]","[0, 0, 0, 0, 0, 0, 0, 0, 0, 0, 0, 0, 0, 0, 0, 0, 0, 0]",controller_intent_only
55.81520676612854,0.0,"[0.0, 0.17000000178813934, 0.0, 0.0]","[0, 0, 0, 0, 0, 0, 0, 0, 0, 0, 0, 0, 0, 0, 0, 0, 0, 0]",controller_intent_only
56.42975926399231,0.0,"[0.0, 0.1599999964237213, 0.0, 0.0]","[0, 0, 0, 0, 0, 0, 0, 0, 0, 0, 0, 0, 0, 0, 0, 0, 0, 0]",controller_intent_only
56.58473086357117,0.0,"[0.0, 0.15000000596046448, 0.0, 0.0]","[0, 0, 0, 0, 0, 0, 0, 0, 0, 0, 0, 0, 0, 0, 0, 0, 0, 0]",controller_intent_only
56.79087495803833,0.0,"[0.0, 0.1599999964237213, 0.3199999928474426, 0.0]","[0, 0, 0, 0, 0, 0, 0, 0, 0, 0, 0, 0, 0, 0, 0, 0, 0, 0]",controller_intent_only
56.880308866500854,0.0,"[0.0, 0.15000000596046448, 0.0, 0.0]","[0, 0, 0, 0, 0, 0, 0, 0, 0, 0, 0, 0, 0, 0, 0, 0, 0, 0]",controller_intent_only
57.14765238761902,0.0,"[0.0, 0.14000000059604645, 0.25999999046325684, 0.0]","[0, 0, 0, 0, 0, 0, 0, 0, 0, 0, 0, 0, 0, 0, 0, 0, 0, 0]",controller_intent_only
57.382099866867065,0.0,"[0.0, 0.10999999940395355, 1.0, -0.1899999976158142]","[0, 0, 0, 0, 0, 0, 0, 0, 0, 0, 0, 0, 0, 0, 0, 0, 0, 0]",controller_intent_only
57.76300239562988,0.0,"[0.0, 0.07999999821186066, 0.8500000238418579, -0.1599999964237213]","[0, 0, 0, 0, 0, 0, 0, 0, 0, 0, 0, 0, 0, 0, 0, 0, 0, 0]",controller_intent_only
57.794718980789185,0.0,"[0.0, 0.0, 0.0, 0.0]","[0, 0, 0, 0, 0, 0, 0, 0, 0, 0, 0, 0, 0, 0, 0, 0, 0, 0]",controller_intent_only
58.25434684753418,0.0,"[0.0, 0.0, 0.3799999952316284, 0.0]","[0, 0, 0, 0, 0, 0, 0, 0, 0, 0, 0, 0, 0, 0, 0, 0, 0, 0]",controller_intent_only
58.47853708267212,0.0,"[0.0, 0.0, 0.9599999785423279, -0.12999999523162842]","[0, 0, 0, 0, 0, 0, 0, 0, 0, 0, 0, 0, 0, 0, 0, 0, 0, 0]",controller_intent_only
58.755977392196655,0.0,"[0.0, 0.0, 0.0, 0.0]","[0, 0, 0, 0, 0, 0, 0, 0, 0, 0, 0, 0, 0, 0, 0, 0, 0, 0]",controller_intent_only
59.19683527946472,0.0,"[0.0, 0.23000000417232513, 0.0, 0.0]","[0, 0, 0, 0, 0, 0, 0, 0, 0, 0, 0, 0, 0, 0, 0, 0, 0, 0]",controller_intent_only
59.42613387107849,0.0,"[0.0, 0.20999999344348907, 0.0, 0.0]","[0, 0, 0, 0, 0, 0, 0, 0, 0, 0, 0, 0, 0, 0, 0, 0, 0, 0]",controller_intent_only
59.936726808547974,0.0,"[0.0, 0.1899999976158142, 0.0, 0.0]","[0, 0, 0, 0, 0, 0, 0, 0, 0, 0, 0, 0, 0, 0, 0, 0, 0, 0]",controller_intent_only
60.316073417663574,0.0,"[0.0, 0.15000000596046448, 0.0, 0.0]","[0, 0, 0, 0, 0, 0, 0, 0, 0, 0, 0, 0, 0, 0, 0, 0, 0, 0]",controller_intent_only
60.33605742454529,0.0,"[0.0, 0.10000000149011612, 0.0, 0.0]","[0, 0, 0, 0, 0, 0, 0, 0, 0, 0, 0, 0, 0, 0, 0, 0, 0, 0]",controller_intent_only
60.619274854660034,0.0,"[0.0, 0.09000000357627869, 0.0, 0.0]","[0, 0, 0, 0, 0, 0, 0, 0, 0, 0, 0, 0, 0, 0, 0, 0, 0, 0]",controller_intent_only
61.065998792648315,0.0,"[0.0, 0.07999999821186066, 0.0, 0.0]","[0, 0, 0, 0, 0, 0, 0, 0, 0, 0, 0, 0, 0, 0, 0, 0, 0, 0]",controller_intent_only
61.270490884780884,0.0,"[0.0, 0.0, 0.0, 0.0]","[0, 0, 0, 0, 0, 0, 0, 0, 0, 0, 0, 0, 0, 0, 0, 0, 0, 0]",controller_intent_only
61.75872540473938,0.0,"[0.0, 0.07000000029802322, 0.0, 0.0]","[0, 0, 0, 0, 0, 0, 0, 0, 0, 0, 0, 0, 0, 0, 0, 0, 0, 0]",controller_intent_only
62.170809268951416,0.0,"[0.0, 0.07000000029802322, 0.10000000149011612, 0.0]","[0, 0, 0, 0, 0, 0, 0, 0, 0, 0, 0, 0, 0, 0, 0, 0, 0, 0]",controller_intent_only
62.36006021499634,0.0,"[0.0, 0.07999999821186066, 0.07999999821186066, 0.0]","[0, 0, 0, 0, 0, 0, 0, 0, 0, 0, 0, 0, 0, 0, 0, 0, 0, 0]",controller_intent_only
62.57469081878662,0.0,"[0.0, 0.09000000357627869, 0.11999999731779099, 0.0]","[0, 0, 0, 0, 0, 0, 0, 0, 0, 0, 0, 0, 0, 0, 0, 0, 0, 0]",controller_intent_only
62.75420641899109,0.0,"[0.0, 0.09000000357627869, 0.4300000071525574, 0.07000000029802322]","[0, 0, 0, 0, 0, 0, 0, 0, 0, 0, 0, 0, 0, 0, 0, 0, 0, 0]",controller_intent_only
63.02608346939087,0.0,"[0.0, 0.09000000357627869, 0.0, 0.0]","[0, 0, 0, 0, 0, 0, 0, 0, 0, 0, 0, 0, 0, 0, 0, 0, 0, 0]",controller_intent_only
63.36792802810669,0.0,"[0.0, 0.10000000149011612, 0.0, 0.0]","[0, 0, 0, 0, 0, 0, 0, 0, 0, 0, 0, 0, 0, 0, 0, 0, 0, 0]",controller_intent_only
63.51741695404053,0.0,"[0.0, 0.10000000149011612, -0.07000000029802322, 0.0]","[0, 0, 0, 0, 0, 0, 0, 0, 0, 0, 0, 0, 0, 0, 0, 0, 0, 0]",controller_intent_only
63.87632369995117,0.0,"[0.0, 0.10000000149011612, 0.0, 0.0]","[0, 0, 0, 0, 0, 0, 0, 0, 0, 0, 0, 0, 0, 0, 0, 0, 0, 0]",controller_intent_only
64.17427945137024,0.0,"[0.0, 0.10999999940395355, 0.0, 0.0]","[0, 0, 0, 0, 0, 0, 0, 0, 0, 0, 0, 0, 0, 0, 0, 0, 0, 0]",controller_intent_only
64.54332447052002,0.0,"[0.0, 0.10999999940395355, -0.11999999731779099, 0.0]","[0, 0, 0, 0, 0, 0, 0, 0, 0, 0, 0, 0, 0, 0, 0, 0, 0, 0]",controller_intent_only
65.32889556884766,0.0,"[0.0, 0.10999999940395355, -0.12999999523162842, 0.0]","[0, 0, 0, 0, 0, 0, 0, 0, 0, 0, 0, 0, 0, 0, 0, 0, 0, 0]",controller_intent_only
65.51789808273315,0.0,"[0.0, 0.10999999940395355, -0.4099999964237213, 0.07999999821186066]","[0, 0, 0, 0, 0, 0, 0, 0, 0, 0, 0, 0, 0, 0, 0, 0, 0, 0]",controller_intent_only
65.57396960258484,0.0,"[0.0, 0.10999999940395355, 0.0, 0.0]","[0, 0, 0, 0, 0, 0, 0, 0, 0, 0, 0, 0, 0, 0, 0, 0, 0, 0]",controller_intent_only
66.93507838249207,0.0,"[0.0, 0.11999999731779099, 0.0, 0.0]","[0, 0, 0, 0, 0, 0, 0, 0, 0, 0, 0, 0, 0, 0, 0, 0, 0, 0]",controller_intent_only
67.75907564163208,0.0,"[0.0, 0.10999999940395355, 0.0, 0.0]","[0, 0, 0, 0, 0, 0, 0, 0, 0, 0, 0, 0, 0, 0, 0, 0, 0, 0]",controller_intent_only
68.07450652122498,0.0,"[0.0, 0.10000000149011612, 0.0, 0.0]","[0, 0, 0, 0, 0, 0, 0, 0, 0, 0, 0, 0, 0, 0, 0, 0, 0, 0]",controller_intent_only
68.51927709579468,0.0,"[0.0, 0.0, 0.0, 0.0]","[0, 0, 0, 0, 0, 0, 0, 0, 0, 0, 0, 0, 0, 0, 0, 0, 0, 0]",controller_intent_only
69.51967906951904,0.0,"[0.0, 0.0, 0.49000000953674316, -0.07999999821186066]","[0, 0, 0, 0, 0, 0, 0, 0, 0, 0, 0, 0, 0, 0, 0, 0, 0, 0]",controller_intent_only
69.6131181716919,0.0,"[0.0, 0.0, 1.0, -0.3100000023841858]","[0, 0, 0, 0, 0, 0, 0, 0, 0, 0, 0, 0, 0, 0, 0, 0, 0, 0]",controller_intent_only
69.76649379730225,0.0,"[0.0, 0.0, 1.0, -0.30000001192092896]","[0, 0, 0, 0, 0, 0, 0, 0, 0, 0, 0, 0, 0, 0, 0, 0, 0, 0]",controller_intent_only
69.80539321899414,0.0,"[0.0, 0.0, 1.0, -0.27000001072883606]","[0, 0, 0, 0, 0, 0, 0, 0, 0, 0, 0, 0, 0, 0, 0, 0, 0, 0]",controller_intent_only
69.82001090049744,0.0,"[0.0, 0.0, 1.0, -0.2199999988079071]","[0, 0, 0, 0, 0, 0, 0, 0, 0, 0, 0, 0, 0, 0, 0, 0, 0, 0]",controller_intent_only
69.87104058265686,0.0,"[0.0, 0.0, 0.7599999904632568, -0.07000000029802322]","[0, 0, 0, 0, 0, 0, 0, 0, 0, 0, 0, 0, 0, 0, 0, 0, 0, 0]",controller_intent_only
70.09934854507446,0.0,"[0.0, 0.0, 0.0, 0.0]","[0, 0, 0, 0, 0, 0, 0, 0, 0, 0, 0, 0, 0, 0, 0, 0, 0, 0]",controller_intent_only
70.40804123878479,0.0,"[0.0, 0.0, 0.2199999988079071, 0.0]","[0, 0, 0, 0, 0, 0, 0, 0, 0, 0, 0, 0, 0, 0, 0, 0, 0, 0]",controller_intent_only
70.44491982460022,0.0,"[0.0, 0.0, 0.4000000059604645, 0.0]","[0, 0, 0, 0, 0, 0, 0, 0, 0, 0, 0, 0, 0, 0, 0, 0, 0, 0]",controller_intent_only
70.44603514671326,0.0,"[0.0, 0.0, 0.0, 0.0]","[0, 0, 0, 0, 0, 0, 0, 0, 0, 0, 0, 0, 0, 0, 0, 0, 0, 0]",controller_intent_only
84.28013157844543,0.0,"[0.0, 0.0, 0.14000000059604645, 0.0]","[0, 0, 0, 0, 0, 0, 0, 0, 0, 0, 0, 0, 0, 0, 0, 0, 0, 0]",controller_intent_only
84.28146481513977,0.0,"[0.0, 0.0, 0.0, 0.0]","[0, 0, 0, 0, 0, 0, 0, 0, 0, 0, 0, 0, 0, 0, 0, 0, 0, 0]",controller_intent_only
84.67180252075195,0.0,"[0.0, 0.0, 1.0, 0.0]","[0, 0, 0, 0, 0, 0, 0, 0, 0, 0, 0, 0, 0, 0, 0, 0, 0, 0]",controller_intent_only
84.86865735054016,0.0,"[0.0, 0.0, 0.0, 0.0]","[0, 0, 0, 0, 0, 0, 0, 0, 0, 0, 0, 0, 0, 0, 0, 0, 0, 0]",controller_intent_only
85.3819682598114,0.0,"[0.0, 0.0, -0.4000000059604645, 0.07000000029802322]","[0, 0, 0, 0, 0, 0, 0, 0, 0, 0, 0, 0, 0, 0, 0, 0, 0, 0]",controller_intent_only
85.56327772140503,0.0,"[0.0, 0.0, 0.0, 0.0]","[0, 0, 0, 0, 0, 0, 0, 0, 0, 0, 0, 0, 0, 0, 0, 0, 0, 0]",controller_intent_only
86.17741012573242,0.0,"[0.0, 0.0, -0.15000000596046448, 0.0]","[0, 0, 0, 0, 0, 0, 0, 0, 0, 0, 0, 0, 0, 0, 0, 0, 0, 0]",controller_intent_only
86.36327338218689,0.0,"[0.0, 0.0, -0.11999999731779099, 0.0]","[0, 0, 0, 0, 0, 0, 0, 0, 0, 0, 0, 0, 0, 0, 0, 0, 0, 0]",controller_intent_only
86.56728482246399,0.0,"[0.0, 0.0, 0.0, 0.0]","[0, 0, 0, 0, 0, 0, 0, 0, 0, 0, 0, 0, 0, 0, 0, 0, 0, 0]",controller_intent_only
86.97603225708008,0.0,"[0.0, 0.15000000596046448, 0.0, 0.0]","[0, 0, 0, 0, 0, 0, 0, 0, 0, 0, 0, 0, 0, 0, 0, 0, 0, 0]",controller_intent_only
87.43185901641846,0.0,"[0.0, 0.12999999523162842, 0.0, 0.0]","[0, 0, 0, 0, 0, 0, 0, 0, 0, 0, 0, 0, 0, 0, 0, 0, 0, 0]",controller_intent_only
87.57442021369934,0.0,"[0.0, 0.07999999821186066, 0.0, 0.0]","[0, 0, 0, 0, 0, 0, 0, 0, 0, 0, 0, 0, 0, 0, 0, 0, 0, 0]",controller_intent_only
87.67767024040222,0.0,"[0.0, 0.0, 0.0, 0.0]","[0, 0, 0, 0, 0, 0, 0, 0, 0, 0, 0, 0, 0, 0, 0, 0, 0, 0]",controller_intent_only
89.37613224983215,0.0,"[0.0, 0.0, 0.0, 0.0]","[0, 0, 0, 0, 0, 0, 0, 0, 1, 0, 0, 0, 0, 0, 0, 0, 0, 0]",controller_intent_only
91.67963123321533,0.0,"[0.0, 0.0, 0.0, 0.0]","[0, 0, 0, 0, 0, 0, 0, 0, 0, 0, 0, 0, 0, 0, 0, 0, 0, 0]",controller_intent_only
96.01506018638611,0.0,"[0.0, 0.09000000357627869, 0.0, 0.0]","[0, 0, 0, 0, 0, 0, 0, 0, 0, 0, 0, 0, 0, 0, 0, 0, 0, 0]",controller_intent_only
96.19889450073242,0.0,"[0.0, 0.10000000149011612, 0.0, 0.0]","[0, 0, 0, 0, 0, 0, 0, 0, 0, 0, 0, 0, 0, 0, 0, 0, 0, 0]",controller_intent_only
96.39965462684631,0.0,"[0.0, 0.25, 0.0, 0.0]","[0, 0, 0, 0, 0, 0, 0, 0, 0, 0, 0, 0, 0, 0, 0, 0, 0, 0]",controller_intent_only
96.59046387672424,0.0,"[0.0, 0.25999999046325684, 0.0, 0.0]","[0, 0, 0, 0, 0, 0, 0, 0, 0, 0, 0, 0, 0, 0, 0, 0, 0, 0]",controller_intent_only
96.79583477973938,0.0,"[0.0, 0.23000000417232513, 0.0, 0.0]","[0, 0, 0, 0, 0, 0, 0, 0, 0, 0, 0, 0, 0, 0, 0, 0, 0, 0]",controller_intent_only
96.98481345176697,0.0,"[0.0, 0.0, 0.0, 0.0]","[0, 0, 0, 0, 0, 0, 0, 0, 0, 0, 0, 0, 0, 0, 0, 0, 0, 0]",controller_intent_only
97.49105501174927,0.0,"[0.0, 0.20000000298023224, 0.0, 0.0]","[0, 0, 0, 0, 0, 0, 0, 0, 0, 0, 0, 0, 0, 0, 0, 0, 0, 0]",controller_intent_only
97.71905088424683,0.0,"[0.0, 0.07000000029802322, 0.0, 0.0]","[0, 0, 0, 0, 0, 0, 0, 0, 0, 0, 0, 0, 0, 0, 0, 0, 0, 0]",controller_intent_only
97.93861556053162,0.0,"[0.0, 0.0, 0.0, 0.0]","[0, 0, 0, 0, 0, 0, 0, 0, 0, 0, 0, 0, 0, 0, 0, 0, 0, 0]",controller_intent_only
98.91800475120544,0.0,"[0.0, 0.0, -0.09000000357627869, 0.0]","[0, 0, 0, 0, 0, 0, 0, 0, 0, 0, 0, 0, 0, 0, 0, 0, 0, 0]",controller_intent_only
99.1028618812561,0.0,"[0.0, 0.0, 0.0, 0.0]","[0, 0, 0, 0, 0, 0, 0, 0, 0, 0, 0, 0, 0, 0, 0, 0, 0, 0]",controller_intent_only
99.36741232872009,0.0,"[0.0, 0.0, -0.10000000149011612, 0.0]","[0, 0, 0, 0, 0, 0, 0, 0, 0, 0, 0, 0, 0, 0, 0, 0, 0, 0]",controller_intent_only
99.39813923835754,0.0,"[0.0, 0.0, -0.5600000023841858, 0.25]","[0, 0, 0, 0, 0, 0, 0, 0, 0, 0, 0, 0, 0, 0, 0, 0, 0, 0]",controller_intent_only
99.57891845703125,0.0,"[0.0, 0.0, 0.0, 0.0]","[0, 0, 0, 0, 0, 0, 0, 0, 0, 0, 0, 0, 0, 0, 0, 0, 0, 0]",controller_intent_only
101.16706728935242,0.0,"[0.0, 0.0, 0.10999999940395355, 0.0]","[0, 0, 0, 0, 0, 0, 0, 0, 0, 0, 0, 0, 0, 0, 0, 0, 0, 0]",controller_intent_only
101.31727957725525,0.0,"[0.0, 0.20999999344348907, 0.0, 0.0]","[0, 0, 0, 0, 0, 0, 0, 0, 0, 0, 0, 0, 0, 0, 0, 0, 0, 0]",controller_intent_only
101.50623416900635,0.0,"[0.0, 0.18000000715255737, 0.0, 0.0]","[0, 0, 0, 0, 0, 0, 0, 0, 0, 0, 0, 0, 0, 0, 0, 0, 0, 0]",controller_intent_only
101.82838654518127,0.0,"[0.0, 0.14000000059604645, 0.0, 0.0]","[0, 0, 0, 0, 0, 0, 0, 0, 0, 0, 0, 0, 0, 0, 0, 0, 0, 0]",controller_intent_only
102.15042662620544,0.0,"[0.0, 0.09000000357627869, 0.0, 0.0]","[0, 0, 0, 0, 0, 0, 0, 0, 0, 0, 0, 0, 0, 0, 0, 0, 0, 0]",controller_intent_only
102.30268383026123,0.0,"[0.0, 0.07000000029802322, 0.0, 0.0]","[0, 0, 0, 0, 0, 0, 0, 0, 0, 0, 0, 0, 0, 0, 0, 0, 0, 0]",controller_intent_only
102.69016814231873,0.0,"[0.0, 0.07999999821186066, 0.0, 0.0]","[0, 0, 0, 0, 0, 0, 0, 0, 0, 0, 0, 0, 0, 0, 0, 0, 0, 0]",controller_intent_only
103.20494961738586,0.0,"[0.0, 0.25, 0.0, 0.0]","[0, 0, 0, 0, 0, 0, 0, 0, 0, 0, 0, 0, 0, 0, 0, 0, 0, 0]",controller_intent_only
104.0993914604187,0.0,"[0.0, 0.23000000417232513, 0.0, 0.0]","[0, 0, 0, 0, 0, 0, 0, 0, 0, 0, 0, 0, 0, 0, 0, 0, 0, 0]",controller_intent_only
104.30226278305054,0.0,"[0.0, 0.18000000715255737, 0.0, 0.0]","[0, 0, 0, 0, 0, 0, 0, 0, 0, 0, 0, 0, 0, 0, 0, 0, 0, 0]",controller_intent_only
104.52063274383545,0.0,"[0.0, 0.14000000059604645, 0.0, 0.0]","[0, 0, 0, 0, 0, 0, 0, 0, 0, 0, 0, 0, 0, 0, 0, 0, 0, 0]",controller_intent_only
104.72322726249695,0.0,"[0.0, 0.20999999344348907, 0.0, 0.0]","[0, 0, 0, 0, 0, 0, 0, 0, 0, 0, 0, 0, 0, 0, 0, 0, 0, 0]",controller_intent_only
105.13303089141846,0.0,"[0.0, 0.3100000023841858, 0.0, 0.0]","[0, 0, 0, 0, 0, 0, 0, 0, 0, 0, 0, 0, 0, 0, 0, 0, 0, 0]",controller_intent_only
105.20691251754761,0.0,"[0.0, 0.38999998569488525, 0.0, 0.0]","[0, 0, 0, 0, 0, 0, 0, 0, 0, 0, 0, 0, 0, 0, 0, 0, 0, 0]",controller_intent_only
105.42309665679932,0.0,"[0.0, 0.4000000059604645, 0.0, 0.0]","[0, 0, 0, 0, 0, 0, 0, 0, 0, 0, 0, 0, 0, 0, 0, 0, 0, 0]",controller_intent_only
105.60607051849365,0.0,"[0.0, 0.38999998569488525, 0.0, 0.0]","[0, 0, 0, 0, 0, 0, 0, 0, 0, 0, 0, 0, 0, 0, 0, 0, 0, 0]",controller_intent_only
105.9286539554596,0.0,"[0.0, 0.4000000059604645, 0.0, 0.0]","[0, 0, 0, 0, 0, 0, 0, 0, 0, 0, 0, 0, 0, 0, 0, 0, 0, 0]",controller_intent_only
106.12436079978943,0.0,"[0.0, 0.3700000047683716, 0.0, 0.0]","[0, 0, 0, 0, 0, 0, 0, 0, 0, 0, 0, 0, 0, 0, 0, 0, 0, 0]",controller_intent_only
106.32015895843506,0.0,"[0.0, 0.3499999940395355, 0.0, 0.0]","[0, 0, 0, 0, 0, 0, 0, 0, 0, 0, 0, 0, 0, 0, 0, 0, 0, 0]",controller_intent_only
106.64742469787598,0.0,"[0.0, 0.3400000035762787, 0.0, 0.0]","[0, 0, 0, 0, 0, 0, 0, 0, 0, 0, 0, 0, 0, 0, 0, 0, 0, 0]",controller_intent_only
106.85064911842346,0.0,"[0.0, 0.33000001311302185, 0.0, 0.0]","[0, 0, 0, 0, 0, 0, 0, 0, 0, 0, 0, 0, 0, 0, 0, 0, 0, 0]",controller_intent_only
107.20627784729004,0.0,"[0.0, 0.3199999928474426, 0.0, 0.0]","[0, 0, 0, 0, 0, 0, 0, 0, 0, 0, 0, 0, 0, 0, 0, 0, 0, 0]",controller_intent_only
107.44306015968323,0.0,"[0.0, 0.2800000011920929, 0.0, 0.0]","[0, 0, 0, 0, 0, 0, 0, 0, 0, 0, 0, 0, 0, 0, 0, 0, 0, 0]",controller_intent_only
107.52132034301758,0.0,"[0.0, 0.27000001072883606, 0.0, 0.0]","[0, 0, 0, 0, 0, 0, 0, 0, 0, 0, 0, 0, 0, 0, 0, 0, 0, 0]",controller_intent_only
108.13065004348755,0.0,"[0.0, 0.23999999463558197, 0.0, 0.0]","[0, 0, 0, 0, 0, 0, 0, 0, 0, 0, 0, 0, 0, 0, 0, 0, 0, 0]",controller_intent_only
108.32744216918945,0.0,"[0.0, 0.20999999344348907, 0.0, 0.0]","[0, 0, 0, 0, 0, 0, 0, 0, 0, 0, 0, 0, 0, 0, 0, 0, 0, 0]",controller_intent_only
108.63150453567505,0.0,"[0.0, 0.1899999976158142, 0.0, 0.0]","[0, 0, 0, 0, 0, 0, 0, 0, 0, 0, 0, 0, 0, 0, 0, 0, 0, 0]",controller_intent_only
108.81655192375183,0.0,"[0.0, 0.09000000357627869, 0.0, 0.0]","[0, 0, 0, 0, 0, 0, 0, 0, 0, 0, 0, 0, 0, 0, 0, 0, 0, 0]",controller_intent_only
108.91079783439636,0.0,"[0.0, 0.0, 0.0, 0.0]","[0, 0, 0, 0, 0, 0, 0, 0, 0, 0, 0, 0, 0, 0, 0, 0, 0, 0]",controller_intent_only
109.70633316040039,0.0,"[0.0, 0.0, 0.6800000071525574, -0.07999999821186066]","[0, 0, 0, 0, 0, 0, 0, 0, 0, 0, 0, 0, 0, 0, 0, 0, 0, 0]",controller_intent_only
109.8137879371643,0.0,"[0.0, 0.0, 0.18000000715255737, 0.0]","[0, 0, 0, 0, 0, 0, 0, 0, 0, 0, 0, 0, 0, 0, 0, 0, 0, 0]",controller_intent_only
110.03642916679382,0.0,"[0.0, 0.0, 0.0, 0.0]","[0, 0, 0, 0, 0, 0, 0, 0, 0, 0, 0, 0, 0, 0, 0, 0, 0, 0]",controller_intent_only
110.66097211837769,0.0,"[0.0, 0.0, 0.4000000059604645, 0.0]","[0, 0, 0, 0, 0, 0, 0, 0, 0, 0, 0, 0, 0, 0, 0, 0, 0, 0]",controller_intent_only
110.82842206954956,0.0,"[0.0, 0.0, 0.0, 0.0]","[0, 0, 0, 0, 0, 0, 0, 0, 0, 0, 0, 0, 0, 0, 0, 0, 0, 0]",controller_intent_only
111.12892889976501,0.0,"[0.0, 0.0, 0.6399999856948853, 0.0]","[0, 0, 0, 0, 0, 0, 0, 0, 0, 0, 0, 0, 0, 0, 0, 0, 0, 0]",controller_intent_only
111.34238624572754,0.0,"[0.0, 0.0, 0.9800000190734863, 0.23999999463558197]","[0, 0, 0, 0, 0, 0, 0, 0, 0, 0, 0, 0, 0, 0, 0, 0, 0, 0]",controller_intent_only
111.52261519432068,0.0,"[0.0, 0.20999999344348907, 0.0, 0.0]","[0, 0, 0, 0, 0, 0, 0, 0, 0, 0, 0, 0, 0, 0, 0, 0, 0, 0]",controller_intent_only
111.71315360069275,0.0,"[0.0, 0.20000000298023224, 0.0, 0.0]","[0, 0, 0, 0, 0, 0, 0, 0, 0, 0, 0, 0, 0, 0, 0, 0, 0, 0]",controller_intent_only
111.93058252334595,0.0,"[0.0, 0.20999999344348907, -0.11999999731779099, 0.0]","[0, 0, 0, 0, 0, 0, 0, 0, 0, 0, 0, 0, 0, 0, 0, 0, 0, 0]",controller_intent_only
112.13405680656433,0.0,"[0.0, 0.20000000298023224, -0.9700000286102295, 0.23000000417232513]","[0, 0, 0, 0, 0, 0, 0, 0, 0, 0, 0, 0, 0, 0, 0, 0, 0, 0]",controller_intent_only
112.27616262435913,0.0,"[0.0, 0.14000000059604645, 0.0, 0.0]","[0, 0, 0, 0, 0, 0, 0, 0, 0, 0, 0, 0, 0, 0, 0, 0, 0, 0]",controller_intent_only
112.49464511871338,0.0,"[0.0, 0.15000000596046448, 0.0, 0.0]","[0, 0, 0, 0, 0, 0, 0, 0, 0, 0, 0, 0, 0, 0, 0, 0, 0, 0]",controller_intent_only
112.70026969909668,0.0,"[0.0, 0.1599999964237213, 0.0, 0.0]","[0, 0, 0, 0, 0, 0, 0, 0, 0, 0, 0, 0, 0, 0, 0, 0, 0, 0]",controller_intent_only
112.82737684249878,0.0,"[0.0, 0.15000000596046448, 0.0, 0.0]","[0, 0, 0, 0, 0, 0, 0, 0, 0, 0, 0, 0, 0, 0, 0, 0, 0, 0]",controller_intent_only
113.03354740142822,0.0,"[0.0, 0.1599999964237213, -0.949999988079071, 0.3100000023841858]","[0, 0, 0, 0, 0, 0, 0, 0, 0, 0, 0, 0, 0, 0, 0, 0, 0, 0]",controller_intent_only
113.23565101623535,0.0,"[0.0, 0.10000000149011612, 0.0, 0.0]","[0, 0, 0, 0, 0, 0, 0, 0, 0, 0, 0, 0, 0, 0, 0, 0, 0, 0]",controller_intent_only
113.506028175354,0.0,"[0.0, 0.0, 0.0, 0.0]","[0, 0, 0, 0, 0, 0, 0, 0, 0, 0, 0, 0, 0, 0, 0, 0, 0, 0]",controller_intent_only
113.62097954750061,0.0,"[0.0, 0.07000000029802322, 0.0, 0.0]","[0, 0, 0, 0, 0, 0, 0, 0, 0, 0, 0, 0, 0, 0, 0, 0, 0, 0]",controller_intent_only
113.83278274536133,0.0,"[0.0, 0.4099999964237213, 0.0, 0.0]","[0, 0, 0, 0, 0, 0, 0, 0, 0, 0, 0, 0, 0, 0, 0, 0, 0, 0]",controller_intent_only
114.01120352745056,0.0,"[0.0, 0.38999998569488525, 0.0, 0.0]","[0, 0, 0, 0, 0, 0, 0, 0, 0, 0, 0, 0, 0, 0, 0, 0, 0, 0]",controller_intent_only
114.41188216209412,0.0,"[0.0, 0.3799999952316284, 0.0, 0.0]","[0, 0, 0, 0, 0, 0, 0, 0, 0, 0, 0, 0, 0, 0, 0, 0, 0, 0]",controller_intent_only
114.52143549919128,0.0,"[0.0, 0.3700000047683716, 0.0, 0.0]","[0, 0, 0, 0, 0, 0, 0, 0, 0, 0, 0, 0, 0, 0, 0, 0, 0, 0]",controller_intent_only
114.72595071792603,0.0,"[0.0, 0.36000001430511475, 0.0, 0.0]","[0, 0, 0, 0, 0, 0, 0, 0, 0, 0, 0, 0, 0, 0, 0, 0, 0, 0]",controller_intent_only
114.917160987854,0.0,"[0.0, 0.3499999940395355, 0.0, 0.0]","[0, 0, 0, 0, 0, 0, 0, 0, 0, 0, 0, 0, 0, 0, 0, 0, 0, 0]",controller_intent_only
115.17946410179138,0.0,"[0.0, 0.3700000047683716, 0.0, 0.0]","[0, 0, 0, 0, 0, 0, 0, 0, 0, 0, 0, 0, 0, 0, 0, 0, 0, 0]",controller_intent_only
115.64358139038086,0.0,"[0.0, 0.3199999928474426, 0.0, 0.0]","[0, 0, 0, 0, 0, 0, 0, 0, 0, 0, 0, 0, 0, 0, 0, 0, 0, 0]",controller_intent_only
115.92557644844055,0.0,"[0.0, 0.3700000047683716, 0.0, 0.0]","[0, 0, 0, 0, 0, 0, 0, 0, 0, 0, 0, 0, 0, 0, 0, 0, 0, 0]",controller_intent_only
116.03214645385742,0.0,"[0.0, 0.3400000035762787, 0.0, 0.0]","[0, 0, 0, 0, 0, 0, 0, 0, 0, 0, 0, 0, 0, 0, 0, 0, 0, 0]",controller_intent_only
116.0332863330841,0.0,"[0.0, 0.27000001072883606, 0.0, 0.0]","[0, 0, 0, 0, 0, 0, 0, 0, 0, 0, 0, 0, 0, 0, 0, 0, 0, 0]",controller_intent_only
116.29358339309692,0.0,"[0.0, 0.2199999988079071, 0.0, 0.0]","[0, 0, 0, 0, 0, 0, 0, 0, 0, 0, 0, 0, 0, 0, 0, 0, 0, 0]",controller_intent_only
116.45812368392944,0.0,"[0.0, 0.20999999344348907, 0.0, 0.0]","[0, 0, 0, 0, 0, 0, 0, 0, 0, 0, 0, 0, 0, 0, 0, 0, 0, 0]",controller_intent_only
116.61875891685486,0.0,"[0.0, 0.20000000298023224, 0.0, 0.0]","[0, 0, 0, 0, 0, 0, 0, 0, 0, 0, 0, 0, 0, 0, 0, 0, 0, 0]",controller_intent_only
117.00065875053406,0.0,"[0.0, 0.20999999344348907, 0.0, 0.0]","[0, 0, 0, 0, 0, 0, 0, 0, 0, 0, 0, 0, 0, 0, 0, 0, 0, 0]",controller_intent_only
117.30491280555725,0.0,"[0.0, 0.11999999731779099, 0.0, 0.0]","[0, 0, 0, 0, 0, 0, 0, 0, 0, 0, 0, 0, 0, 0, 0, 0, 0, 0]",controller_intent_only
117.6807188987732,0.0,"[0.0, 0.3100000023841858, 0.0, 0.0]","[0, 0, 0, 0, 0, 0, 0, 0, 0, 0, 0, 0, 0, 0, 0, 0, 0, 0]",controller_intent_only
117.83839321136475,0.0,"[0.0, 0.41999998688697815, 0.0, 0.0]","[0, 0, 0, 0, 0, 0, 0, 0, 0, 0, 0, 0, 0, 0, 0, 0, 0, 0]",controller_intent_only
118.05996704101562,0.0,"[0.0, 0.3499999940395355, 0.0, 0.0]","[0, 0, 0, 0, 0, 0, 0, 0, 0, 0, 0, 0, 0, 0, 0, 0, 0, 0]",controller_intent_only
118.16539192199707,0.0,"[0.0, 0.27000001072883606, 0.0, 0.0]","[0, 0, 0, 0, 0, 0, 0, 0, 0, 0, 0, 0, 0, 0, 0, 0, 0, 0]",controller_intent_only
118.31609845161438,0.0,"[0.0, 0.28999999165534973, 0.0, 0.0]","[0, 0, 0, 0, 0, 0, 0, 0, 0, 0, 0, 0, 0, 0, 0, 0, 0, 0]",controller_intent_only
118.51260232925415,0.0,"[0.0, 0.3199999928474426, 0.0, 0.0]","[0, 0, 0, 0, 0, 0, 0, 0, 0, 0, 0, 0, 0, 0, 0, 0, 0, 0]",controller_intent_only
118.72926545143127,0.0,"[0.0, 0.3100000023841858, 0.0, 0.0]","[0, 0, 0, 0, 0, 0, 0, 0, 0, 0, 0, 0, 0, 0, 0, 0, 0, 0]",controller_intent_only
119.17037844657898,0.0,"[0.0, 0.25, 0.0, 0.0]","[0, 0, 0, 0, 0, 0, 0, 0, 0, 0, 0, 0, 0, 0, 0, 0, 0, 0]",controller_intent_only
119.85420966148376,0.0,"[0.0, 0.23999999463558197, 0.0, 0.0]","[0, 0, 0, 0, 0, 0, 0, 0, 0, 0, 0, 0, 0, 0, 0, 0, 0, 0]",controller_intent_only
120.4676742553711,0.0,"[0.0, 0.20000000298023224, 0.0, 0.0]","[0, 0, 0, 0, 0, 0, 0, 0, 0, 0, 0, 0, 0, 0, 0, 0, 0, 0]",controller_intent_only
120.5299460887909,0.0,"[0.0, 0.17000000178813934, 0.0, 0.0]","[0, 0, 0, 0, 0, 0, 0, 0, 0, 0, 0, 0, 0, 0, 0, 0, 0, 0]",controller_intent_only
120.7747552394867,0.0,"[0.0, 0.14000000059604645, 0.0, 0.0]","[0, 0, 0, 0, 0, 0, 0, 0, 0, 0, 0, 0, 0, 0, 0, 0, 0, 0]",controller_intent_only
121.0405375957489,0.0,"[0.0, 0.4300000071525574, 0.0, 0.0]","[0, 0, 0, 0, 0, 0, 0, 0, 0, 0, 0, 0, 0, 0, 0, 0, 0, 0]",controller_intent_only
121.32891201972961,0.0,"[0.0, 0.3400000035762787, 0.0, 0.0]","[0, 0, 0, 0, 0, 0, 0, 0, 0, 0, 0, 0, 0, 0, 0, 0, 0, 0]",controller_intent_only
121.45211958885193,0.0,"[0.0, 0.2800000011920929, 0.0, 0.0]","[0, 0, 0, 0, 0, 0, 0, 0, 0, 0, 0, 0, 0, 0, 0, 0, 0, 0]",controller_intent_only
121.58378553390503,0.0,"[0.0, 0.14000000059604645, 0.0, 0.0]","[0, 0, 0, 0, 0, 0, 0, 0, 0, 0, 0, 0, 0, 0, 0, 0, 0, 0]",controller_intent_only
121.80595445632935,0.0,"[0.0, 0.20000000298023224, 0.0, 0.0]","[0, 0, 0, 0, 0, 0, 0, 0, 0, 0, 0, 0, 0, 0, 0, 0, 0, 0]",controller_intent_only
121.97871375083923,0.0,"[0.0, 0.2199999988079071, 0.0, 0.0]","[0, 0, 0, 0, 0, 0, 0, 0, 0, 0, 0, 0, 0, 0, 0, 0, 0, 0]",controller_intent_only
122.16725182533264,0.0,"[0.0, 0.23999999463558197, -0.5299999713897705, 0.0]","[0, 0, 0, 0, 0, 0, 0, 0, 0, 0, 0, 0, 0, 0, 0, 0, 0, 0]",controller_intent_only
122.3581314086914,0.0,"[0.0, 0.14000000059604645, 0.0, 0.0]","[0, 0, 0, 0, 0, 0, 0, 0, 0, 0, 0, 0, 0, 0, 0, 0, 0, 0]",controller_intent_only
122.51192855834961,0.0,"[0.0, 0.15000000596046448, -0.3199999928474426, 0.0]","[0, 0, 0, 0, 0, 0, 0, 0, 0, 0, 0, 0, 0, 0, 0, 0, 0, 0]",controller_intent_only
122.70698499679565,0.0,"[0.0, 0.12999999523162842, 0.0, 0.0]","[0, 0, 0, 0, 0, 0, 0, 0, 0, 0, 0, 0, 0, 0, 0, 0, 0, 0]",controller_intent_only
122.8439872264862,0.0,"[0.0, 0.14000000059604645, 0.0, 0.0]","[0, 0, 0, 0, 0, 0, 0, 0, 0, 0, 0, 0, 0, 0, 0, 0, 0, 0]",controller_intent_only
123.22670841217041,0.0,"[0.0, 0.14000000059604645, -0.10000000149011612, 0.0]","[0, 0, 0, 0, 0, 0, 0, 0, 0, 0, 0, 0, 0, 0, 0, 0, 0, 0]",controller_intent_only
123.46032238006592,0.0,"[0.0, 0.14000000059604645, -0.17000000178813934, 0.0]","[0, 0, 0, 0, 0, 0, 0, 0, 0, 0, 0, 0, 0, 0, 0, 0, 0, 0]",controller_intent_only
123.63257598876953,0.0,"[0.0, 0.1599999964237213, 0.0, 0.0]","[0, 0, 0, 0, 0, 0, 0, 0, 0, 0, 0, 0, 0, 0, 0, 0, 0, 0]",controller_intent_only
123.82717609405518,0.0,"[0.0, 0.18000000715255737, 0.0, 0.0]","[0, 0, 0, 0, 0, 0, 0, 0, 0, 0, 0, 0, 0, 0, 0, 0, 0, 0]",controller_intent_only
123.94292902946472,0.0,"[0.0, 0.18000000715255737, -0.9800000190734863, 0.2199999988079071]","[0, 0, 0, 0, 0, 0, 0, 0, 0, 0, 0, 0, 0, 0, 0, 0, 0, 0]",controller_intent_only
124.14036512374878,0.0,"[0.0, 0.10000000149011612, 0.0, 0.0]","[0, 0, 0, 0, 0, 0, 0, 0, 0, 0, 0, 0, 0, 0, 0, 0, 0, 0]",controller_intent_only
124.60450959205627,0.0,"[0.0, 0.14000000059604645, 0.0, 0.0]","[0, 0, 0, 0, 0, 0, 0, 0, 0, 0, 0, 0, 0, 0, 0, 0, 0, 0]",controller_intent_only
124.8172492980957,0.0,"[0.0, 0.1899999976158142, 0.0, 0.0]","[0, 0, 0, 0, 0, 0, 0, 0, 0, 0, 0, 0, 0, 0, 0, 0, 0, 0]",controller_intent_only
124.95170474052429,0.0,"[0.0, 0.27000001072883606, 0.0, 0.0]","[0, 0, 0, 0, 0, 0, 0, 0, 0, 0, 0, 0, 0, 0, 0, 0, 0, 0]",controller_intent_only
125.54706621170044,0.0,"[0.0, 0.25999999046325684, 0.0, 0.0]","[0, 0, 0, 0, 0, 0, 0, 0, 0, 0, 0, 0, 0, 0, 0, 0, 0, 0]",controller_intent_only
127.2434515953064,0.0,"[0.0, 0.25, 0.0, 0.0]","[0, 0, 0, 0, 0, 0, 0, 0, 0, 0, 0, 0, 0, 0, 0, 0, 0, 0]",controller_intent_only
127.5488932132721,0.0,"[0.0, 0.25999999046325684, 0.0, 0.0]","[0, 0, 0, 0, 0, 0, 0, 0, 0, 0, 0, 0, 0, 0, 0, 0, 0, 0]",controller_intent_only
127.57940769195557,0.0,"[0.0, 0.25, 0.0, 0.0]","[0, 0, 0, 0, 0, 0, 0, 0, 0, 0, 0, 0, 0, 0, 0, 0, 0, 0]",controller_intent_only
127.98805165290833,0.0,"[0.0, 0.25999999046325684, 0.0, 0.0]","[0, 0, 0, 0, 0, 0, 0, 0, 0, 0, 0, 0, 0, 0, 0, 0, 0, 0]",controller_intent_only
128.59159088134766,0.0,"[0.0, 0.25, 0.0, 0.0]","[0, 0, 0, 0, 0, 0, 0, 0, 0, 0, 0, 0, 0, 0, 0, 0, 0, 0]",controller_intent_only
128.71499943733215,0.0,"[0.0, 0.25999999046325684, 0.0, 0.0]","[0, 0, 0, 0, 0, 0, 0, 0, 0, 0, 0, 0, 0, 0, 0, 0, 0, 0]",controller_intent_only
129.19658088684082,0.0,"[0.0, 0.25, 0.0, 0.0]","[0, 0, 0, 0, 0, 0, 0, 0, 0, 0, 0, 0, 0, 0, 0, 0, 0, 0]",controller_intent_only
129.31868171691895,0.0,"[0.0, 0.20999999344348907, 0.0, 0.0]","[0, 0, 0, 0, 0, 0, 0, 0, 0, 0, 0, 0, 0, 0, 0, 0, 0, 0]",controller_intent_only
129.66306376457214,0.0,"[0.0, 0.18000000715255737, 0.0, 0.0]","[0, 0, 0, 0, 0, 0, 0, 0, 0, 0, 0, 0, 0, 0, 0, 0, 0, 0]",controller_intent_only
129.90681195259094,0.0,"[0.0, 0.17000000178813934, 0.0, 0.0]","[0, 0, 0, 0, 0, 0, 0, 0, 0, 0, 0, 0, 0, 0, 0, 0, 0, 0]",controller_intent_only
130.02074670791626,0.0,"[0.0, 0.15000000596046448, 0.0, 0.0]","[0, 0, 0, 0, 0, 0, 0, 0, 0, 0, 0, 0, 0, 0, 0, 0, 0, 0]",controller_intent_only
130.44744515419006,0.0,"[0.0, 0.20000000298023224, 0.0, 0.0]","[0, 0, 0, 0, 0, 0, 0, 0, 0, 0, 0, 0, 0, 0, 0, 0, 0, 0]",controller_intent_only
130.8609504699707,0.0,"[0.0, 0.4300000071525574, 0.0, 0.0]","[0, 0, 0, 0, 0, 0, 0, 0, 0, 0, 0, 0, 0, 0, 0, 0, 0, 0]",controller_intent_only
131.25994062423706,0.0,"[0.0, 0.5, 0.0, 0.0]","[0, 0, 0, 0, 0, 0, 0, 0, 0, 0, 0, 0, 0, 0, 0, 0, 0, 0]",controller_intent_only
131.46726393699646,0.0,"[0.0, 0.4300000071525574, 0.0, 0.0]","[0, 0, 0, 0, 0, 0, 0, 0, 0, 0, 0, 0, 0, 0, 0, 0, 0, 0]",controller_intent_only
131.5616798400879,0.0,"[0.0, 0.5, 0.0, 0.0]","[0, 0, 0, 0, 0, 0, 0, 0, 0, 0, 0, 0, 0, 0, 0, 0, 0, 0]",controller_intent_only
131.8118646144867,0.0,"[0.0, 0.41999998688697815, 0.0, 0.0]","[0, 0, 0, 0, 0, 0, 0, 0, 0, 0, 0, 0, 0, 0, 0, 0, 0, 0]",controller_intent_only
131.97400832176208,0.0,"[0.0, 0.5099999904632568, -0.5799999833106995, 0.0]","[0, 0, 0, 0, 0, 0, 0, 0, 0, 0, 0, 0, 0, 0, 0, 0, 0, 0]",controller_intent_only
132.24237966537476,0.0,"[0.0, 0.5, -0.4399999976158142, 0.10999999940395355]","[0, 0, 0, 0, 0, 0, 0, 0, 0, 0, 0, 0, 0, 0, 0, 0, 0, 0]",controller_intent_only
132.3929307460785,0.0,"[0.0, 0.46000000834465027, 0.0, 0.0]","[0, 0, 0, 0, 0, 0, 0, 0, 0, 0, 0, 0, 0, 0, 0, 0, 0, 0]",controller_intent_only
132.60364985466003,0.0,"[0.0, 0.4300000071525574, 0.0, 0.0]","[0, 0, 0, 0, 0, 0, 0, 0, 0, 0, 0, 0, 0, 0, 0, 0, 0, 0]",controller_intent_only
132.7483949661255,0.0,"[0.0, 0.41999998688697815, 0.0, 0.0]","[0, 0, 0, 0, 0, 0, 0, 0, 0, 0, 0, 0, 0, 0, 0, 0, 0, 0]",controller_intent_only
132.94159317016602,0.0,"[0.0, 0.4399999976158142, 0.0, 0.0]","[0, 0, 0, 0, 0, 0, 0, 0, 0, 0, 0, 0, 0, 0, 0, 0, 0, 0]",controller_intent_only
133.2812864780426,0.0,"[0.0, 0.44999998807907104, 0.0, 0.0]","[0, 0, 0, 0, 0, 0, 0, 0, 0, 0, 0, 0, 0, 0, 0, 0, 0, 0]",controller_intent_only
133.45736074447632,0.0,"[0.0, 0.5099999904632568, 0.0, 0.0]","[0, 0, 0, 0, 0, 0, 0, 0, 0, 0, 0, 0, 0, 0, 0, 0, 0, 0]",controller_intent_only
133.76227712631226,0.0,"[0.0, 0.5, 0.0, 0.0]","[0, 0, 0, 0, 0, 0, 0, 0, 0, 0, 0, 0, 0, 0, 0, 0, 0, 0]",controller_intent_only
134.08094882965088,0.0,"[0.0, 0.47999998927116394, 0.0, 0.0]","[0, 0, 0, 0, 0, 0, 0, 0, 0, 0, 0, 0, 0, 0, 0, 0, 0, 0]",controller_intent_only
134.2576925754547,0.0,"[0.0, 0.4300000071525574, 0.0, 0.0]","[0, 0, 0, 0, 0, 0, 0, 0, 0, 0, 0, 0, 0, 0, 0, 0, 0, 0]",controller_intent_only
134.48774933815002,0.0,"[0.0, 0.4399999976158142, 0.0, 0.0]","[0, 0, 0, 0, 0, 0, 0, 0, 0, 0, 0, 0, 0, 0, 0, 0, 0, 0]",controller_intent_only
134.783043384552,0.0,"[0.0, 0.36000001430511475, 0.0, 0.0]","[0, 0, 0, 0, 0, 0, 0, 0, 0, 0, 0, 0, 0, 0, 0, 0, 0, 0]",controller_intent_only
135.00045800209045,0.0,"[0.0, 0.0, 0.0, 0.0]","[0, 0, 0, 0, 0, 0, 0, 0, 0, 0, 0, 0, 0, 0, 0, 0, 0, 0]",controller_intent_only
135.4018852710724,0.0,"[0.0, 0.12999999523162842, 0.0, 0.0]","[0, 0, 0, 0, 0, 0, 0, 0, 0, 0, 0, 0, 0, 0, 0, 0, 0, 0]",controller_intent_only
135.52038097381592,0.0,"[0.0, 0.07000000029802322, 0.0, 0.0]","[0, 0, 0, 0, 0, 0, 0, 0, 0, 0, 0, 0, 0, 0, 0, 0, 0, 0]",controller_intent_only
135.7257318496704,0.0,"[0.0, 0.2199999988079071, 0.0, 0.0]","[0, 0, 0, 0, 0, 0, 0, 0, 0, 0, 0, 0, 0, 0, 0, 0, 0, 0]",controller_intent_only
135.87066674232483,0.0,"[0.0, 0.20000000298023224, 0.0, 0.0]","[0, 0, 0, 0, 0, 0, 0, 0, 0, 0, 0, 0, 0, 0, 0, 0, 0, 0]",controller_intent_only
136.27145504951477,0.0,"[0.0, 0.23000000417232513, 0.0, 0.0]","[0, 0, 0, 0, 0, 0, 0, 0, 0, 0, 0, 0, 0, 0, 0, 0, 0, 0]",controller_intent_only
136.38509345054626,0.0,"[0.0, 0.0, 0.0, 0.0]","[0, 0, 0, 0, 0, 0, 0, 0, 0, 0, 0, 0, 0, 0, 0, 0, 0, 0]",controller_intent_only
136.9150915145874,0.0,"[0.0, 0.09000000357627869, 0.0, 0.0]","[0, 0, 0, 0, 0, 0, 0, 0, 0, 0, 0, 0, 0, 0, 0, 0, 0, 0]",controller_intent_only
137.19840693473816,0.0,"[0.0, 0.11999999731779099, 0.0, 0.0]","[0, 0, 0, 0, 0, 0, 0, 0, 0, 0, 0, 0, 0, 0, 0, 0, 0, 0]",controller_intent_only
137.29712963104248,0.0,"[0.0, 0.0, 0.17000000178813934, 0.0]","[0, 0, 0, 0, 0, 0, 0, 0, 0, 0, 0, 0, 0, 0, 0, 0, 0, 0]",controller_intent_only
137.46955466270447,0.0,"[0.0, 0.0, 0.5, 0.07999999821186066]","[0, 0, 0, 0, 0, 0, 0, 0, 0, 0, 0, 0, 0, 0, 0, 0, 0, 0]",controller_intent_only
137.6554548740387,0.0,"[0.0, 0.0, 0.6700000166893005, 0.0]","[0, 0, 0, 0, 0, 0, 0, 0, 0, 0, 0, 0, 0, 0, 0, 0, 0, 0]",controller_intent_only
137.82490134239197,0.0,"[0.0, 0.0, 0.0, 0.0]","[0, 0, 0, 0, 0, 0, 0, 0, 0, 0, 0, 0, 0, 0, 0, 0, 0, 0]",controller_intent_only
138.38791680335999,0.0,"[0.0, 0.0, 0.10000000149011612, 0.0]","[0, 0, 0, 0, 0, 0, 0, 0, 0, 0, 0, 0, 0, 0, 0, 0, 0, 0]",controller_intent_only
138.6522183418274,0.0,"[0.0, 0.0, 1.0, -0.09000000357627869]","[0, 0, 0, 0, 0, 0, 0, 0, 0, 0, 0, 0, 0, 0, 0, 0, 0, 0]",controller_intent_only
138.81426692008972,0.0,"[0.0, 0.0, 0.3100000023841858, 0.0]","[0, 0, 0, 0, 0, 0, 0, 0, 0, 0, 0, 0, 0, 0, 0, 0, 0, 0]",controller_intent_only
139.09791612625122,0.0,"[0.0, 0.0, 0.0, 0.0]","[0, 0, 0, 0, 0, 0, 0, 0, 0, 0, 0, 0, 0, 0, 0, 0, 0, 0]",controller_intent_only
139.96689534187317,0.0,"[0.0, 0.0, 0.7300000190734863, 0.0]","[0, 0, 0, 0, 0, 0, 0, 0, 0, 0, 0, 0, 0, 0, 0, 0, 0, 0]",controller_intent_only
140.1294186115265,0.0,"[0.0, 0.0, 0.0, 0.0]","[0, 0, 0, 0, 0, 0, 0, 0, 0, 0, 0, 0, 0, 0, 0, 0, 0, 0]",controller_intent_only
140.88830757141113,0.0,"[0.0, 0.0, -0.46000000834465027, 0.0]","[0, 0, 0, 0, 0, 0, 0, 0, 0, 0, 0, 0, 0, 0, 0, 0, 0, 0]",controller_intent_only
141.08095479011536,0.0,"[0.0, 0.0, 0.0, 0.0]","[0, 0, 0, 0, 0, 0, 0, 0, 0, 0, 0, 0, 0, 0, 0, 0, 0, 0]",controller_intent_only
141.60499262809753,0.0,"[0.0, 0.10000000149011612, 0.0, 0.0]","[0, 0, 0, 0, 0, 0, 0, 0, 0, 0, 0, 0, 0, 0, 0, 0, 0, 0]",controller_intent_only
141.76945567131042,0.0,"[0.0, 0.14000000059604645, 0.0, 0.0]","[0, 0, 0, 0, 0, 0, 0, 0, 0, 0, 0, 0, 0, 0, 0, 0, 0, 0]",controller_intent_only
141.9691698551178,0.0,"[0.0, 0.18000000715255737, 0.0, 0.0]","[0, 0, 0, 0, 0, 0, 0, 0, 0, 0, 0, 0, 0, 0, 0, 0, 0, 0]",controller_intent_only
142.18847274780273,0.0,"[0.0, 0.20000000298023224, 0.0, 0.0]","[0, 0, 0, 0, 0, 0, 0, 0, 0, 0, 0, 0, 0, 0, 0, 0, 0, 0]",controller_intent_only
142.37457013130188,0.0,"[0.0, 0.20999999344348907, 0.0, 0.0]","[0, 0, 0, 0, 0, 0, 0, 0, 0, 0, 0, 0, 0, 0, 0, 0, 0, 0]",controller_intent_only
142.6728618144989,0.0,"[0.0, 0.2199999988079071, 0.0, 0.0]","[0, 0, 0, 0, 0, 0, 0, 0, 0, 0, 0, 0, 0, 0, 0, 0, 0, 0]",controller_intent_only
142.71967697143555,0.0,"[0.0, 0.3100000023841858, 0.0, 0.0]","[0, 0, 0, 0, 0, 0, 0, 0, 0, 0, 0, 0, 0, 0, 0, 0, 0, 0]",controller_intent_only
142.87787532806396,0.0,"[0.0, 0.3400000035762787, 0.0, 0.0]","[0, 0, 0, 0, 0, 0, 0, 0, 0, 0, 0, 0, 0, 0, 0, 0, 0, 0]",controller_intent_only
143.2786967754364,0.0,"[0.0, 0.47999998927116394, 0.0, 0.0]","[0, 0, 0, 0, 0, 0, 0, 0, 0, 0, 0, 0, 0, 0, 0, 0, 0, 0]",controller_intent_only
143.49834871292114,0.0,"[0.0, 0.4300000071525574, 0.0, 0.0]","[0, 0, 0, 0, 0, 0, 0, 0, 0, 0, 0, 0, 0, 0, 0, 0, 0, 0]",controller_intent_only
143.8536720275879,0.0,"[0.0, 0.4399999976158142, 0.0, 0.0]","[0, 0, 0, 0, 0, 0, 0, 0, 0, 0, 0, 0, 0, 0, 0, 0, 0, 0]",controller_intent_only
144.11157751083374,0.0,"[0.0, 0.5600000023841858, 0.0, 0.0]","[0, 0, 0, 0, 0, 0, 0, 0, 0, 0, 0, 0, 0, 0, 0, 0, 0, 0]",controller_intent_only
144.27870750427246,0.0,"[0.0, 0.5, 0.0, 0.0]","[0, 0, 0, 0, 0, 0, 0, 0, 0, 0, 0, 0, 0, 0, 0, 0, 0, 0]",controller_intent_only
144.67598247528076,0.0,"[0.0, 0.5199999809265137, 0.0, 0.0]","[0, 0, 0, 0, 0, 0, 0, 0, 0, 0, 0, 0, 0, 0, 0, 0, 0, 0]",controller_intent_only
144.98304629325867,0.0,"[0.0, 0.5600000023841858, 0.0, 0.0]","[0, 0, 0, 0, 0, 0, 0, 0, 0, 0, 0, 0, 0, 0, 0, 0, 0, 0]",controller_intent_only
145.04095649719238,0.0,"[0.0, 0.6000000238418579, 0.0, 0.0]","[0, 0, 0, 0, 0, 0, 0, 0, 0, 0, 0, 0, 0, 0, 0, 0, 0, 0]",controller_intent_only
145.24911046028137,0.0,"[0.0, 0.6100000143051147, 0.0, 0.0]","[0, 0, 0, 0, 0, 0, 0, 0, 0, 0, 0, 0, 0, 0, 0, 0, 0, 0]",controller_intent_only
146.2358844280243,0.0,"[0.0, 0.6200000047683716, 0.0, 0.0]","[0, 0, 0, 0, 0, 0, 0, 0, 0, 0, 0, 0, 0, 0, 0, 0, 0, 0]",controller_intent_only
146.52319073677063,0.0,"[0.0, 0.6100000143051147, 0.0, 0.0]","[0, 0, 0, 0, 0, 0, 0, 0, 0, 0, 0, 0, 0, 0, 0, 0, 0, 0]",controller_intent_only
146.67181277275085,0.0,"[0.0, 0.5199999809265137, 0.0, 0.0]","[0, 0, 0, 0, 0, 0, 0, 0, 0, 0, 0, 0, 0, 0, 0, 0, 0, 0]",controller_intent_only
146.92198705673218,0.0,"[0.0, 0.5400000214576721, 0.0, 0.0]","[0, 0, 0, 0, 0, 0, 0, 0, 0, 0, 0, 0, 0, 0, 0, 0, 0, 0]",controller_intent_only
147.08819103240967,0.0,"[0.0, 0.44999998807907104, 0.0, 0.0]","[0, 0, 0, 0, 0, 0, 0, 0, 0, 0, 0, 0, 0, 0, 0, 0, 0, 0]",controller_intent_only
147.29169869422913,0.0,"[0.0, 0.0, 0.0, 0.0]","[0, 0, 0, 0, 0, 0, 0, 0, 0, 0, 0, 0, 0, 0, 0, 0, 0, 0]",controller_intent_only
149.18110585212708,0.0,"[0.0, 0.49000000953674316, 0.0, 0.0]","[0, 0, 0, 0, 0, 0, 0, 0, 0, 0, 0, 0, 0, 0, 0, 0, 0, 0]",controller_intent_only
149.37294816970825,0.0,"[0.0, 0.3100000023841858, 0.0, 0.0]","[0, 0, 0, 0, 0, 0, 0, 0, 0, 0, 0, 0, 0, 0, 0, 0, 0, 0]",controller_intent_only
149.69254994392395,0.0,"[0.0, 0.07000000029802322, 0.0, 0.0]","[0, 0, 0, 0, 0, 0, 0, 0, 0, 0, 0, 0, 0, 0, 0, 0, 0, 0]",controller_intent_only
149.8809621334076,0.0,"[0.0, 0.0, 0.0, 0.0]","[0, 0, 0, 0, 0, 0, 0, 0, 0, 0, 0, 0, 0, 0, 0, 0, 0, 0]",controller_intent_only
150.5572898387909,0.0,"[0.0, 0.0, 0.5299999713897705, 0.0]","[0, 0, 0, 0, 0, 0, 0, 0, 0, 0, 0, 0, 0, 0, 0, 0, 0, 0]",controller_intent_only
150.83871698379517,0.0,"[0.0, 0.0, 1.0, -0.11999999731779099]","[0, 0, 0, 0, 0, 0, 0, 0, 0, 0, 0, 0, 0, 0, 0, 0, 0, 0]",controller_intent_only
151.11219215393066,0.0,"[0.0, 0.0, 1.0, 0.0]","[0, 0, 0, 0, 0, 0, 0, 0, 0, 0, 0, 0, 0, 0, 0, 0, 0, 0]",controller_intent_only
151.39230918884277,0.0,"[0.0, 0.0, 0.9200000166893005, 0.0]","[0, 0, 0, 0, 0, 0, 0, 0, 0, 0, 0, 0, 0, 0, 0, 0, 0, 0]",controller_intent_only
151.52782440185547,0.0,"[0.0, 0.0, 0.0, 0.0]","[0, 0, 0, 0, 0, 0, 0, 0, 0, 0, 0, 0, 0, 0, 0, 0, 0, 0]",controller_intent_only
152.36666774749756,0.0,"[0.0, 0.0, -0.11999999731779099, 0.0]","[0, 0, 0, 0, 0, 0, 0, 0, 0, 0, 0, 0, 0, 0, 0, 0, 0, 0]",controller_intent_only
152.48160409927368,0.0,"[0.0, 0.0, 0.0, 0.0]","[0, 0, 0, 0, 0, 0, 0, 0, 0, 0, 0, 0, 0, 0, 0, 0, 0, 0]",controller_intent_only
154.1539957523346,0.0,"[0.0, 0.17000000178813934, 0.0, 0.0]","[0, 0, 0, 0, 0, 0, 0, 0, 0, 0, 0, 0, 0, 0, 0, 0, 0, 0]",controller_intent_only
154.6935248374939,0.0,"[0.0, 0.18000000715255737, 0.0, 0.0]","[0, 0, 0, 0, 0, 0, 0, 0, 0, 0, 0, 0, 0, 0, 0, 0, 0, 0]",controller_intent_only
155.11493468284607,0.0,"[0.0, 0.1899999976158142, 0.0, 0.0]","[0, 0, 0, 0, 0, 0, 0, 0, 0, 0, 0, 0, 0, 0, 0, 0, 0, 0]",controller_intent_only
155.6926350593567,0.0,"[0.0, 0.20999999344348907, 0.0, 0.0]","[0, 0, 0, 0, 0, 0, 0, 0, 0, 0, 0, 0, 0, 0, 0, 0, 0, 0]",controller_intent_only
155.89191460609436,0.0,"[0.0, 0.2199999988079071, 0.0, 0.0]","[0, 0, 0, 0, 0, 0, 0, 0, 0, 0, 0, 0, 0, 0, 0, 0, 0, 0]",controller_intent_only
156.21377205848694,0.0,"[0.0, 0.3100000023841858, 0.0, 0.0]","[0, 0, 0, 0, 0, 0, 0, 0, 0, 0, 0, 0, 0, 0, 0, 0, 0, 0]",controller_intent_only
156.40857601165771,0.0,"[0.0, 0.4000000059604645, 0.0, 0.0]","[0, 0, 0, 0, 0, 0, 0, 0, 0, 0, 0, 0, 0, 0, 0, 0, 0, 0]",controller_intent_only
156.50963854789734,0.0,"[0.0, 0.38999998569488525, 0.0, 0.0]","[0, 0, 0, 0, 0, 0, 0, 0, 0, 0, 0, 0, 0, 0, 0, 0, 0, 0]",controller_intent_only
156.72427892684937,0.0,"[0.0, 0.4699999988079071, 0.0, 0.0]","[0, 0, 0, 0, 0, 0, 0, 0, 0, 0, 0, 0, 0, 0, 0, 0, 0, 0]",controller_intent_only
157.38119649887085,0.0,"[0.0, 0.46000000834465027, 0.0, 0.0]","[0, 0, 0, 0, 0, 0, 0, 0, 0, 0, 0, 0, 0, 0, 0, 0, 0, 0]",controller_intent_only
157.62660884857178,0.0,"[0.0, 0.5600000023841858, 0.0, 0.0]","[0, 0, 0, 0, 0, 0, 0, 0, 0, 0, 0, 0, 0, 0, 0, 0, 0, 0]",controller_intent_only
157.7780408859253,0.0,"[0.0, 0.6299999952316284, 0.0, 0.0]","[0, 0, 0, 0, 0, 0, 0, 0, 0, 0, 0, 0, 0, 0, 0, 0, 0, 0]",controller_intent_only
158.0838804244995,0.0,"[0.0, 0.5899999737739563, 0.0, 0.0]","[0, 0, 0, 0, 0, 0, 0, 0, 0, 0, 0, 0, 0, 0, 0, 0, 0, 0]",controller_intent_only
158.35092973709106,0.0,"[0.0, 0.5299999713897705, 0.0, 0.0]","[0, 0, 0, 0, 0, 0, 0, 0, 0, 0, 0, 0, 0, 0, 0, 0, 0, 0]",controller_intent_only
158.55905961990356,0.0,"[0.0, 0.5199999809265137, 0.0, 0.0]","[0, 0, 0, 0, 0, 0, 0, 0, 0, 0, 0, 0, 0, 0, 0, 0, 0, 0]",controller_intent_only
158.70525646209717,0.0,"[0.0, 0.46000000834465027, 0.0, 0.0]","[0, 0, 0, 0, 0, 0, 0, 0, 0, 0, 0, 0, 0, 0, 0, 0, 0, 0]",controller_intent_only
158.86770796775818,0.0,"[0.0, 0.4300000071525574, 0.0, 0.0]","[0, 0, 0, 0, 0, 0, 0, 0, 0, 0, 0, 0, 0, 0, 0, 0, 0, 0]",controller_intent_only
159.0968198776245,0.0,"[0.0, 0.38999998569488525, 0.0, 0.0]","[0, 0, 0, 0, 0, 0, 0, 0, 0, 0, 0, 0, 0, 0, 0, 0, 0, 0]",controller_intent_only
159.26483368873596,0.0,"[0.0, 0.4000000059604645, 0.0, 0.0]","[0, 0, 0, 0, 0, 0, 0, 0, 0, 0, 0, 0, 0, 0, 0, 0, 0, 0]",controller_intent_only
159.29138159751892,0.0,"[0.0, 0.33000001311302185, 0.0, 0.0]","[0, 0, 0, 0, 0, 0, 0, 0, 0, 0, 0, 0, 0, 0, 0, 0, 0, 0]",controller_intent_only
159.5182864665985,0.0,"[0.0, 0.3199999928474426, 0.41999998688697815, 0.0]","[0, 0, 0, 0, 0, 0, 0, 0, 0, 0, 0, 0, 0, 0, 0, 0, 0, 0]",controller_intent_only
159.8261206150055,0.0,"[0.0, 0.3199999928474426, 0.0, 0.0]","[0, 0, 0, 0, 0, 0, 0, 0, 0, 0, 0, 0, 0, 0, 0, 0, 0, 0]",controller_intent_only
159.97459745407104,0.0,"[0.0, 0.3100000023841858, 0.0, 0.0]","[0, 0, 0, 0, 0, 0, 0, 0, 0, 0, 0, 0, 0, 0, 0, 0, 0, 0]",controller_intent_only
160.5101616382599,0.0,"[0.0, 0.3199999928474426, 0.0, 0.0]","[0, 0, 0, 0, 0, 0, 0, 0, 0, 0, 0, 0, 0, 0, 0, 0, 0, 0]",controller_intent_only
160.80660486221313,0.0,"[0.0, 0.3100000023841858, 0.0, 0.0]","[0, 0, 0, 0, 0, 0, 0, 0, 0, 0, 0, 0, 0, 0, 0, 0, 0, 0]",controller_intent_only
161.41129279136658,0.0,"[0.0, 0.28999999165534973, 0.0, 0.0]","[0, 0, 0, 0, 0, 0, 0, 0, 0, 0, 0, 0, 0, 0, 0, 0, 0, 0]",controller_intent_only
161.521160364151,0.0,"[0.0, 0.23000000417232513, 0.0, 0.0]","[0, 0, 0, 0, 0, 0, 0, 0, 0, 0, 0, 0, 0, 0, 0, 0, 0, 0]",controller_intent_only
161.72785305976868,0.0,"[0.0, 0.23999999463558197, 0.0, 0.0]","[0, 0, 0, 0, 0, 0, 0, 0, 0, 0, 0, 0, 0, 0, 0, 0, 0, 0]",controller_intent_only
162.3911156654358,0.0,"[0.0, 0.20999999344348907, 0.0, 0.0]","[0, 0, 0, 0, 0, 0, 0, 0, 0, 0, 0, 0, 0, 0, 0, 0, 0, 0]",controller_intent_only
162.6495714187622,0.0,"[0.0, 0.17000000178813934, 0.0, 0.0]","[0, 0, 0, 0, 0, 0, 0, 0, 0, 0, 0, 0, 0, 0, 0, 0, 0, 0]",controller_intent_only
162.8603789806366,0.0,"[0.0, 0.11999999731779099, 0.0, 0.0]","[0, 0, 0, 0, 0, 0, 0, 0, 0, 0, 0, 0, 0, 0, 0, 0, 0, 0]",controller_intent_only
163.58384251594543,0.0,"[0.0, 0.09000000357627869, -0.2800000011920929, 0.0]","[0, 0, 0, 0, 0, 0, 0, 0, 0, 0, 0, 0, 0, 0, 0, 0, 0, 0]",controller_intent_only
163.9047212600708,0.0,"[0.0, 0.0, 0.0, 0.0]","[0, 0, 0, 0, 0, 0, 0, 0, 0, 0, 0, 0, 0, 0, 0, 0, 0, 0]",controller_intent_only
163.98273015022278,0.0,"[0.0, 0.0, -0.6299999952316284, 0.3199999928474426]","[0, 0, 0, 0, 0, 0, 0, 0, 0, 0, 0, 0, 0, 0, 0, 0, 0, 0]",controller_intent_only
164.215322971344,0.0,"[0.0, 0.0, 0.0, 0.0]","[0, 0, 0, 0, 0, 0, 0, 0, 0, 0, 0, 0, 0, 0, 0, 0, 0, 0]",controller_intent_only
165.26715064048767,0.0,"[0.0, 0.07999999821186066, 0.0, 0.0]","[0, 0, 0, 0, 0, 0, 0, 0, 0, 0, 0, 0, 0, 0, 0, 0, 0, 0]",controller_intent_only
165.61840844154358,0.0,"[0.0, 0.10999999940395355, 0.0, 0.0]","[0, 0, 0, 0, 0, 0, 0, 0, 0, 0, 0, 0, 0, 0, 0, 0, 0, 0]",controller_intent_only
165.9367642402649,0.0,"[0.0, 0.11999999731779099, 0.0, 0.0]","[0, 0, 0, 0, 0, 0, 0, 0, 0, 0, 0, 0, 0, 0, 0, 0, 0, 0]",controller_intent_only
167.55330729484558,0.0,"[0.0, 0.33000001311302185, 0.0, 0.0]","[0, 0, 0, 0, 0, 0, 0, 0, 0, 0, 0, 0, 0, 0, 0, 0, 0, 0]",controller_intent_only
167.701669216156,0.0,"[0.0, 0.30000001192092896, 0.0, 0.0]","[0, 0, 0, 0, 0, 0, 0, 0, 0, 0, 0, 0, 0, 0, 0, 0, 0, 0]",controller_intent_only
168.61517977714539,0.0,"[0.0, 0.28999999165534973, 0.0, 0.0]","[0, 0, 0, 0, 0, 0, 0, 0, 0, 0, 0, 0, 0, 0, 0, 0, 0, 0]",controller_intent_only
168.80203580856323,0.0,"[0.0, 0.27000001072883606, 0.0, 0.0]","[0, 0, 0, 0, 0, 0, 0, 0, 0, 0, 0, 0, 0, 0, 0, 0, 0, 0]",controller_intent_only
168.95457863807678,0.0,"[0.0, 0.25999999046325684, 0.0, 0.0]","[0, 0, 0, 0, 0, 0, 0, 0, 0, 0, 0, 0, 0, 0, 0, 0, 0, 0]",controller_intent_only
169.12215065956116,0.0,"[0.0, 0.25, 0.0, 0.0]","[0, 0, 0, 0, 0, 0, 0, 0, 0, 0, 0, 0, 0, 0, 0, 0, 0, 0]",controller_intent_only
169.37702345848083,0.0,"[0.0, 0.23000000417232513, 0.0, 0.0]","[0, 0, 0, 0, 0, 0, 0, 0, 0, 0, 0, 0, 0, 0, 0, 0, 0, 0]",controller_intent_only
169.74621176719666,0.0,"[0.0, 0.20000000298023224, 0.0, 0.0]","[0, 0, 0, 0, 0, 0, 0, 0, 0, 0, 0, 0, 0, 0, 0, 0, 0, 0]",controller_intent_only
169.9008436203003,0.0,"[0.0, 0.18000000715255737, 0.0, 0.0]","[0, 0, 0, 0, 0, 0, 0, 0, 0, 0, 0, 0, 0, 0, 0, 0, 0, 0]",controller_intent_only
170.07507634162903,0.0,"[0.0, 0.17000000178813934, 0.0, 0.0]","[0, 0, 0, 0, 0, 0, 0, 0, 0, 0, 0, 0, 0, 0, 0, 0, 0, 0]",controller_intent_only
170.112783908844,0.0,"[0.0, 0.1599999964237213, 0.0, 0.0]","[0, 0, 0, 0, 0, 0, 0, 0, 0, 0, 0, 0, 0, 0, 0, 0, 0, 0]",controller_intent_only
170.2918827533722,0.0,"[0.0, 0.15000000596046448, 0.0, 0.0]","[0, 0, 0, 0, 0, 0, 0, 0, 0, 0, 0, 0, 0, 0, 0, 0, 0, 0]",controller_intent_only
170.47718715667725,0.0,"[0.0, 0.1599999964237213, 0.0, 0.0]","[0, 0, 0, 0, 0, 0, 0, 0, 0, 0, 0, 0, 0, 0, 0, 0, 0, 0]",controller_intent_only
170.51671934127808,0.0,"[0.0, 0.14000000059604645, 0.0, 0.0]","[0, 0, 0, 0, 0, 0, 0, 0, 0, 0, 0, 0, 0, 0, 0, 0, 0, 0]",controller_intent_only
170.6158664226532,0.0,"[0.0, 0.11999999731779099, -0.07999999821186066, 0.0]","[0, 0, 0, 0, 0, 0, 0, 0, 0, 0, 0, 0, 0, 0, 0, 0, 0, 0]",controller_intent_only
170.62618327140808,0.0,"[0.0, 0.11999999731779099, 0.0, 0.0]","[0, 0, 0, 0, 0, 0, 0, 0, 0, 0, 0, 0, 0, 0, 0, 0, 0, 0]",controller_intent_only
170.8870599269867,0.0,"[0.0, 0.09000000357627869, -0.12999999523162842, 0.0]","[0, 0, 0, 0, 0, 0, 0, 0, 0, 0, 0, 0, 0, 0, 0, 0, 0, 0]",controller_intent_only
171.02239322662354,0.0,"[0.0, 0.07000000029802322, 0.0, 0.0]","[0, 0, 0, 0, 0, 0, 0, 0, 0, 0, 0, 0, 0, 0, 0, 0, 0, 0]",controller_intent_only
171.26152276992798,0.0,"[0.0, 0.0, 0.0, 0.0]","[0, 0, 0, 0, 0, 0, 0, 0, 0, 0, 0, 0, 0, 0, 0, 0, 0, 0]",controller_intent_only
171.86287021636963,0.0,"[0.0, 0.10000000149011612, 0.0, 0.0]","[0, 0, 0, 0, 0, 0, 0, 0, 0, 0, 0, 0, 0, 0, 0, 0, 0, 0]",controller_intent_only
171.87104415893555,0.0,"[0.0, 0.20999999344348907, 0.0, 0.0]","[0, 0, 0, 0, 0, 0, 0, 0, 0, 0, 0, 0, 0, 0, 0, 0, 0, 0]",controller_intent_only
171.91975116729736,0.0,"[0.0, 0.23999999463558197, 0.0, 0.0]","[0, 0, 0, 0, 0, 0, 0, 0, 0, 0, 0, 0, 0, 0, 0, 0, 0, 0]",controller_intent_only
172.08645820617676,0.0,"[0.0, 0.2800000011920929, 0.0, 0.0]","[0, 0, 0, 0, 0, 0, 0, 0, 0, 0, 0, 0, 0, 0, 0, 0, 0, 0]",controller_intent_only
172.09315609931946,0.0,"[0.0, 0.2800000011920929, -0.3799999952316284, 0.11999999731779099]","[0, 0, 0, 0, 0, 0, 0, 0, 0, 0, 0, 0, 0, 0, 0, 0, 0, 0]",controller_intent_only
172.1874942779541,0.0,"[0.0, 0.25, -0.3700000047683716, 0.17000000178813934]","[0, 0, 0, 0, 0, 0, 0, 0, 0, 0, 0, 0, 0, 0, 0, 0, 0, 0]",controller_intent_only
172.4293966293335,0.0,"[0.0, 0.20999999344348907, 0.0, 0.0]","[0, 0, 0, 0, 0, 0, 0, 0, 0, 0, 0, 0, 0, 0, 0, 0, 0, 0]",controller_intent_only
173.1994709968567,0.0,"[0.0, 0.23000000417232513, 0.0, 0.0]","[0, 0, 0, 0, 0, 0, 0, 0, 0, 0, 0, 0, 0, 0, 0, 0, 0, 0]",controller_intent_only
173.3069634437561,0.0,"[0.0, 0.30000001192092896, 0.0, 0.0]","[0, 0, 0, 0, 0, 0, 0, 0, 0, 0, 0, 0, 0, 0, 0, 0, 0, 0]",controller_intent_only
173.55935549736023,0.0,"[0.0, 0.41999998688697815, 0.0, 0.0]","[0, 0, 0, 0, 0, 0, 0, 0, 0, 0, 0, 0, 0, 0, 0, 0, 0, 0]",controller_intent_only
173.70254492759705,0.0,"[0.0, 0.4399999976158142, 0.0, 0.0]","[0, 0, 0, 0, 0, 0, 0, 0, 0, 0, 0, 0, 0, 0, 0, 0, 0, 0]",controller_intent_only
174.0054371356964,0.0,"[0.0, 0.8299999833106995, 0.0, 0.0]","[0, 0, 0, 0, 0, 0, 0, 0, 0, 0, 0, 0, 0, 0, 0, 0, 0, 0]",controller_intent_only
174.16799473762512,0.0,"[0.0, 0.8199999928474426, 0.0, 0.0]","[0, 0, 0, 0, 0, 0, 0, 0, 0, 0, 0, 0, 0, 0, 0, 0, 0, 0]",controller_intent_only
174.50298309326172,0.0,"[0.0, 0.8100000023841858, 0.0, 0.0]","[0, 0, 0, 0, 0, 0, 0, 0, 0, 0, 0, 0, 0, 0, 0, 0, 0, 0]",controller_intent_only
174.90689849853516,0.0,"[0.0, 0.7900000214576721, 0.0, 0.0]","[0, 0, 0, 0, 0, 0, 0, 0, 0, 0, 0, 0, 0, 0, 0, 0, 0, 0]",controller_intent_only
175.00241017341614,0.0,"[0.0, 0.7699999809265137, 0.0, 0.0]","[0, 0, 0, 0, 0, 0, 0, 0, 0, 0, 0, 0, 0, 0, 0, 0, 0, 0]",controller_intent_only
175.5746738910675,0.0,"[0.0, 0.7799999713897705, 0.0, 0.0]","[0, 0, 0, 0, 0, 0, 0, 0, 0, 0, 0, 0, 0, 0, 0, 0, 0, 0]",controller_intent_only
175.78832721710205,0.0,"[0.0, 0.7599999904632568, 0.0, 0.0]","[0, 0, 0, 0, 0, 0, 0, 0, 0, 0, 0, 0, 0, 0, 0, 0, 0, 0]",controller_intent_only
175.99006056785583,0.0,"[0.0, 0.7300000190734863, 0.0, 0.0]","[0, 0, 0, 0, 0, 0, 0, 0, 0, 0, 0, 0, 0, 0, 0, 0, 0, 0]",controller_intent_only
176.42374181747437,0.0,"[0.0, 0.7200000286102295, 0.0, 0.0]","[0, 0, 0, 0, 0, 0, 0, 0, 0, 0, 0, 0, 0, 0, 0, 0, 0, 0]",controller_intent_only
176.57259488105774,0.0,"[0.0, 0.699999988079071, 0.0, 0.0]","[0, 0, 0, 0, 0, 0, 0, 0, 0, 0, 0, 0, 0, 0, 0, 0, 0, 0]",controller_intent_only
176.7165048122406,0.0,"[0.0, 0.7200000286102295, 0.0, 0.0]","[0, 0, 0, 0, 0, 0, 0, 0, 0, 0, 0, 0, 0, 0, 0, 0, 0, 0]",controller_intent_only
176.93462705612183,0.0,"[0.0, 0.6700000166893005, 0.0, 0.0]","[0, 0, 0, 0, 0, 0, 0, 0, 0, 0, 0, 0, 0, 0, 0, 0, 0, 0]",controller_intent_only
177.17290353775024,0.0,"[0.0, 0.5799999833106995, 0.0, 0.0]","[0, 0, 0, 0, 0, 0, 0, 0, 0, 0, 0, 0, 0, 0, 0, 0, 0, 0]",controller_intent_only
177.29424357414246,0.0,"[0.0, 0.4099999964237213, 0.0, 0.0]","[0, 0, 0, 0, 0, 0, 0, 0, 0, 0, 0, 0, 0, 0, 0, 0, 0, 0]",controller_intent_only
177.49647545814514,0.0,"[0.0, 0.4000000059604645, 0.0, 0.0]","[0, 0, 0, 0, 0, 0, 0, 0, 0, 0, 0, 0, 0, 0, 0, 0, 0, 0]",controller_intent_only
177.73570799827576,0.0,"[0.0, 0.0, 0.0, 0.0]","[0, 0, 0, 0, 0, 0, 0, 0, 0, 0, 0, 0, 0, 0, 0, 0, 0, 0]",controller_intent_only
178.01135730743408,0.0,"[0.0, 0.0, 0.17000000178813934, 0.0]","[0, 0, 0, 0, 0, 0, 0, 0, 0, 0, 0, 0, 0, 0, 0, 0, 0, 0]",controller_intent_only
178.0609757900238,0.0,"[0.0, 0.17000000178813934, 0.3499999940395355, 0.0]","[0, 0, 0, 0, 0, 0, 0, 0, 0, 0, 0, 0, 0, 0, 0, 0, 0, 0]",controller_intent_only
178.40017580986023,0.0,"[0.0, 0.2800000011920929, 0.33000001311302185, 0.0]","[0, 0, 0, 0, 0, 0, 0, 0, 0, 0, 0, 0, 0, 0, 0, 0, 0, 0]",controller_intent_only
178.46912837028503,0.0,"[0.0, 0.6100000143051147, 0.0, 0.0]","[0, 0, 0, 0, 0, 0, 0, 0, 0, 0, 0, 0, 0, 0, 0, 0, 0, 0]",controller_intent_only
178.72429203987122,0.0,"[0.0, 0.4300000071525574, 0.0, 0.0]","[0, 0, 0, 0, 0, 0, 0, 0, 0, 0, 0, 0, 0, 0, 0, 0, 0, 0]",controller_intent_only
178.9849989414215,0.0,"[0.0, 0.0, 0.0, 0.0]","[0, 0, 0, 0, 0, 0, 0, 0, 0, 0, 0, 0, 0, 0, 0, 0, 0, 0]",controller_intent_only
178.99350452423096,0.0,"[0.0, 0.20999999344348907, 0.0, 0.0]","[0, 0, 0, 0, 0, 0, 0, 0, 0, 0, 0, 0, 0, 0, 0, 0, 0, 0]",controller_intent_only
179.18337512016296,0.0,"[0.0, 0.5899999737739563, 0.0, 0.0]","[0, 0, 0, 0, 0, 0, 0, 0, 0, 0, 0, 0, 0, 0, 0, 0, 0, 0]",controller_intent_only
179.54847812652588,0.0,"[0.0, 0.2800000011920929, 0.0, 0.0]","[0, 0, 0, 0, 0, 0, 0, 0, 0, 0, 0, 0, 0, 0, 0, 0, 0, 0]",controller_intent_only
179.73904609680176,0.0,"[0.0, 0.27000001072883606, 0.0, 0.0]","[0, 0, 0, 0, 0, 0, 0, 0, 0, 0, 0, 0, 0, 0, 0, 0, 0, 0]",controller_intent_only
179.79264664649963,0.0,"[0.0, 0.3100000023841858, 0.0, 0.0]","[0, 0, 0, 0, 0, 0, 0, 0, 0, 0, 0, 0, 0, 0, 0, 0, 0, 0]",controller_intent_only
180.00290274620056,0.0,"[0.0, 0.36000001430511475, -0.1599999964237213, 0.0]","[0, 0, 0, 0, 0, 0, 0, 0, 0, 0, 0, 0, 0, 0, 0, 0, 0, 0]",controller_intent_only
180.11847519874573,0.0,"[0.0, 0.30000001192092896, -0.4300000071525574, 0.10999999940395355]","[0, 0, 0, 0, 0, 0, 0, 0, 0, 0, 0, 0, 0, 0, 0, 0, 0, 0]",controller_intent_only
180.28471207618713,0.0,"[0.0, 0.20000000298023224, 0.0, 0.0]","[0, 0, 0, 0, 0, 0, 0, 0, 0, 0, 0, 0, 0, 0, 0, 0, 0, 0]",controller_intent_only
180.4859266281128,0.0,"[0.0, 0.0, 0.0, 0.0]","[0, 0, 0, 0, 0, 0, 0, 0, 0, 0, 0, 0, 0, 0, 0, 0, 0, 0]",controller_intent_only
180.96290349960327,0.0,"[0.0, 0.1899999976158142, 0.0, 0.0]","[0, 0, 0, 0, 0, 0, 0, 0, 0, 0, 0, 0, 0, 0, 0, 0, 0, 0]",controller_intent_only
181.14039611816406,0.0,"[0.0, 0.6499999761581421, 0.0, 0.0]","[0, 0, 0, 0, 0, 0, 0, 0, 0, 0, 0, 0, 0, 0, 0, 0, 0, 0]",controller_intent_only
181.28990149497986,0.0,"[0.0, 0.5799999833106995, 0.0, 0.0]","[0, 0, 0, 0, 0, 0, 0, 0, 0, 0, 0, 0, 0, 0, 0, 0, 0, 0]",controller_intent_only
181.5974247455597,0.0,"[0.0, 0.25999999046325684, 0.0, 0.0]","[0, 0, 0, 0, 0, 0, 0, 0, 0, 0, 0, 0, 0, 0, 0, 0, 0, 0]",controller_intent_only
181.8925929069519,0.0,"[0.0, 0.0, -0.10999999940395355, 0.0]","[0, 0, 0, 0, 0, 0, 0, 0, 0, 0, 0, 0, 0, 0, 0, 0, 0, 0]",controller_intent_only
182.10268020629883,0.0,"[0.0, 0.0, -0.15000000596046448, 0.0]","[0, 0, 0, 0, 0, 0, 0, 0, 0, 0, 0, 0, 0, 0, 0, 0, 0, 0]",controller_intent_only
182.30703592300415,0.0,"[0.0, 0.0, -0.30000001192092896, 0.0]","[0, 0, 0, 0, 0, 0, 0, 0, 0, 0, 0, 0, 0, 0, 0, 0, 0, 0]",controller_intent_only
182.4133641719818,0.0,"[0.0, 0.0, 0.0, 0.0]","[0, 0, 0, 0, 0, 0, 0, 0, 0, 0, 0, 0, 0, 0, 0, 0, 0, 0]",controller_intent_only
184.89452815055847,0.0,"[0.0, 0.0, 0.10000000149011612, 0.0]","[0, 0, 0, 0, 0, 0, 0, 0, 0, 0, 0, 0, 0, 0, 0, 0, 0, 0]",controller_intent_only
184.94169926643372,0.0,"[0.0, 0.0, 0.5799999833106995, 0.0]","[0, 0, 0, 0, 0, 0, 0, 0, 0, 0, 0, 0, 0, 0, 0, 0, 0, 0]",controller_intent_only
184.96214532852173,0.0,"[0.0, 0.0, 1.0, 0.0]","[0, 0, 0, 0, 0, 0, 0, 0, 0, 0, 0, 0, 0, 0, 0, 0, 0, 0]",controller_intent_only
185.30209255218506,0.0,"[0.0, 0.0, 0.44999998807907104, 0.0]","[0, 0, 0, 0, 0, 0, 0, 0, 0, 0, 0, 0, 0, 0, 0, 0, 0, 0]",controller_intent_only
185.51428747177124,0.0,"[0.0, 0.0, 0.0, 0.0]","[0, 0, 0, 0, 0, 0, 0, 0, 0, 0, 0, 0, 0, 0, 0, 0, 0, 0]",controller_intent_only
186.76625776290894,0.0,"[0.0, 0.0, 0.7300000190734863, -0.09000000357627869]","[0, 0, 0, 0, 0, 0, 0, 0, 0, 0, 0, 0, 0, 0, 0, 0, 0, 0]",controller_intent_only
186.99127554893494,0.0,"[0.0, 0.0, 1.0, -0.1599999964237213]","[0, 0, 0, 0, 0, 0, 0, 0, 0, 0, 0, 0, 0, 0, 0, 0, 0, 0]",controller_intent_only
187.086669921875,0.0,"[0.0, 0.0, 1.0, -0.14000000059604645]","[0, 0, 0, 0, 0, 0, 0, 0, 0, 0, 0, 0, 0, 0, 0, 0, 0, 0]",controller_intent_only
187.33503890037537,0.0,"[0.0, 0.0, 1.0, -0.11999999731779099]","[0, 0, 0, 0, 0, 0, 0, 0, 0, 0, 0, 0, 0, 0, 0, 0, 0, 0]",controller_intent_only
187.48626112937927,0.0,"[0.0, 0.0, 0.0, 0.0]","[0, 0, 0, 0, 0, 0, 0, 0, 0, 0, 0, 0, 0, 0, 0, 0, 0, 0]",controller_intent_only
188.29480624198914,0.0,"[0.0, 0.0, -0.9700000286102295, 0.27000001072883606]","[0, 0, 0, 0, 0, 0, 0, 0, 0, 0, 0, 0, 0, 0, 0, 0, 0, 0]",controller_intent_only
188.41187930107117,0.0,"[0.0, 0.0, -0.20000000298023224, 0.09000000357627869]","[0, 0, 0, 0, 0, 0, 0, 0, 0, 0, 0, 0, 0, 0, 0, 0, 0, 0]",controller_intent_only
188.61356902122498,0.0,"[0.0, 0.0, 0.0, 0.0]","[0, 0, 0, 0, 0, 0, 0, 0, 0, 0, 0, 0, 0, 0, 0, 0, 0, 0]",controller_intent_only
189.60566473007202,0.0,"[0.0, 0.0, 0.6399999856948853, 0.0]","[0, 0, 0, 0, 0, 0, 0, 0, 0, 0, 0, 0, 0, 0, 0, 0, 0, 0]",controller_intent_only
189.83767080307007,0.0,"[0.0, 0.0, 1.0, 0.0]","[0, 0, 0, 0, 0, 0, 0, 0, 0, 0, 0, 0, 0, 0, 0, 0, 0, 0]",controller_intent_only
190.3979148864746,0.0,"[0.0, 0.0, 0.0, 0.0]","[0, 0, 0, 0, 0, 0, 0, 0, 0, 0, 0, 0, 0, 0, 0, 0, 0, 0]",controller_intent_only
191.10589289665222,0.0,"[0.0, 0.0, -0.6200000047683716, 0.0]","[0, 0, 0, 0, 0, 0, 0, 0, 0, 0, 0, 0, 0, 0, 0, 0, 0, 0]",controller_intent_only
191.27985835075378,0.0,"[0.0, 0.0, 0.0, 0.0]","[0, 0, 0, 0, 0, 0, 0, 0, 0, 0, 0, 0, 0, 0, 0, 0, 0, 0]",controller_intent_only
196.23958802223206,0.0,"[0.0, 0.0, 0.0, 0.0]","[0, 0, 0, 0, 0, 0, 0, 0, 0, 0, 0, 0, 1, 0, 0, 0, 0, 0]",controller_intent_only
196.4069812297821,0.0,"[0.0, 0.0, 0.0, 0.0]","[0, 0, 0, 0, 0, 0, 0, 0, 0, 0, 0, 0, 0, 0, 0, 0, 0, 0]",controller_intent_only
196.60778665542603,0.0,"[0.0, 0.12999999523162842, 0.0, 0.0]","[0, 0, 0, 0, 0, 0, 0, 0, 0, 0, 0, 0, 0, 0, 0, 0, 0, 0]",controller_intent_only
196.82173252105713,0.0,"[0.0, 0.5799999833106995, 0.0, 0.0]","[0, 0, 0, 0, 0, 0, 0, 0, 0, 0, 0, 0, 0, 0, 0, 0, 0, 0]",controller_intent_only
197.06304025650024,0.0,"[0.0, 0.0, 0.0, 0.0]","[0, 0, 0, 0, 0, 0, 0, 0, 0, 0, 0, 0, 0, 0, 0, 0, 0, 0]",controller_intent_only
197.17876505851746,0.0,"[0.0, 0.2800000011920929, 0.0, 0.0]","[0, 0, 0, 0, 0, 0, 0, 0, 0, 0, 0, 0, 0, 0, 0, 0, 0, 0]",controller_intent_only
197.53453516960144,0.0,"[0.0, 0.14000000059604645, 0.0, 0.0]","[0, 0, 0, 0, 0, 0, 0, 0, 0, 0, 0, 0, 0, 0, 0, 0, 0, 0]",controller_intent_only
197.60240578651428,0.0,"[0.0, 0.0, 0.0, 0.0]","[0, 0, 0, 0, 0, 0, 0, 0, 0, 0, 0, 0, 0, 0, 0, 0, 0, 0]",controller_intent_only
200.1840856075287,0.0,"[0.0, 0.10000000149011612, 0.0, 0.0]","[0, 0, 0, 0, 0, 0, 0, 0, 0, 0, 0, 0, 0, 0, 0, 0, 0, 0]",controller_intent_only
200.26128435134888,0.0,"[0.0, 0.2199999988079071, 0.0, 0.0]","[0, 0, 0, 0, 0, 0, 0, 0, 0, 0, 0, 0, 0, 0, 0, 0, 0, 0]",controller_intent_only
200.47209119796753,0.0,"[0.0, 0.2800000011920929, 0.0, 0.0]","[0, 0, 0, 0, 0, 0, 0, 0, 0, 0, 0, 0, 0, 0, 0, 0, 0, 0]",controller_intent_only
200.61470246315002,0.0,"[0.0, 0.36000001430511475, 0.0, 0.0]","[0, 0, 0, 0, 0, 0, 0, 0, 0, 0, 0, 0, 0, 0, 0, 0, 0, 0]",controller_intent_only
200.79893851280212,0.0,"[0.0, 0.3499999940395355, 0.0, 0.0]","[0, 0, 0, 0, 0, 0, 0, 0, 0, 0, 0, 0, 0, 0, 0, 0, 0, 0]",controller_intent_only
201.35484313964844,0.0,"[-0.07000000029802322, 0.3499999940395355, 0.0, 0.0]","[0, 0, 0, 0, 0, 0, 0, 0, 0, 0, 0, 0, 0, 0, 0, 0, 0, 0]",controller_intent_only
201.52085542678833,0.0,"[-0.07999999821186066, 0.3499999940395355, 0.0, 0.0]","[0, 0, 0, 0, 0, 0, 0, 0, 0, 0, 0, 0, 0, 0, 0, 0, 0, 0]",controller_intent_only
201.85819554328918,0.0,"[-0.07000000029802322, 0.3400000035762787, 0.0, 0.0]","[0, 0, 0, 0, 0, 0, 0, 0, 0, 0, 0, 0, 0, 0, 0, 0, 0, 0]",controller_intent_only
201.91242265701294,0.0,"[-0.07000000029802322, 0.25999999046325684, 0.0, 0.0]","[0, 0, 0, 0, 0, 0, 0, 0, 0, 0, 0, 0, 0, 0, 0, 0, 0, 0]",controller_intent_only
202.16828417778015,0.0,"[0.0, 0.25, 0.0, 0.0]","[0, 0, 0, 0, 0, 0, 0, 0, 0, 0, 0, 0, 0, 0, 0, 0, 0, 0]",controller_intent_only
202.42759704589844,0.0,"[0.0, 0.2199999988079071, 0.0, 0.0]","[0, 0, 0, 0, 0, 0, 0, 0, 0, 0, 0, 0, 0, 0, 0, 0, 0, 0]",controller_intent_only
202.63837718963623,0.0,"[0.0, 0.20999999344348907, 0.0, 0.0]","[0, 0, 0, 0, 0, 0, 0, 0, 0, 0, 0, 0, 0, 0, 0, 0, 0, 0]",controller_intent_only
202.98903679847717,0.0,"[0.0, 0.20000000298023224, 0.0, 0.0]","[0, 0, 0, 0, 0, 0, 0, 0, 0, 0, 0, 0, 0, 0, 0, 0, 0, 0]",controller_intent_only
203.27862548828125,0.0,"[-0.09000000357627869, 0.20999999344348907, 0.0, 0.0]","[0, 0, 0, 0, 0, 0, 0, 0, 0, 0, 0, 0, 0, 0, 0, 0, 0, 0]",controller_intent_only
203.4373800754547,0.0,"[0.0, 0.12999999523162842, 0.0, 0.0]","[0, 0, 0, 0, 0, 0, 0, 0, 0, 0, 0, 0, 0, 0, 0, 0, 0, 0]",controller_intent_only
203.55012321472168,0.0,"[0.0, 0.0, 0.0, 0.0]","[0, 0, 0, 0, 0, 0, 0, 0, 0, 0, 0, 0, 0, 0, 0, 0, 0, 0]",controller_intent_only
203.75552368164062,0.0,"[0.0, 0.0, -0.6100000143051147, 0.0]","[0, 0, 0, 0, 0, 0, 0, 0, 0, 0, 0, 0, 0, 0, 0, 0, 0, 0]",controller_intent_only
203.90480971336365,0.0,"[0.0, 0.0, -0.75, 0.20999999344348907]","[0, 0, 0, 0, 0, 0, 0, 0, 0, 0, 0, 0, 0, 0, 0, 0, 0, 0]",controller_intent_only
204.26766180992126,0.0,"[0.0, 0.0, 0.0, 0.0]","[0, 0, 0, 0, 0, 0, 0, 0, 0, 0, 0, 0, 0, 0, 0, 0, 0, 0]",controller_intent_only
204.51888418197632,0.0,"[0.0, 0.20999999344348907, 0.0, 0.0]","[0, 0, 0, 0, 0, 0, 0, 0, 0, 0, 0, 0, 0, 0, 0, 0, 0, 0]",controller_intent_only
204.5331437587738,0.0,"[0.0, 0.0, 0.0, 0.0]","[0, 0, 0, 0, 0, 0, 0, 0, 0, 0, 0, 0, 0, 0, 0, 0, 0, 0]",controller_intent_only
205.3877890110016,0.0,"[0.0, 0.0, 0.09000000357627869, 0.0]","[0, 0, 0, 0, 0, 0, 0, 0, 0, 0, 0, 0, 0, 0, 0, 0, 0, 0]",controller_intent_only
205.50037717819214,0.0,"[0.0, 0.0, 0.18000000715255737, 0.0]","[0, 0, 0, 0, 0, 0, 0, 0, 0, 0, 0, 0, 0, 0, 0, 0, 0, 0]",controller_intent_only
205.70822477340698,0.0,"[0.0, 0.0, 1.0, 0.0]","[0, 0, 0, 0, 0, 0, 0, 0, 0, 0, 0, 0, 0, 0, 0, 0, 0, 0]",controller_intent_only
205.86552143096924,0.0,"[0.0, 0.0, 0.6600000262260437, 0.0]","[0, 0, 0, 0, 0, 0, 0, 0, 0, 0, 0, 0, 0, 0, 0, 0, 0, 0]",controller_intent_only
206.11473059654236,0.0,"[0.0, 0.0, 0.0, 0.0]","[0, 0, 0, 0, 0, 0, 0, 0, 0, 0, 0, 0, 0, 0, 0, 0, 0, 0]",controller_intent_only
206.61894488334656,0.0,"[0.0, 0.0, 0.25, 0.0]","[0, 0, 0, 0, 0, 0, 0, 0, 0, 0, 0, 0, 0, 0, 0, 0, 0, 0]",controller_intent_only
206.8772087097168,0.0,"[0.0, 0.0, 0.07999999821186066, 0.0]","[0, 0, 0, 0, 0, 0, 0, 0, 0, 0, 0, 0, 0, 0, 0, 0, 0, 0]",controller_intent_only
207.00635886192322,0.0,"[0.0, 0.15000000596046448, 0.0, 0.0]","[0, 0, 0, 0, 0, 0, 0, 0, 0, 0, 0, 0, 0, 0, 0, 0, 0, 0]",controller_intent_only
207.09903740882874,0.0,"[0.0, 0.0, 0.0, 0.0]","[0, 0, 0, 0, 0, 0, 0, 0, 0, 0, 0, 0, 0, 0, 0, 0, 0, 0]",controller_intent_only
207.30590415000916,0.0,"[0.0, 0.0, 0.6899999976158142, 0.0]","[0, 0, 0, 0, 0, 0, 0, 0, 0, 0, 0, 0, 0, 0, 0, 0, 0, 0]",controller_intent_only
207.53901600837708,0.0,"[0.0, 0.0, 0.0, 0.0]","[0, 0, 0, 0, 0, 0, 0, 0, 0, 0, 0, 0, 0, 0, 0, 0, 0, 0]",controller_intent_only
212.09917545318604,0.0,"[0.0, 0.11999999731779099, 0.0, 0.0]","[0, 0, 0, 0, 0, 0, 0, 0, 0, 0, 0, 0, 0, 0, 0, 0, 0, 0]",controller_intent_only
212.36094093322754,0.0,"[0.0, 0.2199999988079071, 0.0, 0.0]","[0, 0, 0, 0, 0, 0, 0, 0, 0, 0, 0, 0, 0, 0, 0, 0, 0, 0]",controller_intent_only
212.52010846138,0.0,"[0.0, 0.20999999344348907, 0.0, 0.0]","[0, 0, 0, 0, 0, 0, 0, 0, 0, 0, 0, 0, 0, 0, 0, 0, 0, 0]",controller_intent_only
212.70719194412231,0.0,"[0.0, 0.36000001430511475, 0.0, 0.0]","[0, 0, 0, 0, 0, 0, 0, 0, 0, 0, 0, 0, 0, 0, 0, 0, 0, 0]",controller_intent_only
212.81196570396423,0.0,"[-0.09000000357627869, 0.4399999976158142, 0.0, 0.0]","[0, 0, 0, 0, 0, 0, 0, 0, 0, 0, 0, 0, 0, 0, 0, 0, 0, 0]",controller_intent_only
213.03572392463684,0.0,"[-0.09000000357627869, 0.41999998688697815, 0.0, 0.0]","[0, 0, 0, 0, 0, 0, 0, 0, 0, 0, 0, 0, 0, 0, 0, 0, 0, 0]",controller_intent_only
213.462553024292,0.0,"[-0.10000000149011612, 0.41999998688697815, 0.0, 0.0]","[0, 0, 0, 0, 0, 0, 0, 0, 0, 0, 0, 0, 0, 0, 0, 0, 0, 0]",controller_intent_only
213.6550874710083,0.0,"[-0.10999999940395355, 0.41999998688697815, 0.0, 0.0]","[0, 0, 0, 0, 0, 0, 0, 0, 0, 0, 0, 0, 0, 0, 0, 0, 0, 0]",controller_intent_only
213.9191119670868,0.0,"[-0.11999999731779099, 0.41999998688697815, 0.0, 0.0]","[0, 0, 0, 0, 0, 0, 0, 0, 0, 0, 0, 0, 0, 0, 0, 0, 0, 0]",controller_intent_only
214.52366018295288,0.0,"[-0.11999999731779099, 0.4099999964237213, 0.0, 0.0]","[0, 0, 0, 0, 0, 0, 0, 0, 0, 0, 0, 0, 0, 0, 0, 0, 0, 0]",controller_intent_only
215.26300477981567,0.0,"[-0.11999999731779099, 0.41999998688697815, 0.0, 0.0]","[0, 0, 0, 0, 0, 0, 0, 0, 0, 0, 0, 0, 0, 0, 0, 0, 0, 0]",controller_intent_only
215.48039841651917,0.0,"[-0.11999999731779099, 0.4099999964237213, 0.0, 0.0]","[0, 0, 0, 0, 0, 0, 0, 0, 0, 0, 0, 0, 0, 0, 0, 0, 0, 0]",controller_intent_only
216.08469676971436,0.0,"[-0.10000000149011612, 0.25999999046325684, 0.0, 0.0]","[0, 0, 0, 0, 0, 0, 0, 0, 0, 0, 0, 0, 0, 0, 0, 0, 0, 0]",controller_intent_only
216.22242999076843,0.0,"[0.0, 0.2199999988079071, -0.17000000178813934, 0.0]","[0, 0, 0, 0, 0, 0, 0, 0, 0, 0, 0, 0, 0, 0, 0, 0, 0, 0]",controller_intent_only
216.71739268302917,0.0,"[-0.07000000029802322, 0.33000001311302185, -0.5699999928474426, -0.27000001072883606]","[0, 0, 0, 0, 0, 0, 0, 0, 0, 0, 0, 0, 0, 0, 0, 0, 0, 0]",controller_intent_only
216.88633370399475,0.0,"[-0.07999999821186066, 0.3199999928474426, -0.6100000143051147, -0.23000000417232513]","[0, 0, 0, 0, 0, 0, 0, 0, 0, 0, 0, 0, 0, 0, 0, 0, 0, 0]",controller_intent_only
216.9195294380188,0.0,"[-0.07999999821186066, 0.3100000023841858, 0.0, 0.0]","[0, 0, 0, 0, 0, 0, 0, 0, 0, 0, 0, 0, 0, 0, 0, 0, 0, 0]",controller_intent_only
217.13111758232117,0.0,"[0.0, 0.2800000011920929, 0.0, 0.0]","[0, 0, 0, 0, 0, 0, 0, 0, 0, 0, 0, 0, 0, 0, 0, 0, 0, 0]",controller_intent_only
217.5725543498993,0.0,"[0.0, 0.28999999165534973, 0.0, 0.0]","[0, 0, 0, 0, 0, 0, 0, 0, 0, 0, 0, 0, 0, 0, 0, 0, 0, 0]",controller_intent_only
218.19559812545776,0.0,"[-0.07999999821186066, 0.30000001192092896, 0.09000000357627869, 0.12999999523162842]","[0, 0, 0, 0, 0, 0, 0, 0, 0, 0, 0, 0, 0, 0, 0, 0, 0, 0]",controller_intent_only
218.8895447254181,0.0,"[-0.07000000029802322, 0.33000001311302185, 0.3100000023841858, 0.10000000149011612]","[0, 0, 0, 0, 0, 0, 0, 0, 0, 0, 0, 0, 0, 0, 0, 0, 0, 0]",controller_intent_only
219.45106554031372,0.0,"[0.0, 0.44999998807907104, 0.20000000298023224, 0.0]","[0, 0, 0, 0, 0, 0, 0, 0, 0, 0, 0, 0, 0, 0, 0, 0, 0, 0]",controller_intent_only
220.03803324699402,0.0,"[0.0, 0.5099999904632568, 0.0, 0.0]","[0, 0, 0, 0, 0, 0, 0, 0, 0, 0, 0, 0, 0, 0, 0, 0, 0, 0]",controller_intent_only
220.18396544456482,0.0,"[0.0, 0.5600000023841858, 0.0, 0.0]","[0, 0, 0, 0, 0, 0, 0, 0, 0, 0, 0, 0, 0, 0, 0, 0, 0, 0]",controller_intent_only
220.9640715122223,0.0,"[-0.07000000029802322, 0.5, 0.0, 0.0]","[0, 0, 0, 0, 0, 0, 0, 0, 0, 0, 0, 0, 0, 0, 0, 0, 0, 0]",controller_intent_only
221.58408880233765,0.0,"[-0.09000000357627869, 0.5199999809265137, 0.0, 0.0]","[0, 0, 0, 0, 0, 0, 0, 0, 0, 0, 0, 0, 0, 0, 0, 0, 0, 0]",controller_intent_only
222.39890813827515,0.0,"[-0.12999999523162842, 0.47999998927116394, 0.0, 0.0]","[0, 0, 0, 0, 0, 0, 0, 0, 0, 0, 0, 0, 0, 0, 0, 0, 0, 0]",controller_intent_only
222.78005981445312,0.0,"[-0.10999999940395355, 0.46000000834465027, 0.0, 0.0]","[0, 0, 0, 0, 0, 0, 0, 0, 0, 0, 0, 0, 0, 0, 0, 0, 0, 0]",controller_intent_only
223.59452080726624,0.0,"[-0.07999999821186066, 0.30000001192092896, 0.0, 0.0]","[0, 0, 0, 0, 0, 0, 0, 0, 0, 0, 0, 0, 0, 0, 0, 0, 0, 0]",controller_intent_only
223.93352842330933,0.0,"[0.0, 0.30000001192092896, 0.0, 0.0]","[0, 0, 0, 0, 0, 0, 0, 0, 0, 0, 0, 0, 0, 0, 0, 0, 0, 0]",controller_intent_only
224.87835788726807,0.0,"[0.0, 0.3100000023841858, 0.0, 0.0]","[0, 0, 0, 0, 0, 0, 0, 0, 0, 0, 0, 0, 0, 0, 0, 0, 0, 0]",controller_intent_only
225.98416709899902,0.0,"[0.0, 0.4000000059604645, 0.0, 0.0]","[0, 0, 0, 0, 0, 0, 0, 0, 0, 0, 0, 0, 0, 0, 0, 0, 0, 0]",controller_intent_only
226.28619813919067,0.0,"[0.0, 0.5199999809265137, 0.0, 0.0]","[0, 0, 0, 0, 0, 0, 0, 0, 0, 0, 0, 0, 0, 0, 0, 0, 0, 0]",controller_intent_only
227.0728542804718,0.0,"[0.0, 0.0, 1.0, -0.10000000149011612]","[0, 0, 0, 0, 0, 0, 0, 0, 0, 0, 0, 0, 0, 0, 0, 0, 0, 0]",controller_intent_only
227.27170825004578,0.0,"[0.0, 0.0, 0.0, 0.0]","[0, 0, 0, 0, 0, 0, 0, 0, 0, 0, 0, 0, 0, 0, 0, 0, 0, 0]",controller_intent_only
230.06653213500977,0.0,"[0.0, 0.2199999988079071, 0.0, 0.0]","[0, 0, 0, 0, 0, 0, 0, 0, 0, 0, 0, 0, 0, 0, 0, 0, 0, 0]",controller_intent_only
237.47760391235352,0.0,"[0.0, 0.0, -0.23999999463558197, 0.0]","[0, 0, 0, 0, 0, 0, 0, 0, 0, 0, 0, 0, 0, 0, 0, 0, 0, 0]",controller_intent_only
237.49960589408875,0.0,"[0.0, 0.0, 0.0, 0.0]","[0, 0, 0, 0, 0, 0, 0, 0, 0, 0, 0, 0, 0, 0, 0, 0, 0, 0]",controller_intent_only
237.5299105644226,0.0,"[0.0, 0.6000000238418579, 0.0, 0.0]","[0, 0, 0, 0, 0, 0, 0, 0, 0, 0, 0, 0, 0, 0, 0, 0, 0, 0]",controller_intent_only
237.54845571517944,0.0,"[0.0, 0.800000011920929, 0.0, 0.0]","[0, 0, 0, 0, 0, 0, 0, 0, 0, 0, 0, 0, 0, 0, 0, 0, 0, 0]",controller_intent_only
237.56227350234985,0.0,"[0.0, 0.36000001430511475, 0.0, 0.0]","[0, 0, 0, 0, 0, 0, 0, 0, 0, 0, 0, 0, 0, 0, 0, 0, 0, 0]",controller_intent_only
237.56473064422607,0.0,"[0.0, 0.3700000047683716, 0.0, 0.0]","[0, 0, 0, 0, 0, 0, 0, 0, 0, 0, 0, 0, 0, 0, 0, 0, 0, 0]",controller_intent_only
237.60096073150635,0.0,"[0.0, 0.3100000023841858, 0.0, 0.0]","[0, 0, 0, 0, 0, 0, 0, 0, 0, 0, 0, 0, 0, 0, 0, 0, 0, 0]",controller_intent_only
237.6011917591095,0.0,"[0.0, 0.0, 0.0, 0.0]","[0, 0, 0, 0, 0, 0, 0, 0, 0, 0, 0, 0, 0, 0, 0, 0, 0, 0]",controller_intent_only
237.64782905578613,0.0,"[0.0, 0.0, -1.0, 0.0]","[0, 0, 0, 0, 0, 0, 0, 0, 0, 0, 0, 0, 0, 0, 0, 0, 0, 0]",controller_intent_only
237.64807653427124,0.0,"[0.0, 0.0, 0.0, 0.0]","[0, 0, 0, 0, 0, 0, 0, 0, 0, 0, 0, 0, 0, 0, 0, 0, 0, 0]",controller_intent_only
237.72073769569397,0.0,"[0.0, 0.4000000059604645, -0.27000001072883606, 0.0]","[0, 0, 0, 0, 0, 0, 0, 0, 0, 0, 0, 0, 0, 0, 0, 0, 0, 0]",controller_intent_only
237.73656296730042,0.0,"[0.0, 0.3799999952316284, -0.5, 0.07000000029802322]","[0, 0, 0, 0, 0, 0, 0, 0, 0, 0, 0, 0, 0, 0, 0, 0, 0, 0]",controller_intent_only
237.94011521339417,0.0,"[0.0, 0.3799999952316284, -0.3199999928474426, 0.0]","[0, 0, 0, 0, 0, 0, 0, 0, 0, 0, 0, 0, 0, 0, 0, 0, 0, 0]",controller_intent_only
238.24118566513062,0.0,"[0.0, 0.3499999940395355, 0.0, 0.0]","[0, 0, 0, 0, 0, 0, 0, 0, 0, 0, 0, 0, 0, 0, 0, 0, 0, 0]",controller_intent_only
238.36037397384644,0.0,"[0.0, 0.25, 0.0, 0.0]","[0, 0, 0, 0, 0, 0, 0, 0, 0, 0, 0, 0, 0, 0, 0, 0, 0, 0]",controller_intent_only
238.52846503257751,0.0,"[0.0, 0.23000000417232513, 0.2199999988079071, 0.0]","[0, 0, 0, 0, 0, 0, 0, 0, 0, 0, 0, 0, 0, 0, 0, 0, 0, 0]",controller_intent_only
238.73695063591003,0.0,"[0.0, 0.15000000596046448, -0.28999999165534973, 0.0]","[0, 0, 0, 0, 0, 0, 0, 0, 0, 0, 0, 0, 0, 0, 0, 0, 0, 0]",controller_intent_only
238.9683096408844,0.0,"[0.0, 0.0, -0.7200000286102295, 0.07999999821186066]","[0, 0, 0, 0, 0, 0, 0, 0, 0, 0, 0, 0, 0, 0, 0, 0, 0, 0]",controller_intent_only
239.13556146621704,0.0,"[0.0, 0.0, -0.6200000047683716, 0.17000000178813934]","[0, 0, 0, 0, 0, 0, 0, 0, 0, 0, 0, 0, 0, 0, 0, 0, 0, 0]",controller_intent_only
239.33553791046143,0.0,"[0.0, 0.0, 0.0, 0.0]","[0, 0, 0, 0, 0, 0, 0, 0, 0, 0, 0, 0, 0, 0, 0, 0, 0, 0]",controller_intent_only
239.56877255439758,0.0,"[0.0, 0.07999999821186066, 0.0, 0.0]","[0, 0, 0, 0, 0, 0, 0, 0, 0, 0, 0, 0, 0, 0, 0, 0, 0, 0]",controller_intent_only
239.65519976615906,0.0,"[0.0, 0.17000000178813934, -0.20999999344348907, 0.0]","[0, 0, 0, 0, 0, 0, 0, 0, 0, 0, 0, 0, 0, 0, 0, 0, 0, 0]",controller_intent_only
239.84995889663696,0.0,"[0.0, 0.11999999731779099, 0.0, 0.0]","[0, 0, 0, 0, 0, 0, 0, 0, 0, 0, 0, 0, 0, 0, 0, 0, 0, 0]",controller_intent_only
240.04612255096436,0.0,"[-0.09000000357627869, 0.4099999964237213, -0.5299999713897705, 0.0]","[0, 0, 0, 0, 0, 0, 0, 0, 0, 0, 0, 0, 0, 0, 0, 0, 0, 0]",controller_intent_only
240.28897070884705,0.0,"[-0.07000000029802322, 0.41999998688697815, -0.6700000166893005, 0.0]","[0, 0, 0, 0, 0, 0, 0, 0, 0, 0, 0, 0, 0, 0, 0, 0, 0, 0]",controller_intent_only
240.50257563591003,0.0,"[0.0, 0.4099999964237213, -0.6600000262260437, 0.0]","[0, 0, 0, 0, 0, 0, 0, 0, 0, 0, 0, 0, 0, 0, 0, 0, 0, 0]",controller_intent_only
240.67291927337646,0.0,"[0.0, 0.4099999964237213, -0.5600000023841858, 0.0]","[0, 0, 0, 0, 0, 0, 0, 0, 0, 0, 0, 0, 0, 0, 0, 0, 0, 0]",controller_intent_only
240.83858680725098,0.0,"[0.0, 0.4099999964237213, -0.5699999928474426, 0.0]","[0, 0, 0, 0, 0, 0, 0, 0, 0, 0, 0, 0, 0, 0, 0, 0, 0, 0]",controller_intent_only
240.9679160118103,0.0,"[0.0, 0.38999998569488525, -0.5699999928474426, 0.0]","[0, 0, 0, 0, 0, 0, 0, 0, 0, 0, 0, 0, 0, 0, 0, 0, 0, 0]",controller_intent_only
241.2287619113922,0.0,"[0.0, 0.38999998569488525, -0.550000011920929, 0.0]","[0, 0, 0, 0, 0, 0, 0, 0, 0, 0, 0, 0, 0, 0, 0, 0, 0, 0]",controller_intent_only
241.3931360244751,0.0,"[0.0, 0.4099999964237213, 0.0, 0.0]","[0, 0, 0, 0, 0, 0, 0, 0, 0, 0, 0, 0, 0, 0, 0, 0, 0, 0]",controller_intent_only
241.62175464630127,0.0,"[0.0, 0.41999998688697815, 0.0, 0.0]","[0, 0, 0, 0, 0, 0, 0, 0, 0, 0, 0, 0, 0, 0, 0, 0, 0, 0]",controller_intent_only
241.79141235351562,0.0,"[0.0, 0.41999998688697815, 0.5299999713897705, 0.0]","[0, 0, 0, 0, 0, 0, 0, 0, 0, 0, 0, 0, 0, 0, 0, 0, 0, 0]",controller_intent_only
241.95637154579163,0.0,"[0.0, 0.4099999964237213, 0.0, 0.0]","[0, 0, 0, 0, 0, 0, 0, 0, 0, 0, 0, 0, 0, 0, 0, 0, 0, 0]",controller_intent_only
242.36966800689697,0.0,"[0.0, 0.4000000059604645, 0.0, 0.0]","[0, 0, 0, 0, 0, 0, 0, 0, 0, 0, 0, 0, 0, 0, 0, 0, 0, 0]",controller_intent_only
242.7416877746582,0.0,"[0.0, 0.4099999964237213, 0.0, 0.0]","[0, 0, 0, 0, 0, 0, 0, 0, 0, 0, 0, 0, 0, 0, 0, 0, 0, 0]",controller_intent_only
242.96670293807983,0.0,"[0.0, 0.4000000059604645, 0.0, 0.0]","[0, 0, 0, 0, 0, 0, 0, 0, 0, 0, 0, 0, 0, 0, 0, 0, 0, 0]",controller_intent_only
243.26368069648743,0.0,"[0.0, 0.4000000059604645, 0.8799999952316284, 0.0]","[0, 0, 0, 0, 0, 0, 0, 0, 0, 0, 0, 0, 0, 0, 0, 0, 0, 0]",controller_intent_only
243.4812834262848,0.0,"[0.0, 0.4000000059604645, 0.0, 0.0]","[0, 0, 0, 0, 0, 0, 0, 0, 0, 0, 0, 0, 0, 0, 0, 0, 0, 0]",controller_intent_only
244.61156177520752,0.0,"[0.0, 0.38999998569488525, 0.0, 0.0]","[0, 0, 0, 0, 0, 0, 0, 0, 0, 0, 0, 0, 0, 0, 0, 0, 0, 0]",controller_intent_only
244.7602663040161,0.0,"[0.0, 0.38999998569488525, -0.17000000178813934, 0.0]","[0, 0, 0, 0, 0, 0, 0, 0, 0, 0, 0, 0, 0, 0, 0, 0, 0, 0]",controller_intent_only
244.98145818710327,0.0,"[0.0, 0.38999998569488525, -0.4399999976158142, 0.07999999821186066]","[0, 0, 0, 0, 0, 0, 0, 0, 0, 0, 0, 0, 0, 0, 0, 0, 0, 0]",controller_intent_only
245.27673840522766,0.0,"[0.0, 0.3400000035762787, 0.0, 0.0]","[0, 0, 0, 0, 0, 0, 0, 0, 0, 0, 0, 0, 0, 0, 0, 0, 0, 0]",controller_intent_only
245.5915505886078,0.0,"[0.0, 0.33000001311302185, 0.0, 0.0]","[0, 0, 0, 0, 0, 0, 0, 0, 0, 0, 0, 0, 0, 0, 0, 0, 0, 0]",controller_intent_only
245.77351784706116,0.0,"[0.0, 0.3100000023841858, 0.0, 0.0]","[0, 0, 0, 0, 0, 0, 0, 0, 0, 0, 0, 0, 0, 0, 0, 0, 0, 0]",controller_intent_only
245.97097945213318,0.0,"[0.0, 0.3199999928474426, 0.0, 0.0]","[0, 0, 0, 0, 0, 0, 0, 0, 0, 0, 0, 0, 0, 0, 0, 0, 0, 0]",controller_intent_only
246.2120177745819,0.0,"[0.0, 0.3100000023841858, 0.0, 0.0]","[0, 0, 0, 0, 0, 0, 0, 0, 0, 0, 0, 0, 0, 0, 0, 0, 0, 0]",controller_intent_only
246.5303430557251,0.0,"[0.0, 0.1599999964237213, 0.0, 0.0]","[0, 0, 0, 0, 0, 0, 0, 0, 0, 0, 0, 0, 0, 0, 0, 0, 0, 0]",controller_intent_only
246.6110074520111,0.0,"[0.0, 0.0, 0.0, 0.0]","[0, 0, 0, 0, 0, 0, 0, 0, 0, 0, 0, 0, 0, 0, 0, 0, 0, 0]",controller_intent_only
246.69040203094482,0.0,"[0.0, 0.0, 0.41999998688697815, 0.0]","[0, 0, 0, 0, 0, 0, 0, 0, 0, 0, 0, 0, 0, 0, 0, 0, 0, 0]",controller_intent_only
246.84521007537842,0.0,"[0.0, 0.0, 1.0, -0.14000000059604645]","[0, 0, 0, 0, 0, 0, 0, 0, 0, 0, 0, 0, 0, 0, 0, 0, 0, 0]",controller_intent_only
247.4530370235443,0.0,"[0.0, 0.0, 0.8600000143051147, 0.0]","[0, 0, 0, 0, 0, 0, 0, 0, 0, 0, 0, 0, 0, 0, 0, 0, 0, 0]",controller_intent_only
247.65268111228943,0.0,"[0.0, 0.0, 0.6800000071525574, 0.0]","[0, 0, 0, 0, 0, 0, 0, 0, 0, 0, 0, 0, 0, 0, 0, 0, 0, 0]",controller_intent_only
247.9453468322754,0.0,"[0.0, 0.0, 0.5699999928474426, 0.0]","[0, 0, 0, 0, 0, 0, 0, 0, 0, 0, 0, 0, 0, 0, 0, 0, 0, 0]",controller_intent_only
248.14292216300964,0.0,"[0.0, 0.0, 0.0, 0.0]","[0, 0, 0, 0, 0, 0, 0, 0, 0, 0, 0, 0, 0, 0, 0, 0, 0, 0]",controller_intent_only
248.3537220954895,0.0,"[0.0, 0.0, -0.1899999976158142, 0.0]","[0, 0, 0, 0, 0, 0, 0, 0, 0, 0, 0, 0, 0, 0, 0, 0, 0, 0]",controller_intent_only
248.54556393623352,0.0,"[0.0, 0.0, -0.9700000286102295, 0.23000000417232513]","[0, 0, 0, 0, 0, 0, 0, 0, 0, 0, 0, 0, 0, 0, 0, 0, 0, 0]",controller_intent_only
248.73792171478271,0.0,"[0.0, 0.0, -0.9700000286102295, 0.23999999463558197]","[0, 0, 0, 0, 0, 0, 0, 0, 0, 0, 0, 0, 0, 0, 0, 0, 0, 0]",controller_intent_only
248.94434523582458,0.0,"[0.0, 0.0, -0.9599999785423279, 0.28999999165534973]","[0, 0, 0, 0, 0, 0, 0, 0, 0, 0, 0, 0, 0, 0, 0, 0, 0, 0]",controller_intent_only
249.0455355644226,0.0,"[0.0, 0.0, -0.8999999761581421, 0.3199999928474426]","[0, 0, 0, 0, 0, 0, 0, 0, 0, 0, 0, 0, 0, 0, 0, 0, 0, 0]",controller_intent_only
249.2472321987152,0.0,"[0.0, 0.0, -0.8899999856948853, 0.3199999928474426]","[0, 0, 0, 0, 0, 0, 0, 0, 0, 0, 0, 0, 0, 0, 0, 0, 0, 0]",controller_intent_only
249.54109978675842,0.0,"[0.0, 0.0, -0.8899999856948853, 0.36000001430511475]","[0, 0, 0, 0, 0, 0, 0, 0, 0, 0, 0, 0, 0, 0, 0, 0, 0, 0]",controller_intent_only
249.7445650100708,0.0,"[0.0, 0.0, -0.8899999856948853, 0.3499999940395355]","[0, 0, 0, 0, 0, 0, 0, 0, 0, 0, 0, 0, 0, 0, 0, 0, 0, 0]",controller_intent_only
250.252014875412,0.0,"[0.0, 0.0, -0.8899999856948853, 0.33000001311302185]","[0, 0, 0, 0, 0, 0, 0, 0, 0, 0, 0, 0, 0, 0, 0, 0, 0, 0]",controller_intent_only
250.6611442565918,0.0,"[0.0, 0.0, -0.8199999928474426, 0.23999999463558197]","[0, 0, 0, 0, 0, 0, 0, 0, 0, 0, 0, 0, 0, 0, 0, 0, 0, 0]",controller_intent_only
250.85995364189148,0.0,"[0.0, 0.0, -0.5799999833106995, 0.12999999523162842]","[0, 0, 0, 0, 0, 0, 0, 0, 0, 0, 0, 0, 0, 0, 0, 0, 0, 0]",controller_intent_only
251.07781505584717,0.0,"[0.0, 0.0, 0.0, 0.0]","[0, 0, 0, 0, 0, 0, 0, 0, 0, 0, 0, 0, 0, 0, 0, 0, 0, 0]",controller_intent_only
251.27655673027039,0.0,"[0.0, 0.2199999988079071, 0.0, 0.0]","[0, 0, 0, 0, 0, 0, 0, 0, 0, 0, 0, 0, 0, 0, 0, 0, 0, 0]",controller_intent_only
251.3621928691864,0.0,"[0.0, 0.3400000035762787, 0.0, 0.0]","[0, 0, 0, 0, 0, 0, 0, 0, 0, 0, 0, 0, 0, 0, 0, 0, 0, 0]",controller_intent_only
251.56724953651428,0.0,"[0.0, 0.3799999952316284, 0.0, 0.0]","[0, 0, 0, 0, 0, 0, 0, 0, 0, 0, 0, 0, 0, 0, 0, 0, 0, 0]",controller_intent_only
251.7497787475586,0.0,"[0.0, 0.4099999964237213, 0.0, 0.0]","[0, 0, 0, 0, 0, 0, 0, 0, 0, 0, 0, 0, 0, 0, 0, 0, 0, 0]",controller_intent_only
252.45072388648987,0.0,"[0.0, 0.4000000059604645, 0.0, 0.0]","[0, 0, 0, 0, 0, 0, 0, 0, 0, 0, 0, 0, 0, 0, 0, 0, 0, 0]",controller_intent_only
252.8548309803009,0.0,"[0.0, 0.4099999964237213, 0.0, 0.0]","[0, 0, 0, 0, 0, 0, 0, 0, 0, 0, 0, 0, 0, 0, 0, 0, 0, 0]",controller_intent_only
253.55077242851257,0.0,"[0.0, 0.41999998688697815, 0.0, 0.0]","[0, 0, 0, 0, 0, 0, 0, 0, 0, 0, 0, 0, 0, 0, 0, 0, 0, 0]",controller_intent_only
253.65498661994934,0.0,"[0.0, 0.4399999976158142, 0.0, 0.0]","[0, 0, 0, 0, 0, 0, 0, 0, 0, 0, 0, 0, 0, 0, 0, 0, 0, 0]",controller_intent_only
253.85115575790405,0.0,"[0.0, 0.4300000071525574, 0.0, 0.0]","[0, 0, 0, 0, 0, 0, 0, 0, 0, 0, 0, 0, 0, 0, 0, 0, 0, 0]",controller_intent_only
254.05140018463135,0.0,"[0.0, 0.41999998688697815, 0.0, 0.0]","[0, 0, 0, 0, 0, 0, 0, 0, 0, 0, 0, 0, 0, 0, 0, 0, 0, 0]",controller_intent_only
254.44550251960754,0.0,"[0.0, 0.36000001430511475, 0.0, 0.0]","[0, 0, 0, 0, 0, 0, 0, 0, 0, 0, 0, 0, 0, 0, 0, 0, 0, 0]",controller_intent_only
254.64865016937256,0.0,"[0.0, 0.3499999940395355, 0.0, 0.0]","[0, 0, 0, 0, 0, 0, 0, 0, 0, 0, 0, 0, 0, 0, 0, 0, 0, 0]",controller_intent_only
254.74253678321838,0.0,"[0.0, 0.3400000035762787, 0.0, 0.0]","[0, 0, 0, 0, 0, 0, 0, 0, 0, 0, 0, 0, 0, 0, 0, 0, 0, 0]",controller_intent_only
254.95148825645447,0.0,"[0.0, 0.18000000715255737, 0.0, 0.0]","[0, 0, 0, 0, 0, 0, 0, 0, 0, 0, 0, 0, 0, 0, 0, 0, 0, 0]",controller_intent_only
255.14835000038147,0.0,"[0.0, 0.0, -0.18000000715255737, 0.07999999821186066]","[0, 0, 0, 0, 0, 0, 0, 0, 0, 0, 0, 0, 0, 0, 0, 0, 0, 0]",controller_intent_only
255.35074090957642,0.0,"[0.0, 0.0, -0.8500000238418579, 0.5199999809265137]","[0, 0, 0, 0, 0, 0, 0, 0, 0, 0, 0, 0, 0, 0, 0, 0, 0, 0]",controller_intent_only
255.54490494728088,0.0,"[0.0, 0.0, -0.8700000047683716, 0.49000000953674316]","[0, 0, 0, 0, 0, 0, 0, 0, 0, 0, 0, 0, 0, 0, 0, 0, 0, 0]",controller_intent_only
255.96924138069153,0.0,"[0.0, 0.0, -0.8799999952316284, 0.4399999976158142]","[0, 0, 0, 0, 0, 0, 0, 0, 0, 0, 0, 0, 0, 0, 0, 0, 0, 0]",controller_intent_only
256.0629789829254,0.0,"[0.0, 0.0, -0.8899999856948853, 0.4399999976158142]","[0, 0, 0, 0, 0, 0, 0, 0, 0, 0, 0, 0, 0, 0, 0, 0, 0, 0]",controller_intent_only
256.25239658355713,0.0,"[0.0, 0.0, 0.0, 0.0]","[0, 0, 0, 0, 0, 0, 0, 0, 0, 0, 0, 0, 0, 0, 0, 0, 0, 0]",controller_intent_only
256.45413613319397,0.0,"[0.0, 0.3700000047683716, 0.0, 0.0]","[0, 0, 0, 0, 0, 0, 0, 0, 0, 0, 0, 0, 0, 0, 0, 0, 0, 0]",controller_intent_only
256.65602469444275,0.0,"[0.0, 0.3499999940395355, 0.0, 0.0]","[0, 0, 0, 0, 0, 0, 0, 0, 0, 0, 0, 0, 0, 0, 0, 0, 0, 0]",controller_intent_only
256.84930968284607,0.0,"[0.0, 0.25999999046325684, -0.27000001072883606, 0.0]","[0, 0, 0, 0, 0, 0, 0, 0, 0, 0, 0, 0, 0, 0, 0, 0, 0, 0]",controller_intent_only
257.05206847190857,0.0,"[0.0, 0.20999999344348907, -0.1599999964237213, 0.0]","[0, 0, 0, 0, 0, 0, 0, 0, 0, 0, 0, 0, 0, 0, 0, 0, 0, 0]",controller_intent_only
257.25167298316956,0.0,"[0.0, 0.18000000715255737, 0.0, 0.0]","[0, 0, 0, 0, 0, 0, 0, 0, 0, 0, 0, 0, 0, 0, 0, 0, 0, 0]",controller_intent_only
257.4523890018463,0.0,"[0.0, 0.1899999976158142, 0.0, 0.0]","[0, 0, 0, 0, 0, 0, 0, 0, 0, 0, 0, 0, 0, 0, 0, 0, 0, 0]",controller_intent_only
257.64873337745667,0.0,"[0.0, 0.2800000011920929, 0.0, 0.0]","[0, 0, 0, 0, 0, 0, 0, 0, 0, 0, 0, 0, 0, 0, 0, 0, 0, 0]",controller_intent_only
257.84934663772583,0.0,"[0.0, 0.28999999165534973, -0.41999998688697815, 0.07999999821186066]","[0, 0, 0, 0, 0, 0, 0, 0, 0, 0, 0, 0, 0, 0, 0, 0, 0, 0]",controller_intent_only
258.0550835132599,0.0,"[0.0, 0.28999999165534973, -0.5600000023841858, 0.2800000011920929]","[0, 0, 0, 0, 0, 0, 0, 0, 0, 0, 0, 0, 0, 0, 0, 0, 0, 0]",controller_intent_only
258.25944352149963,0.0,"[0.0, 0.28999999165534973, 0.0, 0.0]","[0, 0, 0, 0, 0, 0, 0, 0, 0, 0, 0, 0, 0, 0, 0, 0, 0, 0]",controller_intent_only
258.3498647212982,0.0,"[0.0, 0.3199999928474426, 0.0, 0.0]","[0, 0, 0, 0, 0, 0, 0, 0, 0, 0, 0, 0, 0, 0, 0, 0, 0, 0]",controller_intent_only
258.74947357177734,0.0,"[0.0, 0.3400000035762787, 0.0, 0.0]","[0, 0, 0, 0, 0, 0, 0, 0, 0, 0, 0, 0, 0, 0, 0, 0, 0, 0]",controller_intent_only
258.947012424469,0.0,"[0.0, 0.3799999952316284, 0.0, 0.0]","[0, 0, 0, 0, 0, 0, 0, 0, 0, 0, 0, 0, 0, 0, 0, 0, 0, 0]",controller_intent_only
259.15241384506226,0.0,"[0.0, 0.4000000059604645, 0.0, 0.0]","[0, 0, 0, 0, 0, 0, 0, 0, 0, 0, 0, 0, 0, 0, 0, 0, 0, 0]",controller_intent_only
259.34163641929626,0.0,"[0.0, 0.4099999964237213, 0.0, 0.0]","[0, 0, 0, 0, 0, 0, 0, 0, 0, 0, 0, 0, 0, 0, 0, 0, 0, 0]",controller_intent_only
259.4463827610016,0.0,"[0.0, 0.41999998688697815, 0.0, 0.0]","[0, 0, 0, 0, 0, 0, 0, 0, 0, 0, 0, 0, 0, 0, 0, 0, 0, 0]",controller_intent_only
259.6491243839264,0.0,"[0.0, 0.4300000071525574, 0.0, 0.0]","[0, 0, 0, 0, 0, 0, 0, 0, 0, 0, 0, 0, 0, 0, 0, 0, 0, 0]",controller_intent_only
260.8539583683014,0.0,"[0.0, 0.4699999988079071, 0.0, 0.0]","[0, 0, 0, 0, 0, 0, 0, 0, 0, 0, 0, 0, 0, 0, 0, 0, 0, 0]",controller_intent_only
261.04473543167114,0.0,"[0.0, 0.4699999988079071, 0.8899999856948853, 0.0]","[0, 0, 0, 0, 0, 0, 0, 0, 0, 0, 0, 0, 0, 0, 0, 0, 0, 0]",controller_intent_only
261.2508931159973,0.0,"[0.0, 0.4699999988079071, 1.0, 0.0]","[0, 0, 0, 0, 0, 0, 0, 0, 0, 0, 0, 0, 0, 0, 0, 0, 0, 0]",controller_intent_only
261.6488902568817,0.0,"[0.0, 0.46000000834465027, 1.0, 0.0]","[0, 0, 0, 0, 0, 0, 0, 0, 0, 0, 0, 0, 0, 0, 0, 0, 0, 0]",controller_intent_only
261.9469804763794,0.0,"[0.0, 0.46000000834465027, 0.8500000238418579, 0.0]","[0, 0, 0, 0, 0, 0, 0, 0, 0, 0, 0, 0, 0, 0, 0, 0, 0, 0]",controller_intent_only
262.148561000824,0.0,"[0.0, 0.46000000834465027, 0.0, 0.0]","[0, 0, 0, 0, 0, 0, 0, 0, 0, 0, 0, 0, 0, 0, 0, 0, 0, 0]",controller_intent_only
262.59725308418274,0.0,"[0.0, 0.44999998807907104, 0.0, 0.0]","[0, 0, 0, 0, 0, 0, 0, 0, 0, 0, 0, 0, 0, 0, 0, 0, 0, 0]",controller_intent_only
262.74099826812744,0.0,"[0.0, 0.46000000834465027, -0.6499999761581421, 0.30000001192092896]","[0, 0, 0, 0, 0, 0, 0, 0, 0, 0, 0, 0, 0, 0, 0, 0, 0, 0]",controller_intent_only
262.9503290653229,0.0,"[0.0, 0.44999998807907104, -0.7699999809265137, 0.4000000059604645]","[0, 0, 0, 0, 0, 0, 0, 0, 0, 0, 0, 0, 0, 0, 0, 0, 0, 0]",controller_intent_only
263.0481667518616,0.0,"[0.0, 0.44999998807907104, 0.0, 0.0]","[0, 0, 0, 0, 0, 0, 0, 0, 0, 0, 0, 0, 0, 0, 0, 0, 0, 0]",controller_intent_only
263.4417345523834,0.0,"[0.0, 0.4399999976158142, 0.0, 0.0]","[0, 0, 0, 0, 0, 0, 0, 0, 0, 0, 0, 0, 0, 0, 0, 0, 0, 0]",controller_intent_only
264.15540862083435,0.0,"[0.0, 0.4399999976158142, -0.4000000059604645, 0.0]","[0, 0, 0, 0, 0, 0, 0, 0, 0, 0, 0, 0, 0, 0, 0, 0, 0, 0]",controller_intent_only
264.3572669029236,0.0,"[0.0, 0.4399999976158142, -0.3199999928474426, 0.0]","[0, 0, 0, 0, 0, 0, 0, 0, 0, 0, 0, 0, 0, 0, 0, 0, 0, 0]",controller_intent_only
264.6695747375488,0.0,"[0.0, 0.3700000047683716, 0.0, 0.0]","[0, 0, 0, 0, 0, 0, 0, 0, 0, 0, 0, 0, 0, 0, 0, 0, 0, 0]",controller_intent_only
264.85551834106445,0.0,"[0.0, 0.38999998569488525, 0.0, 0.0]","[0, 0, 0, 0, 0, 0, 0, 0, 0, 0, 0, 0, 0, 0, 0, 0, 0, 0]",controller_intent_only
265.2502062320709,0.0,"[0.0, 0.38999998569488525, -0.9700000286102295, 0.11999999731779099]","[0, 0, 0, 0, 0, 0, 0, 0, 0, 0, 0, 0, 0, 0, 0, 0, 0, 0]",controller_intent_only
265.3498980998993,0.0,"[0.0, 0.3700000047683716, -0.9800000190734863, 0.17000000178813934]","[0, 0, 0, 0, 0, 0, 0, 0, 0, 0, 0, 0, 0, 0, 0, 0, 0, 0]",controller_intent_only
265.55664134025574,0.0,"[0.0, 0.3499999940395355, 0.0, 0.0]","[0, 0, 0, 0, 0, 0, 0, 0, 0, 0, 0, 0, 0, 0, 0, 0, 0, 0]",controller_intent_only
265.754980802536,0.0,"[0.0, 0.3400000035762787, 0.0, 0.0]","[0, 0, 0, 0, 0, 0, 0, 0, 0, 0, 0, 0, 0, 0, 0, 0, 0, 0]",controller_intent_only
266.15851068496704,0.0,"[0.0, 0.33000001311302185, -0.12999999523162842, 0.0]","[0, 0, 0, 0, 0, 0, 0, 0, 0, 0, 0, 0, 0, 0, 0, 0, 0, 0]",controller_intent_only
266.3657703399658,0.0,"[0.0, 0.28999999165534973, -0.5899999737739563, 0.10000000149011612]","[0, 0, 0, 0, 0, 0, 0, 0, 0, 0, 0, 0, 0, 0, 0, 0, 0, 0]",controller_intent_only
266.45484352111816,0.0,"[0.0, 0.28999999165534973, 0.0, 0.0]","[0, 0, 0, 0, 0, 0, 0, 0, 0, 0, 0, 0, 0, 0, 0, 0, 0, 0]",controller_intent_only
266.6536111831665,0.0,"[0.0, 0.23000000417232513, 0.0, 0.0]","[0, 0, 0, 0, 0, 0, 0, 0, 0, 0, 0, 0, 0, 0, 0, 0, 0, 0]",controller_intent_only
266.8451578617096,0.0,"[0.0, 0.30000001192092896, 0.9200000166893005, 0.0]","[0, 0, 0, 0, 0, 0, 0, 0, 0, 0, 0, 0, 0, 0, 0, 0, 0, 0]",controller_intent_only
267.0561797618866,0.0,"[0.0, 0.30000001192092896, 0.07999999821186066, 0.0]","[0, 0, 0, 0, 0, 0, 0, 0, 0, 0, 0, 0, 0, 0, 0, 0, 0, 0]",controller_intent_only
267.25740361213684,0.0,"[0.0, 0.3199999928474426, 0.0, 0.0]","[0, 0, 0, 0, 0, 0, 0, 0, 0, 0, 0, 0, 0, 0, 0, 0, 0, 0]",controller_intent_only
267.4544961452484,0.0,"[0.0, 0.3700000047683716, 0.0, 0.0]","[0, 0, 0, 0, 0, 0, 0, 0, 0, 0, 0, 0, 0, 0, 0, 0, 0, 0]",controller_intent_only
267.660258769989,0.0,"[0.0, 0.36000001430511475, 0.8700000047683716, 0.0]","[0, 0, 0, 0, 0, 0, 0, 0, 0, 0, 0, 0, 0, 0, 0, 0, 0, 0]",controller_intent_only
267.755987405777,0.0,"[0.0, 0.3799999952316284, 0.699999988079071, 0.0]","[0, 0, 0, 0, 0, 0, 0, 0, 0, 0, 0, 0, 0, 0, 0, 0, 0, 0]",controller_intent_only
267.9537353515625,0.0,"[0.0, 0.3799999952316284, 0.7799999713897705, 0.07999999821186066]","[0, 0, 0, 0, 0, 0, 0, 0, 0, 0, 0, 0, 0, 0, 0, 0, 0, 0]",controller_intent_only
268.15717458724976,0.0,"[0.0, 0.3499999940395355, 0.8799999952316284, 0.07999999821186066]","[0, 0, 0, 0, 0, 0, 0, 0, 0, 0, 0, 0, 0, 0, 0, 0, 0, 0]",controller_intent_only
268.4588849544525,0.0,"[0.0, 0.3499999940395355, 0.8399999737739563, 0.0]","[0, 0, 0, 0, 0, 0, 0, 0, 0, 0, 0, 0, 0, 0, 0, 0, 0, 0]",controller_intent_only
268.6543188095093,0.0,"[0.0, 0.3499999940395355, 0.18000000715255737, 0.0]","[0, 0, 0, 0, 0, 0, 0, 0, 0, 0, 0, 0, 0, 0, 0, 0, 0, 0]",controller_intent_only
268.75826597213745,0.0,"[0.0, 0.36000001430511475, 0.0, 0.0]","[0, 0, 0, 0, 0, 0, 0, 0, 0, 0, 0, 0, 0, 0, 0, 0, 0, 0]",controller_intent_only
268.96487259864807,0.0,"[0.0, 0.3199999928474426, -0.44999998807907104, 0.10000000149011612]","[0, 0, 0, 0, 0, 0, 0, 0, 0, 0, 0, 0, 0, 0, 0, 0, 0, 0]",controller_intent_only
269.17368268966675,0.0,"[0.0, 0.33000001311302185, -0.5899999737739563, 0.11999999731779099]","[0, 0, 0, 0, 0, 0, 0, 0, 0, 0, 0, 0, 0, 0, 0, 0, 0, 0]",controller_intent_only
269.3696801662445,0.0,"[0.0, 0.3499999940395355, 0.0, 0.0]","[0, 0, 0, 0, 0, 0, 0, 0, 0, 0, 0, 0, 0, 0, 0, 0, 0, 0]",controller_intent_only
269.55694675445557,0.0,"[0.0, 0.3499999940395355, -0.4699999988079071, 0.12999999523162842]","[0, 0, 0, 0, 0, 0, 0, 0, 0, 0, 0, 0, 0, 0, 0, 0, 0, 0]",controller_intent_only
269.7607514858246,0.0,"[0.0, 0.3499999940395355, -0.23999999463558197, 0.0]","[0, 0, 0, 0, 0, 0, 0, 0, 0, 0, 0, 0, 0, 0, 0, 0, 0, 0]",controller_intent_only
269.95372128486633,0.0,"[0.0, 0.3499999940395355, 0.0, 0.0]","[0, 0, 0, 0, 0, 0, 0, 0, 0, 0, 0, 0, 0, 0, 0, 0, 0, 0]",controller_intent_only
270.05977630615234,0.0,"[0.0, 0.3799999952316284, 0.0, 0.0]","[0, 0, 0, 0, 0, 0, 0, 0, 0, 0, 0, 0, 0, 0, 0, 0, 0, 0]",controller_intent_only
270.2648000717163,0.0,"[0.0, 0.38999998569488525, 0.0, 0.0]","[0, 0, 0, 0, 0, 0, 0, 0, 0, 0, 0, 0, 0, 0, 0, 0, 0, 0]",controller_intent_only
270.4587469100952,0.0,"[0.0, 0.33000001311302185, 0.0, 0.0]","[0, 0, 0, 0, 0, 0, 0, 0, 0, 0, 0, 0, 0, 0, 0, 0, 0, 0]",controller_intent_only
270.70759081840515,0.0,"[0.0, 0.14000000059604645, 0.0, 0.0]","[0, 0, 0, 0, 0, 0, 0, 0, 0, 0, 0, 0, 0, 0, 0, 0, 0, 0]",controller_intent_only
270.8629741668701,0.0,"[0.0, 0.1599999964237213, 0.0, 0.0]","[0, 0, 0, 0, 0, 0, 0, 0, 0, 0, 0, 0, 0, 0, 0, 0, 0, 0]",controller_intent_only
271.06548976898193,0.0,"[0.0, 0.07999999821186066, -0.949999988079071, 0.3100000023841858]","[0, 0, 0, 0, 0, 0, 0, 0, 0, 0, 0, 0, 0, 0, 0, 0, 0, 0]",controller_intent_only
271.16332387924194,0.0,"[0.0, 0.0, -0.9599999785423279, 0.30000001192092896]","[0, 0, 0, 0, 0, 0, 0, 0, 0, 0, 0, 0, 0, 0, 0, 0, 0, 0]",controller_intent_only
271.35757207870483,0.0,"[0.0, 0.0, -0.9399999976158142, 0.3499999940395355]","[0, 0, 0, 0, 0, 0, 0, 0, 0, 0, 0, 0, 0, 0, 0, 0, 0, 0]",controller_intent_only
271.5613350868225,0.0,"[0.0, 0.1599999964237213, -0.7400000095367432, 0.3100000023841858]","[0, 0, 0, 0, 0, 0, 0, 0, 0, 0, 0, 0, 0, 0, 0, 0, 0, 0]",controller_intent_only
271.75684452056885,0.0,"[0.0, 0.20999999344348907, 0.0, 0.0]","[0, 0, 0, 0, 0, 0, 0, 0, 0, 0, 0, 0, 0, 0, 0, 0, 0, 0]",controller_intent_only
271.95456528663635,0.0,"[0.0, 0.25999999046325684, 0.0, 0.0]","[0, 0, 0, 0, 0, 0, 0, 0, 0, 0, 0, 0, 0, 0, 0, 0, 0, 0]",controller_intent_only
272.15941882133484,0.0,"[0.0, 0.33000001311302185, -0.5199999809265137, 0.09000000357627869]","[0, 0, 0, 0, 0, 0, 0, 0, 0, 0, 0, 0, 0, 0, 0, 0, 0, 0]",controller_intent_only
272.36231088638306,0.0,"[0.0, 0.3199999928474426, -0.9599999785423279, 0.30000001192092896]","[0, 0, 0, 0, 0, 0, 0, 0, 0, 0, 0, 0, 0, 0, 0, 0, 0, 0]",controller_intent_only
272.57836866378784,0.0,"[0.0, 0.3199999928474426, -0.8600000143051147, 0.25]","[0, 0, 0, 0, 0, 0, 0, 0, 0, 0, 0, 0, 0, 0, 0, 0, 0, 0]",controller_intent_only
272.7555603981018,0.0,"[0.0, 0.3100000023841858, -0.7799999713897705, 0.25999999046325684]","[0, 0, 0, 0, 0, 0, 0, 0, 0, 0, 0, 0, 0, 0, 0, 0, 0, 0]",controller_intent_only
272.9609172344208,0.0,"[0.0, 0.3100000023841858, -0.7699999809265137, 0.27000001072883606]","[0, 0, 0, 0, 0, 0, 0, 0, 0, 0, 0, 0, 0, 0, 0, 0, 0, 0]",controller_intent_only
273.16604232788086,0.0,"[0.0, 0.3100000023841858, -0.7799999713897705, 0.2800000011920929]","[0, 0, 0, 0, 0, 0, 0, 0, 0, 0, 0, 0, 0, 0, 0, 0, 0, 0]",controller_intent_only
273.46598839759827,0.0,"[0.0, 0.3100000023841858, -0.7799999713897705, 0.30000001192092896]","[0, 0, 0, 0, 0, 0, 0, 0, 0, 0, 0, 0, 0, 0, 0, 0, 0, 0]",controller_intent_only
273.6648232936859,0.0,"[0.0, 0.30000001192092896, -0.8100000023841858, 0.3400000035762787]","[0, 0, 0, 0, 0, 0, 0, 0, 0, 0, 0, 0, 0, 0, 0, 0, 0, 0]",controller_intent_only
273.865220785141,0.0,"[0.0, 0.3100000023841858, -0.36000001430511475, 0.07000000029802322]","[0, 0, 0, 0, 0, 0, 0, 0, 0, 0, 0, 0, 0, 0, 0, 0, 0, 0]",controller_intent_only
274.06472659111023,0.0,"[0.0, 0.3400000035762787, 0.0, 0.0]","[0, 0, 0, 0, 0, 0, 0, 0, 0, 0, 0, 0, 0, 0, 0, 0, 0, 0]",controller_intent_only
274.2692377567291,0.0,"[0.0, 0.36000001430511475, 0.0, 0.0]","[0, 0, 0, 0, 0, 0, 0, 0, 0, 0, 0, 0, 0, 0, 0, 0, 0, 0]",controller_intent_only
274.46679043769836,0.0,"[0.0, 0.4099999964237213, 0.0, 0.0]","[0, 0, 0, 0, 0, 0, 0, 0, 0, 0, 0, 0, 0, 0, 0, 0, 0, 0]",controller_intent_only
274.6599352359772,0.0,"[0.0, 0.41999998688697815, 0.0, 0.0]","[0, 0, 0, 0, 0, 0, 0, 0, 0, 0, 0, 0, 0, 0, 0, 0, 0, 0]",controller_intent_only
274.76116132736206,0.0,"[0.0, 0.4399999976158142, 0.0, 0.0]","[0, 0, 0, 0, 0, 0, 0, 0, 0, 0, 0, 0, 0, 0, 0, 0, 0, 0]",controller_intent_only
275.1745705604553,0.0,"[0.0, 0.41999998688697815, 0.0, 0.0]","[0, 0, 0, 0, 0, 0, 0, 0, 0, 0, 0, 0, 0, 0, 0, 0, 0, 0]",controller_intent_only
275.36484456062317,0.0,"[0.0, 0.3700000047683716, 0.0, 0.0]","[0, 0, 0, 0, 0, 0, 0, 0, 0, 0, 0, 0, 0, 0, 0, 0, 0, 0]",controller_intent_only
275.56696343421936,0.0,"[0.0, 0.33000001311302185, 0.0, 0.0]","[0, 0, 0, 0, 0, 0, 0, 0, 0, 0, 0, 0, 0, 0, 0, 0, 0, 0]",controller_intent_only
275.96658992767334,0.0,"[0.0, 0.3400000035762787, 0.0, 0.0]","[0, 0, 0, 0, 0, 0, 0, 0, 0, 0, 0, 0, 0, 0, 0, 0, 0, 0]",controller_intent_only
276.1619703769684,0.0,"[0.0, 0.3499999940395355, 0.0, 0.0]","[0, 0, 0, 0, 0, 0, 0, 0, 0, 0, 0, 0, 0, 0, 0, 0, 0, 0]",controller_intent_only
276.3627302646637,0.0,"[0.0, 0.36000001430511475, 0.0, 0.0]","[0, 0, 0, 0, 0, 0, 0, 0, 0, 0, 0, 0, 0, 0, 0, 0, 0, 0]",controller_intent_only
276.5630648136139,0.0,"[0.0, 0.3700000047683716, 0.0, 0.0]","[0, 0, 0, 0, 0, 0, 0, 0, 0, 0, 0, 0, 0, 0, 0, 0, 0, 0]",controller_intent_only
276.8578689098358,0.0,"[0.0, 0.41999998688697815, 0.0, 0.0]","[0, 0, 0, 0, 0, 0, 0, 0, 0, 0, 0, 0, 0, 0, 0, 0, 0, 0]",controller_intent_only
277.0694146156311,0.0,"[0.0, 0.4099999964237213, 0.0, 0.0]","[0, 0, 0, 0, 0, 0, 0, 0, 0, 0, 0, 0, 0, 0, 0, 0, 0, 0]",controller_intent_only
277.27323365211487,0.0,"[0.0, 0.4000000059604645, 0.0, 0.0]","[0, 0, 0, 0, 0, 0, 0, 0, 0, 0, 0, 0, 0, 0, 0, 0, 0, 0]",controller_intent_only
277.46870017051697,0.0,"[0.0, 0.3799999952316284, 0.0, 0.0]","[0, 0, 0, 0, 0, 0, 0, 0, 0, 0, 0, 0, 0, 0, 0, 0, 0, 0]",controller_intent_only
277.6706500053406,0.0,"[0.0, 0.3700000047683716, 0.0, 0.0]","[0, 0, 0, 0, 0, 0, 0, 0, 0, 0, 0, 0, 0, 0, 0, 0, 0, 0]",controller_intent_only
278.0757734775543,0.0,"[0.0, 0.2800000011920929, 0.0, 0.0]","[0, 0, 0, 0, 0, 0, 0, 0, 0, 0, 0, 0, 0, 0, 0, 0, 0, 0]",controller_intent_only
278.17866134643555,0.0,"[0.0, 0.3199999928474426, 0.0, 0.0]","[0, 0, 0, 0, 0, 0, 0, 0, 0, 0, 0, 0, 0, 0, 0, 0, 0, 0]",controller_intent_only
278.566419839859,0.0,"[0.0, 0.2800000011920929, 0.0, 0.0]","[0, 0, 0, 0, 0, 0, 0, 0, 0, 0, 0, 0, 0, 0, 0, 0, 0, 0]",controller_intent_only
278.7657206058502,0.0,"[0.0, 0.20000000298023224, 0.0, 0.0]","[0, 0, 0, 0, 0, 0, 0, 0, 0, 0, 0, 0, 0, 0, 0, 0, 0, 0]",controller_intent_only
278.9619255065918,0.0,"[0.0, 0.27000001072883606, 0.0, 0.0]","[0, 0, 0, 0, 0, 0, 0, 0, 0, 0, 0, 0, 0, 0, 0, 0, 0, 0]",controller_intent_only
279.1705825328827,0.0,"[0.0, 0.23999999463558197, 0.0, 0.0]","[0, 0, 0, 0, 0, 0, 0, 0, 0, 0, 0, 0, 0, 0, 0, 0, 0, 0]",controller_intent_only
279.37068819999695,0.0,"[0.0, 0.0, 0.0, 0.0]","[0, 0, 0, 0, 0, 0, 0, 0, 0, 0, 0, 0, 0, 0, 0, 0, 0, 0]",controller_intent_only
279.7669219970703,0.0,"[0.0, 0.23000000417232513, 0.0, 0.0]","[0, 0, 0, 0, 0, 0, 0, 0, 0, 0, 0, 0, 0, 0, 0, 0, 0, 0]",controller_intent_only
279.9636597633362,0.0,"[0.0, 0.27000001072883606, 0.0, 0.0]","[0, 0, 0, 0, 0, 0, 0, 0, 0, 0, 0, 0, 0, 0, 0, 0, 0, 0]",controller_intent_only
280.1752302646637,0.0,"[0.0, 0.3199999928474426, 0.0, 0.0]","[0, 0, 0, 0, 0, 0, 0, 0, 0, 0, 0, 0, 0, 0, 0, 0, 0, 0]",controller_intent_only
280.37165093421936,0.0,"[0.0, 0.25, 0.0, 0.0]","[0, 0, 0, 0, 0, 0, 0, 0, 0, 0, 0, 0, 0, 0, 0, 0, 0, 0]",controller_intent_only
280.4604113101959,0.0,"[0.0, 0.27000001072883606, 0.0, 0.0]","[0, 0, 0, 0, 0, 0, 0, 0, 0, 0, 0, 0, 0, 0, 0, 0, 0, 0]",controller_intent_only
280.67622780799866,0.0,"[0.0, 0.28999999165534973, 0.0, 0.0]","[0, 0, 0, 0, 0, 0, 0, 0, 0, 0, 0, 0, 0, 0, 0, 0, 0, 0]",controller_intent_only
280.8993525505066,0.0,"[0.0, 0.23999999463558197, 0.0, 0.0]","[0, 0, 0, 0, 0, 0, 0, 0, 0, 0, 0, 0, 0, 0, 0, 0, 0, 0]",controller_intent_only
281.271377325058,0.0,"[0.0, 0.0, 0.0, 0.0]","[0, 0, 0, 0, 0, 0, 0, 0, 0, 0, 0, 0, 0, 0, 0, 0, 0, 0]",controller_intent_only
281.5652537345886,0.0,"[0.0, 0.14000000059604645, 0.0, 0.0]","[0, 0, 0, 0, 0, 0, 0, 0, 0, 0, 0, 0, 0, 0, 0, 0, 0, 0]",controller_intent_only
281.7714352607727,0.0,"[0.0, 0.0, 0.0, 0.0]","[0, 0, 0, 0, 0, 0, 0, 0, 0, 0, 0, 0, 0, 0, 0, 0, 0, 0]",controller_intent_only
282.57243609428406,0.0,"[0.0, 0.3199999928474426, 0.0, 0.0]","[0, 0, 0, 0, 0, 0, 0, 0, 0, 0, 0, 0, 0, 0, 0, 0, 0, 0]",controller_intent_only
282.78369402885437,0.0,"[0.0, 0.0, 0.0, 0.0]","[0, 0, 0, 0, 0, 0, 0, 0, 0, 0, 0, 0, 0, 0, 0, 0, 0, 0]",controller_intent_only
283.06477093696594,0.0,"[0.0, 0.44999998807907104, 0.0, 0.0]","[0, 0, 0, 0, 0, 0, 0, 0, 0, 0, 0, 0, 0, 0, 0, 0, 0, 0]",controller_intent_only
283.26976895332336,0.0,"[0.0, 0.0, 0.0, 0.0]","[0, 0, 0, 0, 0, 0, 0, 0, 0, 0, 0, 0, 0, 0, 0, 0, 0, 0]",controller_intent_only
283.5718023777008,0.0,"[0.0, 0.0, 0.14000000059604645, 0.0]","[0, 0, 0, 0, 0, 0, 0, 0, 0, 0, 0, 0, 0, 0, 0, 0, 0, 0]",controller_intent_only
283.77001690864563,0.0,"[0.0, 0.0, 1.0, -0.23000000417232513]","[0, 0, 0, 0, 0, 0, 0, 0, 0, 0, 0, 0, 0, 0, 0, 0, 0, 0]",controller_intent_only
283.8685290813446,0.0,"[0.0, 0.0, 1.0, -0.18000000715255737]","[0, 0, 0, 0, 0, 0, 0, 0, 0, 0, 0, 0, 0, 0, 0, 0, 0, 0]",controller_intent_only
284.06964898109436,0.0,"[0.0, 0.0, 1.0, -0.23999999463558197]","[0, 0, 0, 0, 0, 0, 0, 0, 0, 0, 0, 0, 0, 0, 0, 0, 0, 0]",controller_intent_only
284.2684292793274,0.0,"[0.0, 0.0, 1.0, -0.2199999988079071]","[0, 0, 0, 0, 0, 0, 0, 0, 0, 0, 0, 0, 0, 0, 0, 0, 0, 0]",controller_intent_only
284.4651052951813,0.0,"[0.0, 0.0, 1.0, -0.10999999940395355]","[0, 0, 0, 0, 0, 0, 0, 0, 0, 0, 0, 0, 0, 0, 0, 0, 0, 0]",controller_intent_only
284.875120639801,0.0,"[0.0, 0.0, 0.8899999856948853, 0.0]","[0, 0, 0, 0, 0, 0, 0, 0, 0, 0, 0, 0, 0, 0, 0, 0, 0, 0]",controller_intent_only
285.0664668083191,0.0,"[0.0, 0.0, 0.0, 0.0]","[0, 0, 0, 0, 0, 0, 0, 0, 0, 0, 0, 0, 0, 0, 0, 0, 0, 0]",controller_intent_only
285.37804532051086,0.0,"[0.0, 0.0, -0.8600000143051147, 0.2800000011920929]","[0, 0, 0, 0, 0, 0, 0, 0, 0, 0, 0, 0, 0, 0, 0, 0, 0, 0]",controller_intent_only
285.5745213031769,0.0,"[0.0, 0.0, -0.9399999976158142, 0.3100000023841858]","[0, 0, 0, 0, 0, 0, 0, 0, 0, 0, 0, 0, 0, 0, 0, 0, 0, 0]",controller_intent_only
285.77131032943726,0.0,"[0.0, 0.0, 0.0, 0.0]","[0, 0, 0, 0, 0, 0, 0, 0, 0, 0, 0, 0, 0, 0, 0, 0, 0, 0]",controller_intent_only
286.1750762462616,0.0,"[0.0, 0.0, 1.0, 0.07000000029802322]","[0, 0, 0, 0, 0, 0, 0, 0, 0, 0, 0, 0, 0, 0, 0, 0, 0, 0]",controller_intent_only
286.2832975387573,0.0,"[0.0, 0.0, 0.0, 0.0]","[0, 0, 0, 0, 0, 0, 0, 0, 0, 0, 0, 0, 0, 0, 0, 0, 0, 0]",controller_intent_only
286.86972165107727,0.0,"[0.0, 0.0, 0.6600000262260437, 0.0]","[0, 0, 0, 0, 0, 0, 0, 0, 0, 0, 0, 0, 0, 0, 0, 0, 0, 0]",controller_intent_only
287.0711395740509,0.0,"[0.0, 0.0, 0.0, 0.0]","[0, 0, 0, 0, 0, 0, 0, 0, 0, 0, 0, 0, 0, 0, 0, 0, 0, 0]",controller_intent_only
287.6771671772003,0.0,"[0.0, 0.0, -0.6700000166893005, 0.0]","[0, 0, 0, 0, 0, 0, 0, 0, 0, 0, 0, 0, 0, 0, 0, 0, 0, 0]",controller_intent_only
287.8760914802551,0.0,"[0.0, 0.0, 0.0, 0.0]","[0, 0, 0, 0, 0, 0, 0, 0, 0, 0, 0, 0, 0, 0, 0, 0, 0, 0]",controller_intent_only
292.5977563858032,0.0,"[0.0, 0.0, 0.0, 0.0]","[0, 0, 0, 0, 0, 0, 0, 0, 1, 0, 0, 0, 0, 0, 0, 0, 0, 0]",controller_intent_only
295.28267908096313,0.0,"[0.0, 0.0, 0.0, 0.0]","[0, 0, 0, 0, 0, 0, 0, 0, 0, 0, 0, 0, 0, 0, 0, 0, 0, 0]",controller_intent_only
297.28618264198303,0.0,"[0.0, 0.1899999976158142, 0.0, 0.0]","[0, 0, 0, 0, 0, 0, 0, 0, 0, 0, 0, 0, 0, 0, 0, 0, 0, 0]",controller_intent_only
297.4814338684082,0.0,"[0.0, 0.0, 0.0, 0.0]","[0, 0, 0, 0, 0, 0, 0, 0, 0, 0, 0, 0, 0, 0, 0, 0, 0, 0]",controller_intent_only
299.08379459381104,0.0,"[0.0, 0.25999999046325684, 0.0, 0.0]","[0, 0, 0, 0, 0, 0, 0, 0, 0, 0, 0, 0, 0, 0, 0, 0, 0, 0]",controller_intent_only
299.19232988357544,0.0,"[0.0, 0.10999999940395355, 0.0, 0.0]","[0, 0, 0, 0, 0, 0, 0, 0, 0, 0, 0, 0, 0, 0, 0, 0, 0, 0]",controller_intent_only
299.3922700881958,0.0,"[0.0, 0.15000000596046448, 0.0, 0.0]","[0, 0, 0, 0, 0, 0, 0, 0, 0, 0, 0, 0, 0, 0, 0, 0, 0, 0]",controller_intent_only
299.58315086364746,0.0,"[0.0, 0.0, 0.0, 0.0]","[0, 0, 0, 0, 0, 0, 0, 0, 0, 0, 0, 0, 0, 0, 0, 0, 0, 0]",controller_intent_only
300.18702006340027,0.0,"[0.0, 0.1599999964237213, 0.0, 0.0]","[0, 0, 0, 0, 0, 0, 0, 0, 0, 0, 0, 0, 0, 0, 0, 0, 0, 0]",controller_intent_only
300.27956557273865,0.0,"[0.0, 0.20000000298023224, 0.0, 0.0]","[0, 0, 0, 0, 0, 0, 0, 0, 0, 0, 0, 0, 0, 0, 0, 0, 0, 0]",controller_intent_only
300.48519468307495,0.0,"[0.0, 0.20999999344348907, 0.0, 0.0]","[0, 0, 0, 0, 0, 0, 0, 0, 0, 0, 0, 0, 0, 0, 0, 0, 0, 0]",controller_intent_only
300.6842575073242,0.0,"[0.0, 0.2199999988079071, 0.0, 0.0]","[0, 0, 0, 0, 0, 0, 0, 0, 0, 0, 0, 0, 0, 0, 0, 0, 0, 0]",controller_intent_only
301.09005188941956,0.0,"[0.0, 0.30000001192092896, 0.0, 0.0]","[0, 0, 0, 0, 0, 0, 0, 0, 0, 0, 0, 0, 0, 0, 0, 0, 0, 0]",controller_intent_only
301.2944803237915,0.0,"[0.0, 0.3799999952316284, 0.0, 0.0]","[0, 0, 0, 0, 0, 0, 0, 0, 0, 0, 0, 0, 0, 0, 0, 0, 0, 0]",controller_intent_only
301.49378871917725,0.0,"[0.0, 0.3499999940395355, 0.0, 0.0]","[0, 0, 0, 0, 0, 0, 0, 0, 0, 0, 0, 0, 0, 0, 0, 0, 0, 0]",controller_intent_only
301.59462666511536,0.0,"[0.0, 0.3499999940395355, -0.5799999833106995, -0.2199999988079071]","[0, 0, 0, 0, 0, 0, 0, 0, 0, 0, 0, 0, 0, 0, 0, 0, 0, 0]",controller_intent_only
301.7807831764221,0.0,"[0.0, 0.3700000047683716, -0.5400000214576721, -0.23000000417232513]","[0, 0, 0, 0, 0, 0, 0, 0, 0, 0, 0, 0, 0, 0, 0, 0, 0, 0]",controller_intent_only
301.99217224121094,0.0,"[0.0, 0.36000001430511475, -0.28999999165534973, -0.12999999523162842]","[0, 0, 0, 0, 0, 0, 0, 0, 0, 0, 0, 0, 0, 0, 0, 0, 0, 0]",controller_intent_only
302.2065999507904,0.0,"[0.0, 0.20000000298023224, 0.0, 0.0]","[0, 0, 0, 0, 0, 0, 0, 0, 0, 0, 0, 0, 0, 0, 0, 0, 0, 0]",controller_intent_only
302.48487997055054,0.0,"[0.0, 0.23999999463558197, 0.5099999904632568, 0.0]","[0, 0, 0, 0, 0, 0, 0, 0, 0, 0, 0, 0, 0, 0, 0, 0, 0, 0]",controller_intent_only
302.61064529418945,0.0,"[0.0, 0.23000000417232513, 0.0, 0.0]","[0, 0, 0, 0, 0, 0, 0, 0, 0, 0, 0, 0, 0, 0, 0, 0, 0, 0]",controller_intent_only
302.788170337677,0.0,"[0.0, 0.20999999344348907, 0.0, 0.0]","[0, 0, 0, 0, 0, 0, 0, 0, 0, 0, 0, 0, 0, 0, 0, 0, 0, 0]",controller_intent_only
303.1993384361267,0.0,"[0.0, 0.2199999988079071, 0.0, 0.0]","[0, 0, 0, 0, 0, 0, 0, 0, 0, 0, 0, 0, 0, 0, 0, 0, 0, 0]",controller_intent_only
303.79042387008667,0.0,"[0.0, 0.23000000417232513, 0.0, 0.0]","[0, 0, 0, 0, 0, 0, 0, 0, 0, 0, 0, 0, 0, 0, 0, 0, 0, 0]",controller_intent_only
304.90278792381287,0.0,"[0.0, 0.27000001072883606, 0.07000000029802322, 0.0]","[0, 0, 0, 0, 0, 0, 0, 0, 0, 0, 0, 0, 0, 0, 0, 0, 0, 0]",controller_intent_only
304.9841787815094,0.0,"[0.0, 0.20000000298023224, 0.3400000035762787, 0.0]","[0, 0, 0, 0, 0, 0, 0, 0, 0, 0, 0, 0, 0, 0, 0, 0, 0, 0]",controller_intent_only
305.1885914802551,0.0,"[0.0, 0.14000000059604645, 0.0, 0.0]","[0, 0, 0, 0, 0, 0, 0, 0, 0, 0, 0, 0, 0, 0, 0, 0, 0, 0]",controller_intent_only
305.39652705192566,0.0,"[0.0, 0.17000000178813934, 0.0, 0.0]","[0, 0, 0, 0, 0, 0, 0, 0, 0, 0, 0, 0, 0, 0, 0, 0, 0, 0]",controller_intent_only
305.5946452617645,0.0,"[0.0, 0.15000000596046448, 0.0, 0.0]","[0, 0, 0, 0, 0, 0, 0, 0, 0, 0, 0, 0, 0, 0, 0, 0, 0, 0]",controller_intent_only
305.9965181350708,0.0,"[0.0, 0.17000000178813934, 0.0, 0.0]","[0, 0, 0, 0, 0, 0, 0, 0, 0, 0, 0, 0, 0, 0, 0, 0, 0, 0]",controller_intent_only
306.1956534385681,0.0,"[0.0, 0.2800000011920929, 0.0, 0.0]","[0, 0, 0, 0, 0, 0, 0, 0, 0, 0, 0, 0, 0, 0, 0, 0, 0, 0]",controller_intent_only
306.79843163490295,0.0,"[0.0, 0.28999999165534973, 0.0, 0.0]","[0, 0, 0, 0, 0, 0, 0, 0, 0, 0, 0, 0, 0, 0, 0, 0, 0, 0]",controller_intent_only
306.9902777671814,0.0,"[0.0, 0.2800000011920929, 0.0, 0.0]","[0, 0, 0, 0, 0, 0, 0, 0, 0, 0, 0, 0, 0, 0, 0, 0, 0, 0]",controller_intent_only
307.19496154785156,0.0,"[0.0, 0.28999999165534973, 0.0, 0.0]","[0, 0, 0, 0, 0, 0, 0, 0, 0, 0, 0, 0, 0, 0, 0, 0, 0, 0]",controller_intent_only
307.3030745983124,0.0,"[0.0, 0.38999998569488525, -0.46000000834465027, 0.30000001192092896]","[0, 0, 0, 0, 0, 0, 0, 0, 0, 0, 0, 0, 0, 0, 0, 0, 0, 0]",controller_intent_only
307.4941987991333,0.0,"[0.0, 0.25999999046325684, 0.0, 0.0]","[0, 0, 0, 0, 0, 0, 0, 0, 0, 0, 0, 0, 0, 0, 0, 0, 0, 0]",controller_intent_only
307.69829511642456,0.0,"[0.0, 0.23999999463558197, 0.0, 0.0]","[0, 0, 0, 0, 0, 0, 0, 0, 0, 0, 0, 0, 0, 0, 0, 0, 0, 0]",controller_intent_only
307.8908541202545,0.0,"[0.0, 0.17000000178813934, 0.0, 0.0]","[0, 0, 0, 0, 0, 0, 0, 0, 0, 0, 0, 0, 0, 0, 0, 0, 0, 0]",controller_intent_only
308.09388279914856,0.0,"[0.0, 0.15000000596046448, 0.0, 0.0]","[0, 0, 0, 0, 0, 0, 0, 0, 0, 0, 0, 0, 0, 0, 0, 0, 0, 0]",controller_intent_only
308.33822560310364,0.0,"[0.0, 0.18000000715255737, 0.0, 0.0]","[0, 0, 0, 0, 0, 0, 0, 0, 0, 0, 0, 0, 0, 0, 0, 0, 0, 0]",controller_intent_only
308.4920885562897,0.0,"[0.0, 0.23999999463558197, 0.0, 0.0]","[0, 0, 0, 0, 0, 0, 0, 0, 0, 0, 0, 0, 0, 0, 0, 0, 0, 0]",controller_intent_only
308.5961003303528,0.0,"[0.0, 0.25, 0.0, 0.0]","[0, 0, 0, 0, 0, 0, 0, 0, 0, 0, 0, 0, 0, 0, 0, 0, 0, 0]",controller_intent_only
309.1933388710022,0.0,"[0.0, 0.33000001311302185, 0.0, 0.0]","[0, 0, 0, 0, 0, 0, 0, 0, 0, 0, 0, 0, 0, 0, 0, 0, 0, 0]",controller_intent_only
309.4089367389679,0.0,"[0.0, 0.4099999964237213, 0.0, 0.0]","[0, 0, 0, 0, 0, 0, 0, 0, 0, 0, 0, 0, 0, 0, 0, 0, 0, 0]",controller_intent_only
309.615362405777,0.0,"[0.0, 0.4000000059604645, 0.0, 0.0]","[0, 0, 0, 0, 0, 0, 0, 0, 0, 0, 0, 0, 0, 0, 0, 0, 0, 0]",controller_intent_only
310.3978314399719,0.0,"[0.0, 0.4300000071525574, 0.0, 0.0]","[0, 0, 0, 0, 0, 0, 0, 0, 0, 0, 0, 0, 0, 0, 0, 0, 0, 0]",controller_intent_only
310.60403633117676,0.0,"[0.0, 0.5099999904632568, 0.0, 0.0]","[0, 0, 0, 0, 0, 0, 0, 0, 0, 0, 0, 0, 0, 0, 0, 0, 0, 0]",controller_intent_only
310.6972568035126,0.0,"[0.0, 0.5, 0.0, 0.0]","[0, 0, 0, 0, 0, 0, 0, 0, 0, 0, 0, 0, 0, 0, 0, 0, 0, 0]",controller_intent_only
310.89449071884155,0.0,"[0.0, 0.5099999904632568, 0.0, 0.0]","[0, 0, 0, 0, 0, 0, 0, 0, 0, 0, 0, 0, 0, 0, 0, 0, 0, 0]",controller_intent_only
311.09516167640686,0.0,"[0.0, 0.5199999809265137, 0.0, 0.0]","[0, 0, 0, 0, 0, 0, 0, 0, 0, 0, 0, 0, 0, 0, 0, 0, 0, 0]",controller_intent_only
311.2958836555481,0.0,"[0.0, 0.6800000071525574, 0.0, 0.0]","[0, 0, 0, 0, 0, 0, 0, 0, 0, 0, 0, 0, 0, 0, 0, 0, 0, 0]",controller_intent_only
311.50654458999634,0.0,"[0.0, 0.6000000238418579, 0.0, 0.0]","[0, 0, 0, 0, 0, 0, 0, 0, 0, 0, 0, 0, 0, 0, 0, 0, 0, 0]",controller_intent_only
312.39354968070984,0.0,"[0.0, 0.5799999833106995, 0.0, 0.0]","[0, 0, 0, 0, 0, 0, 0, 0, 0, 0, 0, 0, 0, 0, 0, 0, 0, 0]",controller_intent_only
312.5939931869507,0.0,"[0.0, 0.49000000953674316, 0.0, 0.0]","[0, 0, 0, 0, 0, 0, 0, 0, 0, 0, 0, 0, 0, 0, 0, 0, 0, 0]",controller_intent_only
312.8023805618286,0.0,"[0.0, 0.0, 0.0, 0.0]","[0, 0, 0, 0, 0, 0, 0, 0, 0, 0, 0, 0, 0, 0, 0, 0, 0, 0]",controller_intent_only
313.20789766311646,0.0,"[0.0, 0.3400000035762787, 0.0, 0.0]","[0, 0, 0, 0, 0, 0, 0, 0, 0, 0, 0, 0, 0, 0, 0, 0, 0, 0]",controller_intent_only
313.3002727031708,0.0,"[0.0, 0.44999998807907104, 0.0, 0.0]","[0, 0, 0, 0, 0, 0, 0, 0, 0, 0, 0, 0, 0, 0, 0, 0, 0, 0]",controller_intent_only
313.5009412765503,0.0,"[0.0, 0.800000011920929, 0.0, 0.0]","[0, 0, 0, 0, 0, 0, 0, 0, 0, 0, 0, 0, 0, 0, 0, 0, 0, 0]",controller_intent_only
313.80116391181946,0.0,"[0.0, 0.5699999928474426, 0.0, 0.0]","[0, 0, 0, 0, 0, 0, 0, 0, 0, 0, 0, 0, 0, 0, 0, 0, 0, 0]",controller_intent_only
313.99577951431274,0.0,"[0.0, 0.550000011920929, 0.0, 0.0]","[0, 0, 0, 0, 0, 0, 0, 0, 0, 0, 0, 0, 0, 0, 0, 0, 0, 0]",controller_intent_only
314.20717215538025,0.0,"[0.0, 0.49000000953674316, 0.0, 0.0]","[0, 0, 0, 0, 0, 0, 0, 0, 0, 0, 0, 0, 0, 0, 0, 0, 0, 0]",controller_intent_only
314.29978680610657,0.0,"[0.0, 0.30000001192092896, 0.0, 0.0]","[0, 0, 0, 0, 0, 0, 0, 0, 0, 0, 0, 0, 0, 0, 0, 0, 0, 0]",controller_intent_only
314.49496364593506,0.0,"[0.0, 0.10000000149011612, 0.0, 0.0]","[0, 0, 0, 0, 0, 0, 0, 0, 0, 0, 0, 0, 0, 0, 0, 0, 0, 0]",controller_intent_only
314.6980559825897,0.0,"[0.0, 0.0, 0.0, 0.0]","[0, 0, 0, 0, 0, 0, 0, 0, 0, 0, 0, 0, 0, 0, 0, 0, 0, 0]",controller_intent_only
314.9047727584839,0.0,"[0.0, 0.18000000715255737, 0.0, 0.0]","[0, 0, 0, 0, 0, 0, 0, 0, 0, 0, 0, 0, 0, 0, 0, 0, 0, 0]",controller_intent_only
315.0950391292572,0.0,"[0.0, 0.27000001072883606, 0.0, 0.0]","[0, 0, 0, 0, 0, 0, 0, 0, 0, 0, 0, 0, 0, 0, 0, 0, 0, 0]",controller_intent_only
315.3089323043823,0.0,"[0.0, 0.3400000035762787, 0.0, 0.0]","[0, 0, 0, 0, 0, 0, 0, 0, 0, 0, 0, 0, 0, 0, 0, 0, 0, 0]",controller_intent_only
315.40651631355286,0.0,"[0.0, 0.1899999976158142, 0.0, 0.0]","[0, 0, 0, 0, 0, 0, 0, 0, 0, 0, 0, 0, 0, 0, 0, 0, 0, 0]",controller_intent_only
315.5992765426636,0.0,"[0.0, 0.0, 0.0, 0.0]","[0, 0, 0, 0, 0, 0, 0, 0, 0, 0, 0, 0, 0, 0, 0, 0, 0, 0]",controller_intent_only
315.99676275253296,0.0,"[0.0, 0.3199999928474426, 0.0, 0.0]","[0, 0, 0, 0, 0, 0, 0, 0, 0, 0, 0, 0, 0, 0, 0, 0, 0, 0]",controller_intent_only
316.1962060928345,0.0,"[0.0, 0.2800000011920929, 0.0, 0.0]","[0, 0, 0, 0, 0, 0, 0, 0, 0, 0, 0, 0, 0, 0, 0, 0, 0, 0]",controller_intent_only
316.3982729911804,0.0,"[0.0, 0.0, 0.0, 0.0]","[0, 0, 0, 0, 0, 0, 0, 0, 0, 0, 0, 0, 0, 0, 0, 0, 0, 0]",controller_intent_only
316.6465573310852,0.0,"[0.0, 0.11999999731779099, 0.0, 0.0]","[0, 0, 0, 0, 0, 0, 0, 0, 0, 0, 0, 0, 0, 0, 0, 0, 0, 0]",controller_intent_only
316.70220851898193,0.0,"[0.0, 0.3100000023841858, 0.0, 0.0]","[0, 0, 0, 0, 0, 0, 0, 0, 0, 0, 0, 0, 0, 0, 0, 0, 0, 0]",controller_intent_only
316.9048418998718,0.0,"[0.0, 0.0, 0.0, 0.0]","[0, 0, 0, 0, 0, 0, 0, 0, 0, 0, 0, 0, 0, 0, 0, 0, 0, 0]",controller_intent_only
317.90771985054016,0.0,"[0.0, 0.14000000059604645, 0.0, 0.0]","[0, 0, 0, 0, 0, 0, 0, 0, 0, 0, 0, 0, 0, 0, 0, 0, 0, 0]",controller_intent_only
318.09960293769836,0.0,"[0.0, 0.0, 0.0, 0.0]","[0, 0, 0, 0, 0, 0, 0, 0, 0, 0, 0, 0, 0, 0, 0, 0, 0, 0]",controller_intent_only
320.0065336227417,0.0,"[0.0, 0.0, 1.0, 0.0]","[0, 0, 0, 0, 0, 0, 0, 0, 0, 0, 0, 0, 0, 0, 0, 0, 0, 0]",controller_intent_only
320.539831161499,0.0,"[0.0, 0.0, 0.3700000047683716, 0.0]","[0, 0, 0, 0, 0, 0, 0, 0, 0, 0, 0, 0, 0, 0, 0, 0, 0, 0]",controller_intent_only
320.6999626159668,0.0,"[0.0, 0.0, 0.0, 0.0]","[0, 0, 0, 0, 0, 0, 0, 0, 0, 0, 0, 0, 0, 0, 0, 0, 0, 0]",controller_intent_only
321.9107434749603,0.0,"[0.0, 0.0, -0.5899999737739563, 0.2199999988079071]","[0, 0, 0, 0, 0, 0, 0, 0, 0, 0, 0, 0, 0, 0, 0, 0, 0, 0]",controller_intent_only
322.17681884765625,0.0,"[0.0, 0.0, 0.0, 0.0]","[0, 0, 0, 0, 0, 0, 0, 0, 0, 0, 0, 0, 0, 0, 0, 0, 0, 0]",controller_intent_only
323.01247096061707,0.0,"[0.0, 0.0, 0.23000000417232513, 0.0]","[0, 0, 0, 0, 0, 0, 0, 0, 0, 0, 0, 0, 0, 0, 0, 0, 0, 0]",controller_intent_only
323.21021604537964,0.0,"[0.0, 0.0, 0.0, 0.0]","[0, 0, 0, 0, 0, 0, 0, 0, 0, 0, 0, 0, 0, 0, 0, 0, 0, 0]",controller_intent_only
327.31022000312805,0.0,"[0.0, 0.0, 0.3199999928474426, 0.0]","[0, 0, 0, 0, 0, 0, 0, 0, 0, 0, 0, 0, 0, 0, 0, 0, 0, 0]",controller_intent_only
327.5106840133667,0.0,"[0.0, 0.0, 0.0, 0.0]","[0, 0, 0, 0, 0, 0, 0, 0, 0, 0, 0, 0, 0, 0, 0, 0, 0, 0]",controller_intent_only
328.9102919101715,0.0,"[0.0, 0.18000000715255737, 0.0, 0.0]","[0, 0, 0, 0, 0, 0, 0, 0, 0, 0, 0, 0, 0, 0, 0, 0, 0, 0]",controller_intent_only
329.1547634601593,0.0,"[0.0, 0.0, 0.0, 0.0]","[0, 0, 0, 0, 0, 0, 0, 0, 0, 0, 0, 0, 0, 0, 0, 0, 0, 0]",controller_intent_only
329.8239481449127,0.0,"[0.0, 0.11999999731779099, 0.0, 0.0]","[0, 0, 0, 0, 0, 0, 0, 0, 0, 0, 0, 0, 0, 0, 0, 0, 0, 0]",controller_intent_only
330.0463571548462,0.0,"[0.0, 0.07000000029802322, 0.0, 0.0]","[0, 0, 0, 0, 0, 0, 0, 0, 0, 0, 0, 0, 0, 0, 0, 0, 0, 0]",controller_intent_only
330.21185541152954,0.0,"[0.0, 0.1599999964237213, 0.0, 0.0]","[0, 0, 0, 0, 0, 0, 0, 0, 0, 0, 0, 0, 0, 0, 0, 0, 0, 0]",controller_intent_only
330.4367301464081,0.0,"[0.0, 0.0, 0.0, 0.0]","[0, 0, 0, 0, 0, 0, 0, 0, 0, 0, 0, 0, 0, 0, 0, 0, 0, 0]",controller_intent_only
332.27399468421936,0.0,"[0.0, 0.10000000149011612, 0.0, 0.0]","[0, 0, 0, 0, 0, 0, 0, 0, 0, 0, 0, 0, 0, 0, 0, 0, 0, 0]",controller_intent_only
332.45605087280273,0.0,"[0.0, 0.15000000596046448, 0.0, 0.0]","[0, 0, 0, 0, 0, 0, 0, 0, 0, 0, 0, 0, 0, 0, 0, 0, 0, 0]",controller_intent_only
332.7474546432495,0.0,"[0.0, 0.14000000059604645, 0.0, 0.0]","[0, 0, 0, 0, 0, 0, 0, 0, 0, 0, 0, 0, 0, 0, 0, 0, 0, 0]",controller_intent_only
332.9828271865845,0.0,"[0.0, 0.0, 0.0, 0.0]","[0, 0, 0, 0, 0, 0, 0, 0, 0, 0, 0, 0, 0, 0, 0, 0, 0, 0]",controller_intent_only
334.54255533218384,0.0,"[0.0, 0.11999999731779099, -0.8299999833106995, 0.0]","[0, 0, 0, 0, 0, 0, 0, 0, 0, 0, 0, 0, 0, 0, 0, 0, 0, 0]",controller_intent_only
334.7488753795624,0.0,"[0.0, 0.14000000059604645, 0.0, 0.0]","[0, 0, 0, 0, 0, 0, 0, 0, 0, 0, 0, 0, 0, 0, 0, 0, 0, 0]",controller_intent_only
334.9374737739563,0.0,"[0.0, 0.1599999964237213, 0.0, 0.0]","[0, 0, 0, 0, 0, 0, 0, 0, 0, 0, 0, 0, 0, 0, 0, 0, 0, 0]",controller_intent_only
335.1504924297333,0.0,"[0.0, 0.0, 0.0, 0.0]","[0, 0, 0, 0, 0, 0, 0, 0, 0, 0, 0, 0, 0, 0, 0, 0, 0, 0]",controller_intent_only
335.65011525154114,0.0,"[0.0, 0.0, 1.0, 0.0]","[0, 0, 0, 0, 0, 0, 0, 0, 0, 0, 0, 0, 0, 0, 0, 0, 0, 0]",controller_intent_only
335.8702096939087,0.0,"[0.0, 0.0, 0.0, 0.0]","[0, 0, 0, 0, 0, 0, 0, 0, 0, 0, 0, 0, 0, 0, 0, 0, 0, 0]",controller_intent_only
337.7596650123596,0.0,"[0.0, 0.0, 0.10000000149011612, 0.0]","[0, 0, 0, 0, 0, 0, 0, 0, 0, 0, 0, 0, 0, 0, 0, 0, 0, 0]",controller_intent_only
337.96003580093384,0.0,"[0.0, 0.0, 0.8799999952316284, -0.07000000029802322]","[0, 0, 0, 0, 0, 0, 0, 0, 0, 0, 0, 0, 0, 0, 0, 0, 0, 0]",controller_intent_only
338.1417291164398,0.0,"[0.0, 0.09000000357627869, 0.0, 0.0]","[0, 0, 0, 0, 0, 0, 0, 0, 0, 0, 0, 0, 0, 0, 0, 0, 0, 0]",controller_intent_only
338.37389969825745,0.0,"[0.0, 0.0, 0.0, 0.0]","[0, 0, 0, 0, 0, 0, 0, 0, 0, 0, 0, 0, 0, 0, 0, 0, 0, 0]",controller_intent_only
338.7465109825134,0.0,"[0.0, 0.0, -0.7400000095367432, 0.0]","[0, 0, 0, 0, 0, 0, 0, 0, 0, 0, 0, 0, 0, 0, 0, 0, 0, 0]",controller_intent_only
338.8606433868408,0.0,"[0.0, 0.0, 0.0, 0.0]","[0, 0, 0, 0, 0, 0, 0, 0, 0, 0, 0, 0, 0, 0, 0, 0, 0, 0]",controller_intent_only
340.0600543022156,0.0,"[0.0, 0.0, -0.27000001072883606, 0.0]","[0, 0, 0, 0, 0, 0, 0, 0, 0, 0, 0, 0, 0, 0, 0, 0, 0, 0]",controller_intent_only
340.2616939544678,0.0,"[0.0, 0.0, 0.0, 0.0]","[0, 0, 0, 0, 0, 0, 0, 0, 0, 0, 0, 0, 0, 0, 0, 0, 0, 0]",controller_intent_only
340.4840581417084,0.0,"[0.0, 0.0, -0.1899999976158142, 0.0]","[0, 0, 0, 0, 0, 0, 0, 0, 0, 0, 0, 0, 0, 0, 0, 0, 0, 0]",controller_intent_only
340.66487860679626,0.0,"[0.0, 0.0, 0.0, 0.0]","[0, 0, 0, 0, 0, 0, 0, 0, 0, 0, 0, 0, 0, 0, 0, 0, 0, 0]",controller_intent_only
340.88694429397583,0.0,"[0.0, 0.0, -0.1899999976158142, 0.0]","[0, 0, 0, 0, 0, 0, 0, 0, 0, 0, 0, 0, 0, 0, 0, 0, 0, 0]",controller_intent_only
341.06842136383057,0.0,"[0.0, 0.0, 0.0, 0.0]","[0, 0, 0, 0, 0, 0, 0, 0, 0, 0, 0, 0, 0, 0, 0, 0, 0, 0]",controller_intent_only
341.1767454147339,0.0,"[0.0, 0.0, -0.10999999940395355, 0.0]","[0, 0, 0, 0, 0, 0, 0, 0, 0, 0, 0, 0, 0, 0, 0, 0, 0, 0]",controller_intent_only
341.35976219177246,0.0,"[0.0, 0.0, 0.0, 0.0]","[0, 0, 0, 0, 0, 0, 0, 0, 0, 0, 0, 0, 0, 0, 0, 0, 0, 0]",controller_intent_only
341.74653148651123,0.0,"[0.0, 0.0, -0.10999999940395355, 0.0]","[0, 0, 0, 0, 0, 0, 0, 0, 0, 0, 0, 0, 0, 0, 0, 0, 0, 0]",controller_intent_only
341.9490568637848,0.0,"[0.0, 0.0, -0.5299999713897705, 0.07999999821186066]","[0, 0, 0, 0, 0, 0, 0, 0, 0, 0, 0, 0, 0, 0, 0, 0, 0, 0]",controller_intent_only
342.14267897605896,0.0,"[0.0, 0.0, 0.0, 0.0]","[0, 0, 0, 0, 0, 0, 0, 0, 0, 0, 0, 0, 0, 0, 0, 0, 0, 0]",controller_intent_only
342.6348407268524,0.0,"[0.0, 0.0, 0.4399999976158142, 0.0]","[0, 0, 0, 0, 0, 0, 0, 0, 0, 0, 0, 0, 0, 0, 0, 0, 0, 0]",controller_intent_only
342.8471040725708,0.0,"[0.0, 0.0, 0.0, 0.0]","[0, 0, 0, 0, 0, 0, 0, 0, 0, 0, 0, 0, 0, 0, 0, 0, 0, 0]",controller_intent_only
344.05645537376404,0.0,"[0.0, 0.09000000357627869, 0.0, 0.0]","[0, 0, 0, 0, 0, 0, 0, 0, 0, 0, 0, 0, 0, 0, 0, 0, 0, 0]",controller_intent_only
344.2387056350708,0.0,"[0.0, 0.10000000149011612, 0.0, 0.0]","[0, 0, 0, 0, 0, 0, 0, 0, 0, 0, 0, 0, 0, 0, 0, 0, 0, 0]",controller_intent_only
344.4442865848541,0.0,"[0.0, 0.09000000357627869, 0.0, 0.0]","[0, 0, 0, 0, 0, 0, 0, 0, 0, 0, 0, 0, 0, 0, 0, 0, 0, 0]",controller_intent_only
344.5524353981018,0.0,"[0.0, 0.10000000149011612, 0.0, 0.0]","[0, 0, 0, 0, 0, 0, 0, 0, 0, 0, 0, 0, 0, 0, 0, 0, 0, 0]",controller_intent_only
344.7568166255951,0.0,"[0.0, 0.09000000357627869, 0.0, 0.0]","[0, 0, 0, 0, 0, 0, 0, 0, 0, 0, 0, 0, 0, 0, 0, 0, 0, 0]",controller_intent_only
345.14843940734863,0.0,"[0.0, 0.0, 0.0, 0.0]","[0, 0, 0, 0, 0, 0, 0, 0, 0, 0, 0, 0, 0, 0, 0, 0, 0, 0]",controller_intent_only
345.3581371307373,0.0,"[0.0, 0.09000000357627869, 0.0, 0.0]","[0, 0, 0, 0, 0, 0, 0, 0, 0, 0, 0, 0, 0, 0, 0, 0, 0, 0]",controller_intent_only
345.561311006546,0.0,"[0.0, 0.10999999940395355, 0.0, 0.0]","[0, 0, 0, 0, 0, 0, 0, 0, 0, 0, 0, 0, 0, 0, 0, 0, 0, 0]",controller_intent_only
345.77094054222107,0.0,"[0.0, 0.0, 0.0, 0.0]","[0, 0, 0, 0, 0, 0, 0, 0, 0, 0, 0, 0, 0, 0, 0, 0, 0, 0]",controller_intent_only
347.0463020801544,0.0,"[0.0, 0.0, -0.7799999713897705, 0.0]","[0, 0, 0, 0, 0, 0, 0, 0, 0, 0, 0, 0, 0, 0, 0, 0, 0, 0]",controller_intent_only
347.1546883583069,0.0,"[0.0, 0.0, 0.0, 0.0]","[0, 0, 0, 0, 0, 0, 0, 0, 0, 0, 0, 0, 0, 0, 0, 0, 0, 0]",controller_intent_only
348.156587600708,0.0,"[0.0, 0.0, -0.36000001430511475, 0.0]","[0, 0, 0, 0, 0, 0, 0, 0, 0, 0, 0, 0, 0, 0, 0, 0, 0, 0]",controller_intent_only
348.3635585308075,0.0,"[0.0, 0.0, 0.0, 0.0]","[0, 0, 0, 0, 0, 0, 0, 0, 0, 0, 0, 0, 0, 0, 0, 0, 0, 0]",controller_intent_only
349.4572923183441,0.0,"[0.0, 0.10000000149011612, 0.0, 0.0]","[0, 0, 0, 0, 0, 0, 0, 0, 0, 0, 0, 0, 0, 0, 0, 0, 0, 0]",controller_intent_only
349.859632730484,0.0,"[0.0, 0.10999999940395355, 0.0, 0.0]","[0, 0, 0, 0, 0, 0, 0, 0, 0, 0, 0, 0, 0, 0, 0, 0, 0, 0]",controller_intent_only
350.2827799320221,0.0,"[0.0, 0.14000000059604645, 0.0, 0.0]","[0, 0, 0, 0, 0, 0, 0, 0, 0, 0, 0, 0, 0, 0, 0, 0, 0, 0]",controller_intent_only
350.7575206756592,0.0,"[0.0, 0.10999999940395355, 0.0, 0.0]","[0, 0, 0, 0, 0, 0, 0, 0, 0, 0, 0, 0, 0, 0, 0, 0, 0, 0]",controller_intent_only
350.95467257499695,0.0,"[0.0, 0.07999999821186066, 0.0, 0.0]","[0, 0, 0, 0, 0, 0, 0, 0, 0, 0, 0, 0, 0, 0, 0, 0, 0, 0]",controller_intent_only
351.1753919124603,0.0,"[0.0, 0.0, 0.0, 0.0]","[0, 0, 0, 0, 0, 0, 0, 0, 0, 0, 0, 0, 0, 0, 0, 0, 0, 0]",controller_intent_only
352.5664792060852,0.0,"[0.0, 0.15000000596046448, 0.0, 0.0]","[0, 0, 0, 0, 0, 0, 0, 0, 0, 0, 0, 0, 0, 0, 0, 0, 0, 0]",controller_intent_only
352.76432371139526,0.0,"[0.0, 0.1599999964237213, 0.0, 0.0]","[0, 0, 0, 0, 0, 0, 0, 0, 0, 0, 0, 0, 0, 0, 0, 0, 0, 0]",controller_intent_only
352.8747115135193,0.0,"[0.0, 0.23999999463558197, 0.0, 0.0]","[0, 0, 0, 0, 0, 0, 0, 0, 0, 0, 0, 0, 0, 0, 0, 0, 0, 0]",controller_intent_only
353.06345558166504,0.0,"[0.0, 0.28999999165534973, 0.0, 0.0]","[0, 0, 0, 0, 0, 0, 0, 0, 0, 0, 0, 0, 0, 0, 0, 0, 0, 0]",controller_intent_only
353.4746792316437,0.0,"[0.0, 0.20000000298023224, 0.0, 0.0]","[0, 0, 0, 0, 0, 0, 0, 0, 0, 0, 0, 0, 0, 0, 0, 0, 0, 0]",controller_intent_only
353.6874806880951,0.0,"[0.0, 0.20999999344348907, 0.0, 0.0]","[0, 0, 0, 0, 0, 0, 0, 0, 0, 0, 0, 0, 0, 0, 0, 0, 0, 0]",controller_intent_only
353.89161348342896,0.0,"[0.0, 0.18000000715255737, 0.0, 0.0]","[0, 0, 0, 0, 0, 0, 0, 0, 0, 0, 0, 0, 0, 0, 0, 0, 0, 0]",controller_intent_only
353.95781445503235,0.0,"[0.0, 0.14000000059604645, 0.0, 0.0]","[0, 0, 0, 0, 0, 0, 0, 0, 0, 0, 0, 0, 0, 0, 0, 0, 0, 0]",controller_intent_only
354.1842439174652,0.0,"[0.0, 0.1599999964237213, 0.0, 0.0]","[0, 0, 0, 0, 0, 0, 0, 0, 0, 0, 0, 0, 0, 0, 0, 0, 0, 0]",controller_intent_only
354.3706784248352,0.0,"[0.0, 0.1899999976158142, 0.0, 0.0]","[0, 0, 0, 0, 0, 0, 0, 0, 0, 0, 0, 0, 0, 0, 0, 0, 0, 0]",controller_intent_only
354.5731678009033,0.0,"[0.0, 0.18000000715255737, 0.0, 0.0]","[0, 0, 0, 0, 0, 0, 0, 0, 0, 0, 0, 0, 0, 0, 0, 0, 0, 0]",controller_intent_only
354.7798750400543,0.0,"[0.0, 0.07999999821186066, 0.0, 0.0]","[0, 0, 0, 0, 0, 0, 0, 0, 0, 0, 0, 0, 0, 0, 0, 0, 0, 0]",controller_intent_only
354.976042509079,0.0,"[0.0, 0.0, 0.0, 0.0]","[0, 0, 0, 0, 0, 0, 0, 0, 0, 0, 0, 0, 0, 0, 0, 0, 0, 0]",controller_intent_only
355.16475796699524,0.0,"[0.0, 0.07999999821186066, 0.0, 0.0]","[0, 0, 0, 0, 0, 0, 0, 0, 0, 0, 0, 0, 0, 0, 0, 0, 0, 0]",controller_intent_only
355.5729203224182,0.0,"[0.0, 0.07000000029802322, 0.0, 0.0]","[0, 0, 0, 0, 0, 0, 0, 0, 0, 0, 0, 0, 0, 0, 0, 0, 0, 0]",controller_intent_only
355.94982409477234,0.0,"[0.0, 0.0, 0.0, 0.0]","[0, 0, 0, 0, 0, 0, 0, 0, 0, 0, 0, 0, 0, 0, 0, 0, 0, 0]",controller_intent_only
356.1710183620453,0.0,"[0.0, 0.3100000023841858, 0.0, 0.0]","[0, 0, 0, 0, 0, 0, 0, 0, 0, 0, 0, 0, 0, 0, 0, 0, 0, 0]",controller_intent_only
356.2629232406616,0.0,"[0.0, 0.1599999964237213, 0.0, 0.0]","[0, 0, 0, 0, 0, 0, 0, 0, 0, 0, 0, 0, 0, 0, 0, 0, 0, 0]",controller_intent_only
356.4522364139557,0.0,"[0.0, 0.1899999976158142, 0.0, 0.0]","[0, 0, 0, 0, 0, 0, 0, 0, 0, 0, 0, 0, 0, 0, 0, 0, 0, 0]",controller_intent_only
356.6598165035248,0.0,"[0.0, 0.25999999046325684, 0.0, 0.0]","[0, 0, 0, 0, 0, 0, 0, 0, 0, 0, 0, 0, 0, 0, 0, 0, 0, 0]",controller_intent_only
356.8622844219208,0.0,"[0.0, 0.23999999463558197, 0.0, 0.0]","[0, 0, 0, 0, 0, 0, 0, 0, 0, 0, 0, 0, 0, 0, 0, 0, 0, 0]",controller_intent_only
357.4539453983307,0.0,"[0.0, 0.23000000417232513, 0.0, 0.0]","[0, 0, 0, 0, 0, 0, 0, 0, 0, 0, 0, 0, 0, 0, 0, 0, 0, 0]",controller_intent_only
357.56549978256226,0.0,"[0.0, 0.15000000596046448, 0.0, 0.0]","[0, 0, 0, 0, 0, 0, 0, 0, 0, 0, 0, 0, 0, 0, 0, 0, 0, 0]",controller_intent_only
357.7705626487732,0.0,"[0.0, 0.17000000178813934, 0.0, 0.0]","[0, 0, 0, 0, 0, 0, 0, 0, 0, 0, 0, 0, 0, 0, 0, 0, 0, 0]",controller_intent_only
357.9715464115143,0.0,"[0.0, 0.10999999940395355, 0.0, 0.0]","[0, 0, 0, 0, 0, 0, 0, 0, 0, 0, 0, 0, 0, 0, 0, 0, 0, 0]",controller_intent_only
358.1821186542511,0.0,"[0.0, 0.0, 0.0, 0.0]","[0, 0, 0, 0, 0, 0, 0, 0, 0, 0, 0, 0, 0, 0, 0, 0, 0, 0]",controller_intent_only
358.6932427883148,0.0,"[0.0, 0.2199999988079071, 0.0, 0.0]","[0, 0, 0, 0, 0, 0, 0, 0, 0, 0, 0, 0, 0, 0, 0, 0, 0, 0]",controller_intent_only
358.8797092437744,0.0,"[0.0, 0.23000000417232513, 0.0, 0.0]","[0, 0, 0, 0, 0, 0, 0, 0, 0, 0, 0, 0, 0, 0, 0, 0, 0, 0]",controller_intent_only
359.1657898426056,0.0,"[0.0, 0.2199999988079071, 0.0, 0.0]","[0, 0, 0, 0, 0, 0, 0, 0, 0, 0, 0, 0, 0, 0, 0, 0, 0, 0]",controller_intent_only
359.38314390182495,0.0,"[0.0, 0.23000000417232513, 0.0, 0.0]","[0, 0, 0, 0, 0, 0, 0, 0, 0, 0, 0, 0, 0, 0, 0, 0, 0, 0]",controller_intent_only
359.7714378833771,0.0,"[0.0, 0.23999999463558197, 0.0, 0.0]","[0, 0, 0, 0, 0, 0, 0, 0, 0, 0, 0, 0, 0, 0, 0, 0, 0, 0]",controller_intent_only
359.8785755634308,0.0,"[0.0, 0.25, 0.0, 0.0]","[0, 0, 0, 0, 0, 0, 0, 0, 0, 0, 0, 0, 0, 0, 0, 0, 0, 0]",controller_intent_only
360.491605758667,0.0,"[0.0, 0.23999999463558197, 0.0, 0.0]","[0, 0, 0, 0, 0, 0, 0, 0, 0, 0, 0, 0, 0, 0, 0, 0, 0, 0]",controller_intent_only
360.8613669872284,0.0,"[0.0, 0.23000000417232513, 0.0, 0.0]","[0, 0, 0, 0, 0, 0, 0, 0, 0, 0, 0, 0, 0, 0, 0, 0, 0, 0]",controller_intent_only
360.9650790691376,0.0,"[0.0, 0.20999999344348907, 0.0, 0.0]","[0, 0, 0, 0, 0, 0, 0, 0, 0, 0, 0, 0, 0, 0, 0, 0, 0, 0]",controller_intent_only
361.2083785533905,0.0,"[0.0, 0.20000000298023224, 0.0, 0.0]","[0, 0, 0, 0, 0, 0, 0, 0, 0, 0, 0, 0, 0, 0, 0, 0, 0, 0]",controller_intent_only
361.3736312389374,0.0,"[0.0, 0.07000000029802322, 0.0, 0.0]","[0, 0, 0, 0, 0, 0, 0, 0, 0, 0, 0, 0, 0, 0, 0, 0, 0, 0]",controller_intent_only
361.78523421287537,0.0,"[0.0, 0.11999999731779099, 0.0, 0.0]","[0, 0, 0, 0, 0, 0, 0, 0, 0, 0, 0, 0, 0, 0, 0, 0, 0, 0]",controller_intent_only
362.172429561615,0.0,"[0.0, 0.1599999964237213, 0.0, 0.0]","[0, 0, 0, 0, 0, 0, 0, 0, 0, 0, 0, 0, 0, 0, 0, 0, 0, 0]",controller_intent_only
362.27765011787415,0.0,"[0.0, 0.17000000178813934, 0.0, 0.0]","[0, 0, 0, 0, 0, 0, 0, 0, 0, 0, 0, 0, 0, 0, 0, 0, 0, 0]",controller_intent_only
362.4949359893799,0.0,"[0.0, 0.1599999964237213, 0.0, 0.0]","[0, 0, 0, 0, 0, 0, 0, 0, 0, 0, 0, 0, 0, 0, 0, 0, 0, 0]",controller_intent_only
362.6724314689636,0.0,"[-0.07000000029802322, 0.5299999713897705, 0.0, 0.0]","[0, 0, 0, 0, 0, 0, 0, 0, 0, 0, 0, 0, 0, 0, 0, 0, 0, 0]",controller_intent_only
362.99071621894836,0.0,"[0.0, 0.2199999988079071, -0.8600000143051147, 0.5]","[0, 0, 0, 0, 0, 0, 0, 0, 0, 0, 0, 0, 0, 0, 0, 0, 0, 0]",controller_intent_only
363.1633822917938,0.0,"[0.0, 0.17000000178813934, 0.0, 0.0]","[0, 0, 0, 0, 0, 0, 0, 0, 0, 0, 0, 0, 0, 0, 0, 0, 0, 0]",controller_intent_only
363.4627106189728,0.0,"[0.0, 0.14000000059604645, 0.0, 0.0]","[0, 0, 0, 0, 0, 0, 0, 0, 0, 0, 0, 0, 0, 0, 0, 0, 0, 0]",controller_intent_only
363.87838220596313,0.0,"[0.0, 0.11999999731779099, 0.0, 0.0]","[0, 0, 0, 0, 0, 0, 0, 0, 0, 0, 0, 0, 0, 0, 0, 0, 0, 0]",controller_intent_only
364.5836203098297,0.0,"[0.0, 0.09000000357627869, 0.0, 0.0]","[0, 0, 0, 0, 0, 0, 0, 0, 0, 0, 0, 0, 0, 0, 0, 0, 0, 0]",controller_intent_only
364.76067662239075,0.0,"[0.0, 0.07999999821186066, 0.0, 0.0]","[0, 0, 0, 0, 0, 0, 0, 0, 0, 0, 0, 0, 0, 0, 0, 0, 0, 0]",controller_intent_only
365.3638038635254,0.0,"[0.0, 0.10000000149011612, 0.0, 0.0]","[0, 0, 0, 0, 0, 0, 0, 0, 0, 0, 0, 0, 0, 0, 0, 0, 0, 0]",controller_intent_only
365.57202410697937,0.0,"[0.0, 0.09000000357627869, 0.0, 0.0]","[0, 0, 0, 0, 0, 0, 0, 0, 0, 0, 0, 0, 0, 0, 0, 0, 0, 0]",controller_intent_only
365.6781325340271,0.0,"[0.0, 0.0, 0.0, 0.0]","[0, 0, 0, 0, 0, 0, 0, 0, 0, 0, 0, 0, 0, 0, 0, 0, 0, 0]",controller_intent_only
366.82284569740295,0.0,"[0.0, 0.12999999523162842, 0.0, 0.0]","[0, 0, 0, 0, 0, 0, 0, 0, 0, 0, 0, 0, 0, 0, 0, 0, 0, 0]",controller_intent_only
366.9053146839142,0.0,"[0.0, 0.2199999988079071, 0.0, 0.0]","[0, 0, 0, 0, 0, 0, 0, 0, 0, 0, 0, 0, 0, 0, 0, 0, 0, 0]",controller_intent_only
367.0791645050049,0.0,"[0.0, 0.23999999463558197, 0.0, 0.0]","[0, 0, 0, 0, 0, 0, 0, 0, 0, 0, 0, 0, 0, 0, 0, 0, 0, 0]",controller_intent_only
367.6934907436371,0.0,"[0.0, 0.2199999988079071, 0.0, 0.0]","[0, 0, 0, 0, 0, 0, 0, 0, 0, 0, 0, 0, 0, 0, 0, 0, 0, 0]",controller_intent_only
367.8972098827362,0.0,"[0.0, 0.20999999344348907, 0.0, 0.0]","[0, 0, 0, 0, 0, 0, 0, 0, 0, 0, 0, 0, 0, 0, 0, 0, 0, 0]",controller_intent_only
367.97272872924805,0.0,"[0.0, 0.10000000149011612, -0.41999998688697815, 0.07999999821186066]","[0, 0, 0, 0, 0, 0, 0, 0, 0, 0, 0, 0, 0, 0, 0, 0, 0, 0]",controller_intent_only
368.1720492839813,0.0,"[0.0, 0.0, -0.949999988079071, 0.3199999928474426]","[0, 0, 0, 0, 0, 0, 0, 0, 0, 0, 0, 0, 0, 0, 0, 0, 0, 0]",controller_intent_only
368.38186502456665,0.0,"[0.0, 0.0, -0.9399999976158142, 0.3499999940395355]","[0, 0, 0, 0, 0, 0, 0, 0, 0, 0, 0, 0, 0, 0, 0, 0, 0, 0]",controller_intent_only
368.5871913433075,0.0,"[0.0, 0.0, -0.8500000238418579, 0.4699999988079071]","[0, 0, 0, 0, 0, 0, 0, 0, 0, 0, 0, 0, 0, 0, 0, 0, 0, 0]",controller_intent_only
368.786408662796,0.0,"[0.0, 0.0, 0.0, 0.0]","[0, 0, 0, 0, 0, 0, 0, 0, 0, 0, 0, 0, 0, 0, 0, 0, 0, 0]",controller_intent_only
369.2692813873291,0.0,"[0.0, 0.0, 0.1599999964237213, 0.0]","[0, 0, 0, 0, 0, 0, 0, 0, 0, 0, 0, 0, 0, 0, 0, 0, 0, 0]",controller_intent_only
369.5067608356476,0.0,"[0.0, 0.0, 0.0, 0.0]","[0, 0, 0, 0, 0, 0, 0, 0, 0, 0, 0, 0, 0, 0, 0, 0, 0, 0]",controller_intent_only
370.0756320953369,0.0,"[0.0, 0.0, 0.9800000190734863, 0.0]","[0, 0, 0, 0, 0, 0, 0, 0, 0, 0, 0, 0, 0, 0, 0, 0, 0, 0]",controller_intent_only
370.27850818634033,0.0,"[0.0, 0.0, 0.0, 0.0]","[0, 0, 0, 0, 0, 0, 0, 0, 0, 0, 0, 0, 0, 0, 0, 0, 0, 0]",controller_intent_only
371.0928466320038,0.0,"[0.0, 0.0, -0.8600000143051147, 0.5]","[0, 0, 0, 0, 0, 0, 0, 0, 0, 0, 0, 0, 0, 0, 0, 0, 0, 0]",controller_intent_only
371.28663969039917,0.0,"[0.0, 0.0, 0.0, 0.0]","[0, 0, 0, 0, 0, 0, 0, 0, 0, 0, 0, 0, 0, 0, 0, 0, 0, 0]",controller_intent_only
371.9914445877075,0.0,"[0.0, 0.1899999976158142, 0.0, 0.0]","[0, 0, 0, 0, 0, 0, 0, 0, 0, 0, 0, 0, 0, 0, 0, 0, 0, 0]",controller_intent_only
372.3767204284668,0.0,"[0.0, 0.20000000298023224, 0.0, 0.0]","[0, 0, 0, 0, 0, 0, 0, 0, 0, 0, 0, 0, 0, 0, 0, 0, 0, 0]",controller_intent_only
372.58222460746765,0.0,"[0.0, 0.33000001311302185, 0.0, 0.0]","[0, 0, 0, 0, 0, 0, 0, 0, 0, 0, 0, 0, 0, 0, 0, 0, 0, 0]",controller_intent_only
372.6756842136383,0.0,"[0.0, 0.36000001430511475, 0.0, 0.0]","[0, 0, 0, 0, 0, 0, 0, 0, 0, 0, 0, 0, 0, 0, 0, 0, 0, 0]",controller_intent_only
372.8824851512909,0.0,"[-0.07000000029802322, 0.4699999988079071, 0.0, 0.0]","[0, 0, 0, 0, 0, 0, 0, 0, 0, 0, 0, 0, 0, 0, 0, 0, 0, 0]",controller_intent_only
373.0921609401703,0.0,"[-0.07000000029802322, 0.47999998927116394, 0.0, 0.0]","[0, 0, 0, 0, 0, 0, 0, 0, 0, 0, 0, 0, 0, 0, 0, 0, 0, 0]",controller_intent_only
373.2730379104614,0.0,"[0.0, 0.46000000834465027, 0.0, 0.0]","[0, 0, 0, 0, 0, 0, 0, 0, 0, 0, 0, 0, 0, 0, 0, 0, 0, 0]",controller_intent_only
373.7145674228668,0.0,"[0.0, 0.4000000059604645, 0.0, 0.0]","[0, 0, 0, 0, 0, 0, 0, 0, 0, 0, 0, 0, 0, 0, 0, 0, 0, 0]",controller_intent_only
373.8873031139374,0.0,"[0.0, 0.4300000071525574, 0.0, 0.0]","[0, 0, 0, 0, 0, 0, 0, 0, 0, 0, 0, 0, 0, 0, 0, 0, 0, 0]",controller_intent_only
373.98556756973267,0.0,"[0.0, 0.41999998688697815, 0.0, 0.0]","[0, 0, 0, 0, 0, 0, 0, 0, 0, 0, 0, 0, 0, 0, 0, 0, 0, 0]",controller_intent_only
374.2832074165344,0.0,"[0.0, 0.4300000071525574, 0.0, 0.0]","[0, 0, 0, 0, 0, 0, 0, 0, 0, 0, 0, 0, 0, 0, 0, 0, 0, 0]",controller_intent_only
374.4869227409363,0.0,"[0.0, 0.4699999988079071, 0.0, 0.0]","[0, 0, 0, 0, 0, 0, 0, 0, 0, 0, 0, 0, 0, 0, 0, 0, 0, 0]",controller_intent_only
374.6764347553253,0.0,"[0.0, 0.5299999713897705, 0.0, 0.0]","[0, 0, 0, 0, 0, 0, 0, 0, 0, 0, 0, 0, 0, 0, 0, 0, 0, 0]",controller_intent_only
374.8778660297394,0.0,"[0.0, 0.5699999928474426, 0.0, 0.0]","[0, 0, 0, 0, 0, 0, 0, 0, 0, 0, 0, 0, 0, 0, 0, 0, 0, 0]",controller_intent_only
374.9895329475403,0.0,"[0.0, 0.5600000023841858, 0.0, 0.0]","[0, 0, 0, 0, 0, 0, 0, 0, 0, 0, 0, 0, 0, 0, 0, 0, 0, 0]",controller_intent_only
375.99446725845337,0.0,"[0.0, 0.550000011920929, 0.0, 0.0]","[0, 0, 0, 0, 0, 0, 0, 0, 0, 0, 0, 0, 0, 0, 0, 0, 0, 0]",controller_intent_only
376.17962765693665,0.0,"[0.0, 0.47999998927116394, 0.0, 0.0]","[0, 0, 0, 0, 0, 0, 0, 0, 0, 0, 0, 0, 0, 0, 0, 0, 0, 0]",controller_intent_only
376.29101371765137,0.0,"[0.0, 0.4699999988079071, 0.0, 0.0]","[0, 0, 0, 0, 0, 0, 0, 0, 0, 0, 0, 0, 0, 0, 0, 0, 0, 0]",controller_intent_only
376.48197984695435,0.0,"[0.0, 0.5099999904632568, 0.0, 0.0]","[0, 0, 0, 0, 0, 0, 0, 0, 0, 0, 0, 0, 0, 0, 0, 0, 0, 0]",controller_intent_only
376.67580795288086,0.0,"[0.0, 0.47999998927116394, 0.0, 0.0]","[0, 0, 0, 0, 0, 0, 0, 0, 0, 0, 0, 0, 0, 0, 0, 0, 0, 0]",controller_intent_only
376.87216424942017,0.0,"[0.0, 0.47999998927116394, -0.11999999731779099, 0.0]","[0, 0, 0, 0, 0, 0, 0, 0, 0, 0, 0, 0, 0, 0, 0, 0, 0, 0]",controller_intent_only
377.0794885158539,0.0,"[0.0, 0.47999998927116394, -0.3100000023841858, 0.0]","[0, 0, 0, 0, 0, 0, 0, 0, 0, 0, 0, 0, 0, 0, 0, 0, 0, 0]",controller_intent_only
377.2829465866089,0.0,"[0.0, 0.47999998927116394, -0.49000000953674316, 0.0]","[0, 0, 0, 0, 0, 0, 0, 0, 0, 0, 0, 0, 0, 0, 0, 0, 0, 0]",controller_intent_only
377.3704755306244,0.0,"[0.0, 0.4300000071525574, 0.0, 0.0]","[0, 0, 0, 0, 0, 0, 0, 0, 0, 0, 0, 0, 0, 0, 0, 0, 0, 0]",controller_intent_only
377.5745759010315,0.0,"[0.0, 0.4000000059604645, 0.0, 0.0]","[0, 0, 0, 0, 0, 0, 0, 0, 0, 0, 0, 0, 0, 0, 0, 0, 0, 0]",controller_intent_only
378.0698666572571,0.0,"[0.0, 0.38999998569488525, 0.0, 0.0]","[0, 0, 0, 0, 0, 0, 0, 0, 0, 0, 0, 0, 0, 0, 0, 0, 0, 0]",controller_intent_only
378.9920856952667,0.0,"[0.0, 0.3799999952316284, 0.0, 0.0]","[0, 0, 0, 0, 0, 0, 0, 0, 0, 0, 0, 0, 0, 0, 0, 0, 0, 0]",controller_intent_only
379.18210792541504,0.0,"[0.0, 0.3499999940395355, 0.0, 0.0]","[0, 0, 0, 0, 0, 0, 0, 0, 0, 0, 0, 0, 0, 0, 0, 0, 0, 0]",controller_intent_only
379.37918972969055,0.0,"[0.0, 0.3700000047683716, 0.0, 0.0]","[0, 0, 0, 0, 0, 0, 0, 0, 0, 0, 0, 0, 0, 0, 0, 0, 0, 0]",controller_intent_only
379.59082102775574,0.0,"[0.0, 0.3499999940395355, 0.0, 0.0]","[0, 0, 0, 0, 0, 0, 0, 0, 0, 0, 0, 0, 0, 0, 0, 0, 0, 0]",controller_intent_only
379.6906304359436,0.0,"[0.0, 0.14000000059604645, 0.0, 0.0]","[0, 0, 0, 0, 0, 0, 0, 0, 0, 0, 0, 0, 0, 0, 0, 0, 0, 0]",controller_intent_only
379.9066195487976,0.0,"[0.0, 0.0, 0.0, 0.0]","[0, 0, 0, 0, 0, 0, 0, 0, 0, 0, 0, 0, 0, 0, 0, 0, 0, 0]",controller_intent_only
382.7910177707672,0.0,"[0.0, 0.0, -0.9300000071525574, 0.3799999952316284]","[0, 0, 0, 0, 0, 0, 0, 0, 0, 0, 0, 0, 0, 0, 0, 0, 0, 0]",controller_intent_only
382.98737621307373,0.0,"[0.0, 0.0, -0.8399999737739563, 0.5400000214576721]","[0, 0, 0, 0, 0, 0, 0, 0, 0, 0, 0, 0, 0, 0, 0, 0, 0, 0]",controller_intent_only
383.07631039619446,0.0,"[0.0, 0.0, -0.699999988079071, 0.5299999713897705]","[0, 0, 0, 0, 0, 0, 0, 0, 0, 0, 0, 0, 0, 0, 0, 0, 0, 0]",controller_intent_only
383.2873384952545,0.0,"[0.0, 0.0, -0.07999999821186066, 0.0]","[0, 0, 0, 0, 0, 0, 0, 0, 0, 0, 0, 0, 0, 0, 0, 0, 0, 0]",controller_intent_only
383.49207162857056,0.0,"[0.0, 0.0, 0.0, 0.0]","[0, 0, 0, 0, 0, 0, 0, 0, 0, 0, 0, 0, 0, 0, 0, 0, 0, 0]",controller_intent_only
384.1000590324402,0.0,"[0.0, 0.0, -0.9900000095367432, 0.20000000298023224]","[0, 0, 0, 0, 0, 0, 0, 0, 0, 0, 0, 0, 0, 0, 0, 0, 0, 0]",controller_intent_only
384.2954273223877,0.0,"[0.0, 0.0, 0.0, 0.0]","[0, 0, 0, 0, 0, 0, 0, 0, 0, 0, 0, 0, 0, 0, 0, 0, 0, 0]",controller_intent_only
385.20337319374084,0.0,"[0.0, 0.0, -0.10000000149011612, 0.0]","[0, 0, 0, 0, 0, 0, 0, 0, 0, 0, 0, 0, 0, 0, 0, 0, 0, 0]",controller_intent_only
385.4041612148285,0.0,"[0.0, 0.0, 0.0, 0.0]","[0, 0, 0, 0, 0, 0, 0, 0, 0, 0, 0, 0, 0, 0, 0, 0, 0, 0]",controller_intent_only
385.99626421928406,0.0,"[0.0, 0.0, -0.6800000071525574, 0.20999999344348907]","[0, 0, 0, 0, 0, 0, 0, 0, 0, 0, 0, 0, 0, 0, 0, 0, 0, 0]",controller_intent_only
386.2197985649109,0.0,"[0.0, 0.0, 0.0, 0.0]","[0, 0, 0, 0, 0, 0, 0, 0, 0, 0, 0, 0, 0, 0, 0, 0, 0, 0]",controller_intent_only
386.7074148654938,0.0,"[0.0, 0.0, 1.0, 0.0]","[0, 0, 0, 0, 0, 0, 0, 0, 0, 0, 0, 0, 0, 0, 0, 0, 0, 0]",controller_intent_only
386.9101564884186,0.0,"[0.0, 0.0, 0.0, 0.0]","[0, 0, 0, 0, 0, 0, 0, 0, 0, 0, 0, 0, 0, 0, 0, 0, 0, 0]",controller_intent_only
387.80230379104614,0.0,"[0.0, 0.0, -0.3499999940395355, 0.0]","[0, 0, 0, 0, 0, 0, 0, 0, 0, 0, 0, 0, 0, 0, 0, 0, 0, 0]",controller_intent_only
387.99938464164734,0.0,"[0.0, 0.0, 0.0, 0.0]","[0, 0, 0, 0, 0, 0, 0, 0, 0, 0, 0, 0, 0, 0, 0, 0, 0, 0]",controller_intent_only
388.2044014930725,0.0,"[0.0, 0.0, -0.3199999928474426, 0.0]","[0, 0, 0, 0, 0, 0, 0, 0, 0, 0, 0, 0, 0, 0, 0, 0, 0, 0]",controller_intent_only
388.4033203125,0.0,"[0.0, 0.0, 0.0, 0.0]","[0, 0, 0, 0, 0, 0, 0, 0, 0, 0, 0, 0, 0, 0, 0, 0, 0, 0]",controller_intent_only
388.5945210456848,0.0,"[0.0, 0.0, -0.4300000071525574, 0.0]","[0, 0, 0, 0, 0, 0, 0, 0, 0, 0, 0, 0, 0, 0, 0, 0, 0, 0]",controller_intent_only
388.80972838401794,0.0,"[0.0, 0.0, 0.0, 0.0]","[0, 0, 0, 0, 0, 0, 0, 0, 0, 0, 0, 0, 0, 0, 0, 0, 0, 0]",controller_intent_only
389.6185688972473,0.0,"[0.0, 0.0, 0.07999999821186066, 0.0]","[0, 0, 0, 0, 0, 0, 0, 0, 0, 0, 0, 0, 0, 0, 0, 0, 0, 0]",controller_intent_only
389.8025732040405,0.0,"[0.0, 0.0, 0.2800000011920929, 0.0]","[0, 0, 0, 0, 0, 0, 0, 0, 0, 0, 0, 0, 0, 0, 0, 0, 0, 0]",controller_intent_only
390.00609135627747,0.0,"[0.0, 0.0, 0.0, 0.0]","[0, 0, 0, 0, 0, 0, 0, 0, 0, 0, 0, 0, 0, 0, 0, 0, 0, 0]",controller_intent_only
390.92105317115784,0.0,"[0.0, 0.28999999165534973, 0.0, 0.0]","[0, 0, 0, 0, 0, 0, 0, 0, 0, 0, 0, 0, 0, 0, 0, 0, 0, 0]",controller_intent_only
391.08944869041443,0.0,"[0.0, 0.2199999988079071, 0.0, 0.0]","[0, 0, 0, 0, 0, 0, 0, 0, 0, 0, 0, 0, 0, 0, 0, 0, 0, 0]",controller_intent_only
391.28995752334595,0.0,"[0.0, 0.18000000715255737, 0.0, 0.0]","[0, 0, 0, 0, 0, 0, 0, 0, 0, 0, 0, 0, 0, 0, 0, 0, 0, 0]",controller_intent_only
391.6018762588501,0.0,"[0.0, 0.1899999976158142, 0.0, 0.0]","[0, 0, 0, 0, 0, 0, 0, 0, 0, 0, 0, 0, 0, 0, 0, 0, 0, 0]",controller_intent_only
391.79435753822327,0.0,"[0.0, 0.15000000596046448, 0.0, 0.0]","[0, 0, 0, 0, 0, 0, 0, 0, 0, 0, 0, 0, 0, 0, 0, 0, 0, 0]",controller_intent_only
391.98895359039307,0.0,"[0.0, 0.10000000149011612, 0.0, 0.0]","[0, 0, 0, 0, 0, 0, 0, 0, 0, 0, 0, 0, 0, 0, 0, 0, 0, 0]",controller_intent_only
392.6083505153656,0.0,"[0.0, 0.10999999940395355, 0.0, 0.0]","[0, 0, 0, 0, 0, 0, 0, 0, 0, 0, 0, 0, 0, 0, 0, 0, 0, 0]",controller_intent_only
392.6973087787628,0.0,"[0.0, 0.11999999731779099, 0.0, 0.0]","[0, 0, 0, 0, 0, 0, 0, 0, 0, 0, 0, 0, 0, 0, 0, 0, 0, 0]",controller_intent_only
393.2113013267517,0.0,"[0.0, 0.10999999940395355, 0.0, 0.0]","[0, 0, 0, 0, 0, 0, 0, 0, 0, 0, 0, 0, 0, 0, 0, 0, 0, 0]",controller_intent_only
393.424439907074,0.0,"[0.0, 0.11999999731779099, 0.0, 0.0]","[0, 0, 0, 0, 0, 0, 0, 0, 0, 0, 0, 0, 0, 0, 0, 0, 0, 0]",controller_intent_only
393.63441610336304,0.0,"[0.0, 0.12999999523162842, 0.0, 0.0]","[0, 0, 0, 0, 0, 0, 0, 0, 0, 0, 0, 0, 0, 0, 0, 0, 0, 0]",controller_intent_only
393.7237503528595,0.0,"[0.0, 0.15000000596046448, 0.0, 0.0]","[0, 0, 0, 0, 0, 0, 0, 0, 0, 0, 0, 0, 0, 0, 0, 0, 0, 0]",controller_intent_only
393.9247930049896,0.0,"[0.0, 0.18000000715255737, 0.0, 0.0]","[0, 0, 0, 0, 0, 0, 0, 0, 0, 0, 0, 0, 0, 0, 0, 0, 0, 0]",controller_intent_only
394.1056115627289,0.0,"[0.0, 0.17000000178813934, 0.0, 0.0]","[0, 0, 0, 0, 0, 0, 0, 0, 0, 0, 0, 0, 0, 0, 0, 0, 0, 0]",controller_intent_only
394.33112144470215,0.0,"[0.0, 0.18000000715255737, 0.0, 0.0]","[0, 0, 0, 0, 0, 0, 0, 0, 0, 0, 0, 0, 0, 0, 0, 0, 0, 0]",controller_intent_only
394.50695419311523,0.0,"[0.0, 0.17000000178813934, 0.0, 0.0]","[0, 0, 0, 0, 0, 0, 0, 0, 0, 0, 0, 0, 0, 0, 0, 0, 0, 0]",controller_intent_only
394.7018768787384,0.0,"[0.0, 0.11999999731779099, 0.0, 0.0]","[0, 0, 0, 0, 0, 0, 0, 0, 0, 0, 0, 0, 0, 0, 0, 0, 0, 0]",controller_intent_only
394.8302433490753,0.0,"[0.0, 0.07000000029802322, 0.0, 0.0]","[0, 0, 0, 0, 0, 0, 0, 0, 0, 0, 0, 0, 0, 0, 0, 0, 0, 0]",controller_intent_only
395.0219175815582,0.0,"[0.0, 0.10999999940395355, 0.0, 0.0]","[0, 0, 0, 0, 0, 0, 0, 0, 0, 0, 0, 0, 0, 0, 0, 0, 0, 0]",controller_intent_only
395.6489019393921,0.0,"[0.0, 0.12999999523162842, 0.0, 0.0]","[0, 0, 0, 0, 0, 0, 0, 0, 0, 0, 0, 0, 0, 0, 0, 0, 0, 0]",controller_intent_only
396.03180503845215,0.0,"[0.0, 0.15000000596046448, 0.0, 0.0]","[0, 0, 0, 0, 0, 0, 0, 0, 0, 0, 0, 0, 0, 0, 0, 0, 0, 0]",controller_intent_only
396.0889654159546,0.0,"[0.0, 0.20999999344348907, 0.0, 0.0]","[0, 0, 0, 0, 0, 0, 0, 0, 0, 0, 0, 0, 0, 0, 0, 0, 0, 0]",controller_intent_only
397.0086030960083,0.0,"[0.0, 0.09000000357627869, 0.0, 0.0]","[0, 0, 0, 0, 0, 0, 0, 0, 0, 0, 0, 0, 0, 0, 0, 0, 0, 0]",controller_intent_only
397.5170433521271,0.0,"[0.0, 0.07999999821186066, 0.0, 0.0]","[0, 0, 0, 0, 0, 0, 0, 0, 0, 0, 0, 0, 0, 0, 0, 0, 0, 0]",controller_intent_only
397.70519042015076,0.0,"[0.0, 0.0, 0.0, 0.0]","[0, 0, 0, 0, 0, 0, 0, 0, 0, 0, 0, 0, 0, 0, 0, 0, 0, 0]",controller_intent_only
398.6103582382202,0.0,"[0.0, 0.0, -0.2199999988079071, 0.0]","[0, 0, 0, 0, 0, 0, 0, 0, 0, 0, 0, 0, 0, 0, 0, 0, 0, 0]",controller_intent_only
398.82123851776123,0.0,"[0.0, 0.0, 0.0, 0.0]","[0, 0, 0, 0, 0, 0, 0, 0, 0, 0, 0, 0, 0, 0, 0, 0, 0, 0]",controller_intent_only
399.0417218208313,0.0,"[0.0, 0.0, -0.9700000286102295, 0.20000000298023224]","[0, 0, 0, 0, 0, 0, 0, 0, 0, 0, 0, 0, 0, 0, 0, 0, 0, 0]",controller_intent_only
399.21349024772644,0.0,"[0.0, 0.0, 0.0, 0.0]","[0, 0, 0, 0, 0, 0, 0, 0, 0, 0, 0, 0, 0, 0, 0, 0, 0, 0]",controller_intent_only
399.4091475009918,0.0,"[0.0, 0.0, -0.9700000286102295, 0.10000000149011612]","[0, 0, 0, 0, 0, 0, 0, 0, 0, 0, 0, 0, 0, 0, 0, 0, 0, 0]",controller_intent_only
399.5145597457886,0.0,"[0.0, 0.0, 0.0, 0.0]","[0, 0, 0, 0, 0, 0, 0, 0, 0, 0, 0, 0, 0, 0, 0, 0, 0, 0]",controller_intent_only
399.71269059181213,0.0,"[0.0, 0.0, 0.3100000023841858, 0.0]","[0, 0, 0, 0, 0, 0, 0, 0, 0, 0, 0, 0, 0, 0, 0, 0, 0, 0]",controller_intent_only
399.91300225257874,0.0,"[0.0, 0.0, 0.9300000071525574, 0.0]","[0, 0, 0, 0, 0, 0, 0, 0, 0, 0, 0, 0, 0, 0, 0, 0, 0, 0]",controller_intent_only
400.11327171325684,0.0,"[0.0, 0.0, 0.0, 0.0]","[0, 0, 0, 0, 0, 0, 0, 0, 0, 0, 0, 0, 0, 0, 0, 0, 0, 0]",controller_intent_only
402.22293972969055,0.0,"[0.0, 0.0, 0.47999998927116394, 0.0]","[0, 0, 0, 0, 0, 0, 0, 0, 0, 0, 0, 0, 0, 0, 0, 0, 0, 0]",controller_intent_only
402.4049756526947,0.0,"[0.0, 0.0, 0.0, 0.0]","[0, 0, 0, 0, 0, 0, 0, 0, 0, 0, 0, 0, 0, 0, 0, 0, 0, 0]",controller_intent_only
403.5186996459961,0.0,"[0.0, 0.0, 0.10000000149011612, 0.0]","[0, 0, 0, 0, 0, 0, 0, 0, 0, 0, 0, 0, 0, 0, 0, 0, 0, 0]",controller_intent_only
403.71984672546387,0.0,"[0.0, 0.0, 0.6000000238418579, 0.0]","[0, 0, 0, 0, 0, 0, 0, 0, 0, 0, 0, 0, 0, 0, 0, 0, 0, 0]",controller_intent_only
403.9219868183136,0.0,"[0.0, 0.0, 0.0, 0.0]","[0, 0, 0, 0, 0, 0, 0, 0, 0, 0, 0, 0, 0, 0, 0, 0, 0, 0]",controller_intent_only
404.7058415412903,0.0,"[0.0, 0.20000000298023224, 0.0, 0.0]","[0, 0, 0, 0, 0, 0, 0, 0, 0, 0, 0, 0, 0, 0, 0, 0, 0, 0]",controller_intent_only
404.91419863700867,0.0,"[0.0, 0.20999999344348907, 0.0, 0.0]","[0, 0, 0, 0, 0, 0, 0, 0, 0, 0, 0, 0, 0, 0, 0, 0, 0, 0]",controller_intent_only
405.14211773872375,0.0,"[0.0, 0.1599999964237213, 0.0, 0.0]","[0, 0, 0, 0, 0, 0, 0, 0, 0, 0, 0, 0, 0, 0, 0, 0, 0, 0]",controller_intent_only
405.4259476661682,0.0,"[0.0, 0.14000000059604645, 0.0, 0.0]","[0, 0, 0, 0, 0, 0, 0, 0, 0, 0, 0, 0, 0, 0, 0, 0, 0, 0]",controller_intent_only
405.61480498313904,0.0,"[0.0, 0.15000000596046448, 0.0, 0.0]","[0, 0, 0, 0, 0, 0, 0, 0, 0, 0, 0, 0, 0, 0, 0, 0, 0, 0]",controller_intent_only
405.8031117916107,0.0,"[0.0, 0.14000000059604645, 0.0, 0.0]","[0, 0, 0, 0, 0, 0, 0, 0, 0, 0, 0, 0, 0, 0, 0, 0, 0, 0]",controller_intent_only
406.00610065460205,0.0,"[0.0, 0.15000000596046448, 0.0, 0.0]","[0, 0, 0, 0, 0, 0, 0, 0, 0, 0, 0, 0, 0, 0, 0, 0, 0, 0]",controller_intent_only
406.2154583930969,0.0,"[0.0, 0.12999999523162842, 0.0, 0.0]","[0, 0, 0, 0, 0, 0, 0, 0, 0, 0, 0, 0, 0, 0, 0, 0, 0, 0]",controller_intent_only
406.4096930027008,0.0,"[0.0, 0.09000000357627869, 0.0, 0.0]","[0, 0, 0, 0, 0, 0, 0, 0, 0, 0, 0, 0, 0, 0, 0, 0, 0, 0]",controller_intent_only
406.7225434780121,0.0,"[0.0, 0.11999999731779099, 0.0, 0.0]","[0, 0, 0, 0, 0, 0, 0, 0, 0, 0, 0, 0, 0, 0, 0, 0, 0, 0]",controller_intent_only
406.9236891269684,0.0,"[0.0, 0.10999999940395355, 0.0, 0.0]","[0, 0, 0, 0, 0, 0, 0, 0, 0, 0, 0, 0, 0, 0, 0, 0, 0, 0]",controller_intent_only
407.5235321521759,0.0,"[0.0, 0.09000000357627869, 0.0, 0.0]","[0, 0, 0, 0, 0, 0, 0, 0, 0, 0, 0, 0, 0, 0, 0, 0, 0, 0]",controller_intent_only
407.70808815956116,0.0,"[0.0, 0.11999999731779099, 0.0, 0.0]","[0, 0, 0, 0, 0, 0, 0, 0, 0, 0, 0, 0, 0, 0, 0, 0, 0, 0]",controller_intent_only
407.815069437027,0.0,"[0.0, 0.14000000059604645, 0.0, 0.0]","[0, 0, 0, 0, 0, 0, 0, 0, 0, 0, 0, 0, 0, 0, 0, 0, 0, 0]",controller_intent_only
408.04390811920166,0.0,"[0.0, 0.12999999523162842, 0.0, 0.0]","[0, 0, 0, 0, 0, 0, 0, 0, 0, 0, 0, 0, 0, 0, 0, 0, 0, 0]",controller_intent_only
408.3349709510803,0.0,"[0.0, 0.14000000059604645, 0.0, 0.0]","[0, 0, 0, 0, 0, 0, 0, 0, 0, 0, 0, 0, 0, 0, 0, 0, 0, 0]",controller_intent_only
408.51043343544006,0.0,"[0.0, 0.17000000178813934, 0.0, 0.0]","[0, 0, 0, 0, 0, 0, 0, 0, 0, 0, 0, 0, 0, 0, 0, 0, 0, 0]",controller_intent_only
408.7388677597046,0.0,"[0.0, 0.1599999964237213, 0.0, 0.0]","[0, 0, 0, 0, 0, 0, 0, 0, 0, 0, 0, 0, 0, 0, 0, 0, 0, 0]",controller_intent_only
409.2564263343811,0.0,"[0.0, 0.17000000178813934, 0.0, 0.0]","[0, 0, 0, 0, 0, 0, 0, 0, 0, 0, 0, 0, 0, 0, 0, 0, 0, 0]",controller_intent_only
409.6501748561859,0.0,"[0.0, 0.15000000596046448, 0.0, 0.0]","[0, 0, 0, 0, 0, 0, 0, 0, 0, 0, 0, 0, 0, 0, 0, 0, 0, 0]",controller_intent_only
409.8255844116211,0.0,"[0.0, 0.1599999964237213, 0.0, 0.0]","[0, 0, 0, 0, 0, 0, 0, 0, 0, 0, 0, 0, 0, 0, 0, 0, 0, 0]",controller_intent_only
410.05198788642883,0.0,"[0.0, 0.12999999523162842, 0.0, 0.0]","[0, 0, 0, 0, 0, 0, 0, 0, 0, 0, 0, 0, 0, 0, 0, 0, 0, 0]",controller_intent_only
410.10844826698303,0.0,"[0.0, 0.09000000357627869, 0.0, 0.0]","[0, 0, 0, 0, 0, 0, 0, 0, 0, 0, 0, 0, 0, 0, 0, 0, 0, 0]",controller_intent_only
410.3232147693634,0.0,"[0.0, 0.10000000149011612, 0.0, 0.0]","[0, 0, 0, 0, 0, 0, 0, 0, 0, 0, 0, 0, 0, 0, 0, 0, 0, 0]",controller_intent_only
410.5273048877716,0.0,"[0.0, 0.09000000357627869, 0.0, 0.0]","[0, 0, 0, 0, 0, 0, 0, 0, 0, 0, 0, 0, 0, 0, 0, 0, 0, 0]",controller_intent_only
410.9139213562012,0.0,"[0.0, 0.36000001430511475, 0.0, 0.0]","[0, 0, 0, 0, 0, 0, 0, 0, 0, 0, 0, 0, 0, 0, 0, 0, 0, 0]",controller_intent_only
411.12696599960327,0.0,"[0.0, 0.0, 0.0, 0.0]","[0, 0, 0, 0, 0, 0, 0, 0, 0, 0, 0, 0, 0, 0, 0, 0, 0, 0]",controller_intent_only
414.31322026252747,0.0,"[0.0, 0.17000000178813934, 0.0, 0.0]","[0, 0, 0, 0, 0, 0, 0, 0, 0, 0, 0, 0, 0, 0, 0, 0, 0, 0]",controller_intent_only
414.7180757522583,0.0,"[0.0, 0.18000000715255737, 0.0, 0.0]","[0, 0, 0, 0, 0, 0, 0, 0, 0, 0, 0, 0, 0, 0, 0, 0, 0, 0]",controller_intent_only
414.81714248657227,0.0,"[0.0, 0.17000000178813934, 0.0, 0.0]","[0, 0, 0, 0, 0, 0, 0, 0, 0, 0, 0, 0, 0, 0, 0, 0, 0, 0]",controller_intent_only
415.4307482242584,0.0,"[0.0, 0.1899999976158142, 0.0, 0.0]","[0, 0, 0, 0, 0, 0, 0, 0, 0, 0, 0, 0, 0, 0, 0, 0, 0, 0]",controller_intent_only
415.6325080394745,0.0,"[0.0, 0.18000000715255737, 0.0, 0.0]","[0, 0, 0, 0, 0, 0, 0, 0, 0, 0, 0, 0, 0, 0, 0, 0, 0, 0]",controller_intent_only
415.83887910842896,0.0,"[0.0, 0.1599999964237213, 0.0, 0.0]","[0, 0, 0, 0, 0, 0, 0, 0, 0, 0, 0, 0, 0, 0, 0, 0, 0, 0]",controller_intent_only
416.03841638565063,0.0,"[0.0, 0.18000000715255737, 0.0, 0.0]","[0, 0, 0, 0, 0, 0, 0, 0, 0, 0, 0, 0, 0, 0, 0, 0, 0, 0]",controller_intent_only
416.2251431941986,0.0,"[0.0, 0.17000000178813934, 0.0, 0.0]","[0, 0, 0, 0, 0, 0, 0, 0, 0, 0, 0, 0, 0, 0, 0, 0, 0, 0]",controller_intent_only
416.6448564529419,0.0,"[0.0, 0.11999999731779099, 0.0, 0.0]","[0, 0, 0, 0, 0, 0, 0, 0, 0, 0, 0, 0, 0, 0, 0, 0, 0, 0]",controller_intent_only
416.8189010620117,0.0,"[0.0, 0.0, 0.0, 0.0]","[0, 0, 0, 0, 0, 0, 0, 0, 0, 0, 0, 0, 0, 0, 0, 0, 0, 0]",controller_intent_only
417.72305178642273,0.0,"[0.0, 0.07999999821186066, 0.0, 0.0]","[0, 0, 0, 0, 0, 0, 0, 0, 0, 0, 0, 0, 0, 0, 0, 0, 0, 0]",controller_intent_only
418.1425530910492,0.0,"[0.0, 0.09000000357627869, 0.0, 0.0]","[0, 0, 0, 0, 0, 0, 0, 0, 0, 0, 0, 0, 0, 0, 0, 0, 0, 0]",controller_intent_only
418.2211203575134,0.0,"[0.0, 0.1599999964237213, 0.0, 0.0]","[0, 0, 0, 0, 0, 0, 0, 0, 0, 0, 0, 0, 0, 0, 0, 0, 0, 0]",controller_intent_only
418.62836027145386,0.0,"[0.0, 0.12999999523162842, 0.0, 0.0]","[0, 0, 0, 0, 0, 0, 0, 0, 0, 0, 0, 0, 0, 0, 0, 0, 0, 0]",controller_intent_only
418.8254792690277,0.0,"[0.0, 0.11999999731779099, 0.0, 0.0]","[0, 0, 0, 0, 0, 0, 0, 0, 0, 0, 0, 0, 0, 0, 0, 0, 0, 0]",controller_intent_only
419.0268120765686,0.0,"[0.0, 0.09000000357627869, 0.0, 0.0]","[0, 0, 0, 0, 0, 0, 0, 0, 0, 0, 0, 0, 0, 0, 0, 0, 0, 0]",controller_intent_only
419.23126673698425,0.0,"[0.0, 0.07999999821186066, 0.0, 0.0]","[0, 0, 0, 0, 0, 0, 0, 0, 0, 0, 0, 0, 0, 0, 0, 0, 0, 0]",controller_intent_only
419.43798875808716,0.0,"[0.0, 0.07000000029802322, 0.0, 0.0]","[0, 0, 0, 0, 0, 0, 0, 0, 0, 0, 0, 0, 0, 0, 0, 0, 0, 0]",controller_intent_only
419.61376309394836,0.0,"[0.0, 0.0, 0.0, 0.0]","[0, 0, 0, 0, 0, 0, 0, 0, 0, 0, 0, 0, 0, 0, 0, 0, 0, 0]",controller_intent_only
420.01160883903503,0.0,"[0.0, 0.07999999821186066, 0.0, 0.0]","[0, 0, 0, 0, 0, 0, 0, 0, 0, 0, 0, 0, 0, 0, 0, 0, 0, 0]",controller_intent_only
420.56374955177307,0.0,"[0.0, 0.09000000357627869, 0.0, 0.0]","[0, 0, 0, 0, 0, 0, 0, 0, 0, 0, 0, 0, 0, 0, 0, 0, 0, 0]",controller_intent_only
420.75496888160706,0.0,"[0.0, 0.10000000149011612, 0.0, 0.0]","[0, 0, 0, 0, 0, 0, 0, 0, 0, 0, 0, 0, 0, 0, 0, 0, 0, 0]",controller_intent_only
420.94603872299194,0.0,"[0.0, 0.12999999523162842, 0.0, 0.0]","[0, 0, 0, 0, 0, 0, 0, 0, 0, 0, 0, 0, 0, 0, 0, 0, 0, 0]",controller_intent_only
421.15062522888184,0.0,"[0.0, 0.07999999821186066, 0.0, 0.0]","[0, 0, 0, 0, 0, 0, 0, 0, 0, 0, 0, 0, 0, 0, 0, 0, 0, 0]",controller_intent_only
421.5274226665497,0.0,"[0.0, 0.0, 0.0, 0.0]","[0, 0, 0, 0, 0, 0, 0, 0, 0, 0, 0, 0, 0, 0, 0, 0, 0, 0]",controller_intent_only
423.61456394195557,0.0,"[0.0, 0.09000000357627869, 0.0, 0.0]","[0, 0, 0, 0, 0, 0, 0, 0, 0, 0, 0, 0, 0, 0, 0, 0, 0, 0]",controller_intent_only
424.1248731613159,0.0,"[0.0, 0.14000000059604645, 0.0, 0.0]","[0, 0, 0, 0, 0, 0, 0, 0, 0, 0, 0, 0, 0, 0, 0, 0, 0, 0]",controller_intent_only
424.5210816860199,0.0,"[0.0, 0.12999999523162842, 0.0, 0.0]","[0, 0, 0, 0, 0, 0, 0, 0, 0, 0, 0, 0, 0, 0, 0, 0, 0, 0]",controller_intent_only
424.75051736831665,0.0,"[0.0, 0.14000000059604645, 0.0, 0.0]","[0, 0, 0, 0, 0, 0, 0, 0, 0, 0, 0, 0, 0, 0, 0, 0, 0, 0]",controller_intent_only
424.94963240623474,0.0,"[0.0, 0.10999999940395355, 0.0, 0.0]","[0, 0, 0, 0, 0, 0, 0, 0, 0, 0, 0, 0, 0, 0, 0, 0, 0, 0]",controller_intent_only
425.44180488586426,0.0,"[0.0, 0.0, 0.0, 0.0]","[0, 0, 0, 0, 0, 0, 0, 0, 0, 0, 0, 0, 0, 0, 0, 0, 0, 0]",controller_intent_only
426.55559968948364,0.0,"[0.0, 0.0, -0.12999999523162842, 0.0]","[0, 0, 0, 0, 0, 0, 0, 0, 0, 0, 0, 0, 0, 0, 0, 0, 0, 0]",controller_intent_only
426.7552146911621,0.0,"[0.0, 0.0, -0.4000000059604645, 0.0]","[0, 0, 0, 0, 0, 0, 0, 0, 0, 0, 0, 0, 0, 0, 0, 0, 0, 0]",controller_intent_only
426.95679211616516,0.0,"[0.0, 0.0, -0.41999998688697815, 0.0]","[0, 0, 0, 0, 0, 0, 0, 0, 0, 0, 0, 0, 0, 0, 0, 0, 0, 0]",controller_intent_only
427.2624933719635,0.0,"[0.0, 0.0, 0.0, 0.0]","[0, 0, 0, 0, 0, 0, 0, 0, 0, 0, 0, 0, 0, 0, 0, 0, 0, 0]",controller_intent_only
427.92395639419556,0.0,"[0.0, 0.14000000059604645, 0.0, 0.0]","[0, 0, 0, 0, 0, 0, 0, 0, 0, 0, 0, 0, 0, 0, 0, 0, 0, 0]",controller_intent_only
428.1773142814636,0.0,"[0.0, 0.15000000596046448, 0.0, 0.0]","[0, 0, 0, 0, 0, 0, 0, 0, 0, 0, 0, 0, 0, 0, 0, 0, 0, 0]",controller_intent_only
428.3513021469116,0.0,"[0.0, 0.14000000059604645, 0.0, 0.0]","[0, 0, 0, 0, 0, 0, 0, 0, 0, 0, 0, 0, 0, 0, 0, 0, 0, 0]",controller_intent_only
428.5225887298584,0.0,"[0.0, 0.12999999523162842, -0.07000000029802322, 0.0]","[0, 0, 0, 0, 0, 0, 0, 0, 0, 0, 0, 0, 0, 0, 0, 0, 0, 0]",controller_intent_only
428.6573398113251,0.0,"[0.0, 0.15000000596046448, 0.0, 0.0]","[0, 0, 0, 0, 0, 0, 0, 0, 0, 0, 0, 0, 0, 0, 0, 0, 0, 0]",controller_intent_only
428.90455770492554,0.0,"[0.0, 0.20000000298023224, 0.0, 0.0]","[0, 0, 0, 0, 0, 0, 0, 0, 0, 0, 0, 0, 0, 0, 0, 0, 0, 0]",controller_intent_only
429.01835918426514,0.0,"[0.0, 0.18000000715255737, 0.0, 0.0]","[0, 0, 0, 0, 0, 0, 0, 0, 0, 0, 0, 0, 0, 0, 0, 0, 0, 0]",controller_intent_only
429.2381286621094,0.0,"[0.0, 0.17000000178813934, 0.0, 0.0]","[0, 0, 0, 0, 0, 0, 0, 0, 0, 0, 0, 0, 0, 0, 0, 0, 0, 0]",controller_intent_only
429.4626045227051,0.0,"[0.0, 0.1599999964237213, 0.0, 0.0]","[0, 0, 0, 0, 0, 0, 0, 0, 0, 0, 0, 0, 0, 0, 0, 0, 0, 0]",controller_intent_only
429.63500237464905,0.0,"[0.0, 0.10999999940395355, 0.0, 0.0]","[0, 0, 0, 0, 0, 0, 0, 0, 0, 0, 0, 0, 0, 0, 0, 0, 0, 0]",controller_intent_only
429.88663053512573,0.0,"[0.0, 0.09000000357627869, 0.0, 0.0]","[0, 0, 0, 0, 0, 0, 0, 0, 0, 0, 0, 0, 0, 0, 0, 0, 0, 0]",controller_intent_only
429.9421274662018,0.0,"[0.0, 0.0, 0.0, 0.0]","[0, 0, 0, 0, 0, 0, 0, 0, 0, 0, 0, 0, 0, 0, 0, 0, 0, 0]",controller_intent_only
431.7386004924774,0.0,"[0.0, 0.0, -0.2800000011920929, 0.0]","[0, 0, 0, 0, 0, 0, 0, 0, 0, 0, 0, 0, 0, 0, 0, 0, 0, 0]",controller_intent_only
431.9653949737549,0.0,"[0.0, 0.0, -0.11999999731779099, 0.0]","[0, 0, 0, 0, 0, 0, 0, 0, 0, 0, 0, 0, 0, 0, 0, 0, 0, 0]",controller_intent_only
432.1517927646637,0.0,"[0.0, 0.0, -0.1899999976158142, 0.0]","[0, 0, 0, 0, 0, 0, 0, 0, 0, 0, 0, 0, 0, 0, 0, 0, 0, 0]",controller_intent_only
432.2387738227844,0.0,"[0.0, 0.0, -0.36000001430511475, 0.0]","[0, 0, 0, 0, 0, 0, 0, 0, 0, 0, 0, 0, 0, 0, 0, 0, 0, 0]",controller_intent_only
432.4230229854584,0.0,"[0.0, 0.0, 0.0, 0.0]","[0, 0, 0, 0, 0, 0, 0, 0, 0, 0, 0, 0, 0, 0, 0, 0, 0, 0]",controller_intent_only
433.04723620414734,0.0,"[0.0, 0.11999999731779099, 0.0, 0.0]","[0, 0, 0, 0, 0, 0, 0, 0, 0, 0, 0, 0, 0, 0, 0, 0, 0, 0]",controller_intent_only
433.23653197288513,0.0,"[0.0, 0.25999999046325684, 0.0, 0.0]","[0, 0, 0, 0, 0, 0, 0, 0, 0, 0, 0, 0, 0, 0, 0, 0, 0, 0]",controller_intent_only
433.36733508110046,0.0,"[0.0, 0.23999999463558197, 0.0, 0.0]","[0, 0, 0, 0, 0, 0, 0, 0, 0, 0, 0, 0, 0, 0, 0, 0, 0, 0]",controller_intent_only
434.33841133117676,0.0,"[0.0, 0.23000000417232513, 0.0, 0.0]","[0, 0, 0, 0, 0, 0, 0, 0, 0, 0, 0, 0, 0, 0, 0, 0, 0, 0]",controller_intent_only
434.7387487888336,0.0,"[0.0, 0.20000000298023224, 0.0, 0.0]","[0, 0, 0, 0, 0, 0, 0, 0, 0, 0, 0, 0, 0, 0, 0, 0, 0, 0]",controller_intent_only
434.9748227596283,0.0,"[0.0, 0.10000000149011612, 0.0, 0.0]","[0, 0, 0, 0, 0, 0, 0, 0, 0, 0, 0, 0, 0, 0, 0, 0, 0, 0]",controller_intent_only
435.1622688770294,0.0,"[0.0, 0.0, 0.0, 0.0]","[0, 0, 0, 0, 0, 0, 0, 0, 0, 0, 0, 0, 0, 0, 0, 0, 0, 0]",controller_intent_only
438.55193853378296,0.0,"[0.0, 0.0, 0.3499999940395355, 0.0]","[0, 0, 0, 0, 0, 0, 0, 0, 0, 0, 0, 0, 0, 0, 0, 0, 0, 0]",controller_intent_only
438.734840631485,0.0,"[0.0, 0.0, 0.0, 0.0]","[0, 0, 0, 0, 0, 0, 0, 0, 0, 0, 0, 0, 0, 0, 0, 0, 0, 0]",controller_intent_only
441.3656795024872,0.0,"[0.0, 0.0, 0.0, 0.0]","[0, 0, 0, 0, 0, 0, 0, 0, 1, 0, 0, 0, 0, 0, 0, 0, 0, 0]",controller_intent_only
443.6810426712036,0.0,"[0.0, 0.0, 0.0, 0.0]","[0, 0, 0, 0, 0, 0, 0, 0, 0, 0, 0, 0, 0, 0, 0, 0, 0, 0]",controller_intent_only
444.38676500320435,0.0,"[0.0, -0.4300000071525574, 0.0, 0.0]","[0, 0, 0, 0, 0, 0, 0, 0, 0, 0, 0, 0, 0, 0, 0, 0, 0, 0]",controller_intent_only
444.56762623786926,0.0,"[0.0, 0.0, 0.0, 0.0]","[0, 0, 0, 0, 0, 0, 0, 0, 0, 0, 0, 0, 0, 0, 0, 0, 0, 0]",controller_intent_only
445.6470582485199,0.0,"[0.0, -0.18000000715255737, 0.0, 0.0]","[0, 0, 0, 0, 0, 0, 0, 0, 0, 0, 0, 0, 0, 0, 0, 0, 0, 0]",controller_intent_only
445.86641669273376,0.0,"[0.0, -0.17000000178813934, 0.0, 0.0]","[0, 0, 0, 0, 0, 0, 0, 0, 0, 0, 0, 0, 0, 0, 0, 0, 0, 0]",controller_intent_only
446.20647263526917,0.0,"[0.0, 0.0, 0.0, 0.0]","[0, 0, 0, 0, 0, 0, 0, 0, 0, 0, 0, 0, 0, 0, 0, 0, 0, 0]",controller_intent_only
447.4907338619232,0.0,"[0.0, 0.0, -0.07999999821186066, 0.0]","[0, 0, 0, 0, 0, 0, 0, 0, 0, 0, 0, 0, 0, 0, 0, 0, 0, 0]",controller_intent_only
447.69048857688904,0.0,"[0.0, 0.0, -0.6899999976158142, 0.0]","[0, 0, 0, 0, 0, 0, 0, 0, 0, 0, 0, 0, 0, 0, 0, 0, 0, 0]",controller_intent_only
447.7420480251312,0.0,"[0.0, 0.0, -1.0, 0.0]","[0, 0, 0, 0, 0, 0, 0, 0, 0, 0, 0, 0, 0, 0, 0, 0, 0, 0]",controller_intent_only
448.20892214775085,0.0,"[0.0, 0.0, -0.9900000095367432, 0.0]","[0, 0, 0, 0, 0, 0, 0, 0, 0, 0, 0, 0, 0, 0, 0, 0, 0, 0]",controller_intent_only
448.4032733440399,0.0,"[0.0, 0.0, -0.8500000238418579, 0.0]","[0, 0, 0, 0, 0, 0, 0, 0, 0, 0, 0, 0, 0, 0, 0, 0, 0, 0]",controller_intent_only
448.6953134536743,0.0,"[0.0, 0.0, -0.7200000286102295, 0.0]","[0, 0, 0, 0, 0, 0, 0, 0, 0, 0, 0, 0, 0, 0, 0, 0, 0, 0]",controller_intent_only
448.7306115627289,0.0,"[0.0, 0.0, -0.3700000047683716, 0.0]","[0, 0, 0, 0, 0, 0, 0, 0, 0, 0, 0, 0, 0, 0, 0, 0, 0, 0]",controller_intent_only
448.91309452056885,0.0,"[0.0, 0.0, 0.0, 0.0]","[0, 0, 0, 0, 0, 0, 0, 0, 0, 0, 0, 0, 0, 0, 0, 0, 0, 0]",controller_intent_only
449.81304478645325,0.0,"[0.0, 0.0, 1.0, -0.10000000149011612]","[0, 0, 0, 0, 0, 0, 0, 0, 0, 0, 0, 0, 0, 0, 0, 0, 0, 0]",controller_intent_only
450.2908194065094,0.0,"[0.0, 0.0, 0.9900000095367432, -0.09000000357627869]","[0, 0, 0, 0, 0, 0, 0, 0, 0, 0, 0, 0, 0, 0, 0, 0, 0, 0]",controller_intent_only
450.45004773139954,0.0,"[0.0, 0.0, 0.0, 0.0]","[0, 0, 0, 0, 0, 0, 0, 0, 0, 0, 0, 0, 0, 0, 0, 0, 0, 0]",controller_intent_only
451.22244453430176,0.0,"[0.0, 0.0, 1.0, 0.18000000715255737]","[0, 0, 0, 0, 0, 0, 0, 0, 0, 0, 0, 0, 0, 0, 0, 0, 0, 0]",controller_intent_only
451.37617540359497,0.0,"[0.0, 0.0, 1.0, 0.0]","[0, 0, 0, 0, 0, 0, 0, 0, 0, 0, 0, 0, 0, 0, 0, 0, 0, 0]",controller_intent_only
451.5653133392334,0.0,"[0.0, 0.0, 0.0, 0.0]","[0, 0, 0, 0, 0, 0, 0, 0, 0, 0, 0, 0, 0, 0, 0, 0, 0, 0]",controller_intent_only
451.9888732433319,0.0,"[0.0, 0.0, 0.20999999344348907, 0.0]","[0, 0, 0, 0, 0, 0, 0, 0, 0, 0, 0, 0, 0, 0, 0, 0, 0, 0]",controller_intent_only
452.0908679962158,0.0,"[0.0, 0.0, 1.0, -0.11999999731779099]","[0, 0, 0, 0, 0, 0, 0, 0, 0, 0, 0, 0, 0, 0, 0, 0, 0, 0]",controller_intent_only
452.27258110046387,0.0,"[0.0, 0.0, 1.0, -0.10000000149011612]","[0, 0, 0, 0, 0, 0, 0, 0, 0, 0, 0, 0, 0, 0, 0, 0, 0, 0]",controller_intent_only
452.4714894294739,0.0,"[0.0, 0.0, 0.47999998927116394, 0.0]","[0, 0, 0, 0, 0, 0, 0, 0, 0, 0, 0, 0, 0, 0, 0, 0, 0, 0]",controller_intent_only
452.65639305114746,0.0,"[0.0, 0.0, 0.0, 0.0]","[0, 0, 0, 0, 0, 0, 0, 0, 0, 0, 0, 0, 0, 0, 0, 0, 0, 0]",controller_intent_only
453.8863961696625,0.0,"[0.0, 0.0, 0.9900000095367432, 0.0]","[0, 0, 0, 0, 0, 0, 0, 0, 0, 0, 0, 0, 0, 0, 0, 0, 0, 0]",controller_intent_only
454.11054611206055,0.0,"[0.0, 0.0, 0.0, 0.0]","[0, 0, 0, 0, 0, 0, 0, 0, 0, 0, 0, 0, 0, 0, 0, 0, 0, 0]",controller_intent_only
462.89141821861267,0.0,"[0.0, 0.0, 0.4000000059604645, 0.0]","[0, 0, 0, 0, 0, 0, 0, 0, 0, 0, 0, 0, 0, 0, 0, 0, 0, 0]",controller_intent_only
463.1634347438812,0.0,"[0.0, 0.0, 0.0, 0.0]","[0, 0, 0, 0, 0, 0, 0, 0, 0, 0, 0, 0, 0, 0, 0, 0, 0, 0]",controller_intent_only
463.68802309036255,0.0,"[0.0, -0.49000000953674316, 0.0, 0.0]","[0, 0, 0, 0, 0, 0, 0, 0, 0, 0, 0, 0, 0, 0, 0, 0, 0, 0]",controller_intent_only
464.1764109134674,0.0,"[0.0, -0.3100000023841858, 0.0, 0.0]","[0, 0, 0, 0, 0, 0, 0, 0, 0, 0, 0, 0, 0, 0, 0, 0, 0, 0]",controller_intent_only
464.3014090061188,0.0,"[0.0, 0.0, 0.0, 0.0]","[0, 0, 0, 0, 0, 0, 0, 0, 0, 0, 0, 0, 0, 0, 0, 0, 0, 0]",controller_intent_only
464.3772945404053,0.0,"[0.0, 0.0, 1.0, -0.1899999976158142]","[0, 0, 0, 0, 0, 0, 0, 0, 0, 0, 0, 0, 0, 0, 0, 0, 0, 0]",controller_intent_only
464.45756673812866,0.0,"[0.0, 0.0, 0.0, 0.0]","[0, 0, 0, 0, 0, 0, 0, 0, 0, 0, 0, 0, 0, 0, 0, 0, 0, 0]",controller_intent_only
464.99182868003845,0.0,"[0.10999999940395355, -0.3499999940395355, -0.18000000715255737, 0.0]","[0, 0, 0, 0, 0, 0, 0, 0, 0, 0, 0, 0, 0, 0, 0, 0, 0, 0]",controller_intent_only
465.1982765197754,0.0,"[0.10000000149011612, -0.3400000035762787, 0.0, 0.0]","[0, 0, 0, 0, 0, 0, 0, 0, 0, 0, 0, 0, 0, 0, 0, 0, 0, 0]",controller_intent_only
465.4265818595886,0.0,"[0.10000000149011612, -0.33000001311302185, 0.0, 0.0]","[0, 0, 0, 0, 0, 0, 0, 0, 0, 0, 0, 0, 0, 0, 0, 0, 0, 0]",controller_intent_only
465.5806665420532,0.0,"[0.10000000149011612, -0.30000001192092896, 0.0, 0.0]","[0, 0, 0, 0, 0, 0, 0, 0, 0, 0, 0, 0, 0, 0, 0, 0, 0, 0]",controller_intent_only
465.79474902153015,0.0,"[0.09000000357627869, -0.2199999988079071, 0.0, 0.0]","[0, 0, 0, 0, 0, 0, 0, 0, 0, 0, 0, 0, 0, 0, 0, 0, 0, 0]",controller_intent_only
466.0915083885193,0.0,"[0.0, 0.0, 0.0, 0.0]","[0, 0, 0, 0, 0, 0, 0, 0, 0, 0, 0, 0, 0, 0, 0, 0, 0, 0]",controller_intent_only
466.2877519130707,0.0,"[0.0, 0.0, -1.0, 0.12999999523162842]","[0, 0, 0, 0, 0, 0, 0, 0, 0, 0, 0, 0, 0, 0, 0, 0, 0, 0]",controller_intent_only
466.49054861068726,0.0,"[0.0, 0.0, -0.7699999809265137, 0.0]","[0, 0, 0, 0, 0, 0, 0, 0, 0, 0, 0, 0, 0, 0, 0, 0, 0, 0]",controller_intent_only
466.67928099632263,0.0,"[0.0, 0.0, -0.4300000071525574, 0.0]","[0, 0, 0, 0, 0, 0, 0, 0, 0, 0, 0, 0, 0, 0, 0, 0, 0, 0]",controller_intent_only
466.93436193466187,0.0,"[0.0, 0.0, -0.10999999940395355, 0.0]","[0, 0, 0, 0, 0, 0, 0, 0, 0, 0, 0, 0, 0, 0, 0, 0, 0, 0]",controller_intent_only
467.1040940284729,0.0,"[0.0, 0.0, -0.14000000059604645, 0.0]","[0, 0, 0, 0, 0, 0, 0, 0, 0, 0, 0, 0, 0, 0, 0, 0, 0, 0]",controller_intent_only
467.17763566970825,0.0,"[0.0, 0.0, 0.0, 0.0]","[0, 0, 0, 0, 0, 0, 0, 0, 0, 0, 0, 0, 0, 0, 0, 0, 0, 0]",controller_intent_only
479.70098662376404,0.0,"[0.0, 0.0, -0.5899999737739563, 0.20000000298023224]","[0, 0, 0, 0, 0, 0, 0, 0, 0, 0, 0, 0, 0, 0, 0, 0, 0, 0]",controller_intent_only
479.91401267051697,0.0,"[0.0, 0.0, -0.6499999761581421, 0.09000000357627869]","[0, 0, 0, 0, 0, 0, 0, 0, 0, 0, 0, 0, 0, 0, 0, 0, 0, 0]",controller_intent_only
480.1016755104065,0.0,"[0.0, 0.0, 0.0, 0.0]","[0, 0, 0, 0, 0, 0, 0, 0, 0, 0, 0, 0, 0, 0, 0, 0, 0, 0]",controller_intent_only
480.5105550289154,0.0,"[0.0, 0.0, 0.5099999904632568, 0.0]","[0, 0, 0, 0, 0, 0, 0, 0, 0, 0, 0, 0, 0, 0, 0, 0, 0, 0]",controller_intent_only
480.6778905391693,0.0,"[0.0, 0.0, 0.6600000262260437, 0.0]","[0, 0, 0, 0, 0, 0, 0, 0, 0, 0, 0, 0, 0, 0, 0, 0, 0, 0]",controller_intent_only
480.87617540359497,0.0,"[0.0, 0.0, 0.0, 0.0]","[0, 0, 0, 0, 0, 0, 0, 0, 0, 0, 0, 0, 0, 0, 0, 0, 0, 0]",controller_intent_only
481.4291744232178,0.0,"[0.0, 0.1599999964237213, 0.0, 0.0]","[0, 0, 0, 0, 0, 0, 0, 0, 0, 0, 0, 0, 0, 0, 0, 0, 0, 0]",controller_intent_only
481.65441370010376,0.0,"[0.0, 0.14000000059604645, 0.0, 0.0]","[0, 0, 0, 0, 0, 0, 0, 0, 0, 0, 0, 0, 0, 0, 0, 0, 0, 0]",controller_intent_only
481.85693621635437,0.0,"[0.0, 0.11999999731779099, 0.0, 0.0]","[0, 0, 0, 0, 0, 0, 0, 0, 0, 0, 0, 0, 0, 0, 0, 0, 0, 0]",controller_intent_only
482.03849959373474,0.0,"[0.0, 0.07000000029802322, 0.0, 0.0]","[0, 0, 0, 0, 0, 0, 0, 0, 0, 0, 0, 0, 0, 0, 0, 0, 0, 0]",controller_intent_only
482.19251227378845,0.0,"[0.0, 0.0, -0.23999999463558197, 0.0]","[0, 0, 0, 0, 0, 0, 0, 0, 0, 0, 0, 0, 0, 0, 0, 0, 0, 0]",controller_intent_only
482.3927776813507,0.0,"[0.0, 0.0, -0.6600000262260437, 0.1599999964237213]","[0, 0, 0, 0, 0, 0, 0, 0, 0, 0, 0, 0, 0, 0, 0, 0, 0, 0]",controller_intent_only
482.52480602264404,0.0,"[0.0, 0.0, -0.6899999976158142, 0.1899999976158142]","[0, 0, 0, 0, 0, 0, 0, 0, 0, 0, 0, 0, 0, 0, 0, 0, 0, 0]",controller_intent_only
482.7006456851959,0.0,"[0.0, 0.0, -0.23000000417232513, 0.0]","[0, 0, 0, 0, 0, 0, 0, 0, 0, 0, 0, 0, 0, 0, 0, 0, 0, 0]",controller_intent_only
482.9060959815979,0.0,"[0.0, 0.0, 0.0, 0.0]","[0, 0, 0, 0, 0, 0, 0, 0, 0, 0, 0, 0, 0, 0, 0, 0, 0, 0]",controller_intent_only
483.48836040496826,0.0,"[0.0, 0.0, -0.3400000035762787, 0.07999999821186066]","[0, 0, 0, 0, 0, 0, 0, 0, 0, 0, 0, 0, 0, 0, 0, 0, 0, 0]",controller_intent_only
483.6305468082428,0.0,"[0.0, 0.0, -0.14000000059604645, 0.0]","[0, 0, 0, 0, 0, 0, 0, 0, 0, 0, 0, 0, 0, 0, 0, 0, 0, 0]",controller_intent_only
483.9064724445343,0.0,"[0.0, 0.0, 0.0, 0.0]","[0, 0, 0, 0, 0, 0, 0, 0, 0, 0, 0, 0, 0, 0, 0, 0, 0, 0]",controller_intent_only
484.33391857147217,0.0,"[0.0, 0.0, -0.10999999940395355, 0.0]","[0, 0, 0, 0, 0, 0, 0, 0, 0, 0, 0, 0, 0, 0, 0, 0, 0, 0]",controller_intent_only
484.49240350723267,0.0,"[0.0, 0.0, -0.30000001192092896, 0.0]","[0, 0, 0, 0, 0, 0, 0, 0, 0, 0, 0, 0, 0, 0, 0, 0, 0, 0]",controller_intent_only
484.63449931144714,0.0,"[0.0, 0.0, 0.0, 0.0]","[0, 0, 0, 0, 0, 0, 0, 0, 0, 0, 0, 0, 0, 0, 0, 0, 0, 0]",controller_intent_only
485.19675850868225,0.0,"[0.0, 0.10000000149011612, 0.0, 0.0]","[0, 0, 0, 0, 0, 0, 0, 0, 0, 0, 0, 0, 0, 0, 0, 0, 0, 0]",controller_intent_only
485.4357123374939,0.0,"[0.0, 0.12999999523162842, 0.0, 0.0]","[0, 0, 0, 0, 0, 0, 0, 0, 0, 0, 0, 0, 0, 0, 0, 0, 0, 0]",controller_intent_only
485.79389357566833,0.0,"[0.0, 0.12999999523162842, -0.12999999523162842, 0.0]","[0, 0, 0, 0, 0, 0, 0, 0, 0, 0, 0, 0, 0, 0, 0, 0, 0, 0]",controller_intent_only
485.9113700389862,0.0,"[0.0, 0.12999999523162842, -0.25, 0.0]","[0, 0, 0, 0, 0, 0, 0, 0, 0, 0, 0, 0, 0, 0, 0, 0, 0, 0]",controller_intent_only
486.12935876846313,0.0,"[0.0, 0.11999999731779099, -0.5299999713897705, 0.14000000059604645]","[0, 0, 0, 0, 0, 0, 0, 0, 0, 0, 0, 0, 0, 0, 0, 0, 0, 0]",controller_intent_only
486.55454301834106,0.0,"[0.0, 0.11999999731779099, 0.0, 0.0]","[0, 0, 0, 0, 0, 0, 0, 0, 0, 0, 0, 0, 0, 0, 0, 0, 0, 0]",controller_intent_only
486.59668469429016,0.0,"[0.0, 0.14000000059604645, 0.0, 0.0]","[0, 0, 0, 0, 0, 0, 0, 0, 0, 0, 0, 0, 0, 0, 0, 0, 0, 0]",controller_intent_only
486.698406457901,0.0,"[0.0, 0.20000000298023224, 0.0, 0.0]","[0, 0, 0, 0, 0, 0, 0, 0, 0, 0, 0, 0, 0, 0, 0, 0, 0, 0]",controller_intent_only
486.90603399276733,0.0,"[0.0, 0.25, -0.3400000035762787, 0.0]","[0, 0, 0, 0, 0, 0, 0, 0, 0, 0, 0, 0, 0, 0, 0, 0, 0, 0]",controller_intent_only
487.0982367992401,0.0,"[0.0, 0.25, -0.4399999976158142, 0.09000000357627869]","[0, 0, 0, 0, 0, 0, 0, 0, 0, 0, 0, 0, 0, 0, 0, 0, 0, 0]",controller_intent_only
487.18712306022644,0.0,"[0.0, 0.25999999046325684, 0.0, 0.0]","[0, 0, 0, 0, 0, 0, 0, 0, 0, 0, 0, 0, 0, 0, 0, 0, 0, 0]",controller_intent_only
487.4078457355499,0.0,"[0.0, 0.27000001072883606, 0.0, 0.0]","[0, 0, 0, 0, 0, 0, 0, 0, 0, 0, 0, 0, 0, 0, 0, 0, 0, 0]",controller_intent_only
487.7102060317993,0.0,"[0.0, 0.3400000035762787, 0.0, 0.0]","[0, 0, 0, 0, 0, 0, 0, 0, 0, 0, 0, 0, 0, 0, 0, 0, 0, 0]",controller_intent_only
487.91960620880127,0.0,"[0.0, 0.33000001311302185, 0.0, 0.0]","[0, 0, 0, 0, 0, 0, 0, 0, 0, 0, 0, 0, 0, 0, 0, 0, 0, 0]",controller_intent_only
488.12713956832886,0.0,"[0.0, 0.3400000035762787, 0.0, 0.0]","[0, 0, 0, 0, 0, 0, 0, 0, 0, 0, 0, 0, 0, 0, 0, 0, 0, 0]",controller_intent_only
489.06358098983765,0.0,"[0.0, 0.33000001311302185, 0.0, 0.0]","[0, 0, 0, 0, 0, 0, 0, 0, 0, 0, 0, 0, 0, 0, 0, 0, 0, 0]",controller_intent_only
489.20858502388,0.0,"[0.0, 0.3400000035762787, 0.0, 0.0]","[0, 0, 0, 0, 0, 0, 0, 0, 0, 0, 0, 0, 0, 0, 0, 0, 0, 0]",controller_intent_only
489.99606680870056,0.0,"[0.0, 0.3100000023841858, 0.0, 0.0]","[0, 0, 0, 0, 0, 0, 0, 0, 0, 0, 0, 0, 0, 0, 0, 0, 0, 0]",controller_intent_only
490.4006276130676,0.0,"[0.0, 0.0, 0.0, 0.0]","[0, 0, 0, 0, 0, 0, 0, 0, 0, 0, 0, 0, 0, 0, 0, 0, 0, 0]",controller_intent_only
