stamp_ns,x_m,y_m,z_m,qx,qy,qz,qw,fitness,rmse_m,accepted,record_time_s,derived_edge_valid_from_previous,derived_route_evidence_usable,derived_path_segment_id
1788920854183643579,0.0,0.0,0.0,-0.6353477559108153,-0.29408757860998314,0.0,0.7140348206960276,1.0,0.0,1,0.47077512741088867,false,false,1
1788920854383671522,0.0018722336910006097,-0.0013670502181880298,0.001012767078052145,-0.6357198315723239,-0.2940492386517453,0.00028697827847950797,0.713719313622276,0.9992266047950503,0.10915140949432386,1,4.777331352233887,false,false,2
1788920854583586931,-0.001589508968522288,-0.0031612692396434123,0.0010363125524231961,-0.6356249654718076,-0.29379127840417113,-0.00024581825787876134,0.7139100276477355,1.0,0.08118292720315952,1,11.476191282272339,false,false,3
1788920854783623934,-0.0030696844996028327,0.0005523621552429788,-0.0000627286776152514,-0.6351809422893665,-0.29370418126340947,-0.0004567936351009005,0.7143408260769911,1.0,0.07858609252514544,1,15.029931545257568,false,false,4
1788920854983567715,0.00008861601027172707,0.00025118004555228145,-0.0003784353812817726,-0.63559764460898,-0.29374084982826854,0.00022896775006294614,0.7139551070504733,1.0,0.0838955022494423,1,16.482152462005615,false,false,5
1788920855183609486,0.00018653808127484767,-0.006769813417928417,-0.0003244926208988125,-0.6360139890846854,-0.293315803787103,-0.00017405280315767948,0.7137590732473622,1.0,0.07651484437386791,1,17.338759899139404,false,false,6
1788920855383641243,-0.0022256270233800266,-0.006468099060774938,-0.0002248536432762576,-0.6358299010324496,-0.2933896771550278,-0.00037438822926493025,0.713892634872631,1.0,0.07652198611009073,1,18.082301139831543,false,false,7
1788920855583614349,-0.0021958652007067732,-0.007259992671229824,-0.001261716827338852,-0.6360591360055154,-0.2930495568054986,-0.0001967217810779109,0.7138281964594555,1.0,0.07371835286877948,1,20.56259775161743,false,false,8
1788920855783632278,-0.0006477892882477338,0.0004382812626251335,0.0005767344231491893,-0.6354183402723119,-0.2939573934577531,-0.00016326373832206486,0.7140255996965769,1.0,0.07331008728644728,1,21.398899793624878,false,false,9
1788920855983604908,-0.0052920486967169,-0.002916690610115563,-0.0000697807242905848,-0.6355023215996968,-0.29359765348564654,-0.0005230571384054425,0.7140986931232601,1.0,0.07311834331811834,1,22.36897373199463,false,false,10
1788920856183676481,-0.0002183489159460729,-0.0020623692752822368,-0.0010058501798394914,-0.6355712749880018,-0.29369955633965444,0.0001245120607471953,0.7139955948833037,1.0,0.07110332200099566,1,23.514219045639038,false,false,11
1788920856383750677,-0.0009908762701819865,-0.00297117562351869,-0.00024569685779310825,-0.6356760918458767,-0.29360468699159964,-0.00018823832297663081,0.7139412851197577,1.0,0.0714946842938944,1,24.515809297561646,false,false,12
1788920856583724737,-0.0007585134691730346,-0.003003915015636329,-0.00137325755129147,-0.6354515782918809,-0.2934369638583437,-0.00029329936828756436,0.714210020836613,1.0,0.0701870800826629,1,26.224559783935547,false,false,13
1788920857383612633,-0.002200774259109136,-0.002906799071574783,-0.0016528708127655787,-0.6357126772738746,-0.29316885650982244,-0.0001762619417998475,0.7140877974435174,1.0,0.07397071975319065,1,28.232231855392456,false,false,14
1788920859483719110,-0.0015799555161984365,0.0015188089750593212,-0.0012952032869898266,-0.6355355939969655,-0.2936824647481715,-0.000045428954941460494,0.7140343945487315,1.0,0.07299712329480787,1,29.0647234916687,false,false,15
1788920860283781290,-0.0009949234319767406,-0.005535237099036162,-0.0020389088063351656,-0.6358294876002686,-0.29311289599678375,-0.0005219087504529088,0.7140065969650525,1.0,0.07051101020520766,1,29.903681993484497,false,false,16
1788920861183788538,-0.0016217708051834343,-0.002360994476129636,-0.0004796080654667865,-0.6356940296269996,-0.2935581640303517,-0.00016541147701588135,0.7139444499866637,1.0,0.07274021509803233,1,30.26668095588684,true,true,16
1788920861483736277,-0.0019188690317130832,-0.006034610486278652,-0.0006380783650905809,-0.635881302040241,-0.2932477556898988,-0.0005018253311187569,0.7139050858971258,1.0,0.07294452783319753,1,30.51156711578369,true,true,16
1788920861783708572,0.0006145374660873194,0.0015266487468965596,-0.0011339516461645787,-0.6356088871852197,-0.2938018468701527,0.00006778595696051566,0.7139200324349487,1.0,0.07173280264922306,1,30.814977407455444,true,true,16
1788920861983756304,-0.001341411062675008,0.0008219242408678242,-0.0004382240863834899,-0.6354835410870657,-0.293619695136026,-0.0002214063636939895,0.7141065008910739,1.0,0.0721402959859833,1,31.467515468597412,false,false,17
1788920862583797693,-0.002087978064659374,-0.004331235776444545,-0.001234688509337149,-0.6357118698199634,-0.29332976436446545,-0.0005897442097656879,0.7140222126164286,1.0,0.074114356863156,1,32.076741218566895,false,false,18
1788920863383666039,-0.002204230211681391,-0.010659807117896509,-0.0011136152247770107,-0.6362878882993184,-0.2929308098509946,-0.0005075967161685687,0.7136728985951536,1.0,0.07263193296321291,1,33.270389795303345,false,false,19
1788920864483818531,-0.0013315505362351278,-0.0014295680654342635,-0.0019453035713350446,-0.635785670486218,-0.2931342684616387,-0.00024650950360461933,0.7140369886013715,1.0,0.07325279112946981,1,33.87605810165405,false,false,20
1788920864983821154,-6.256586033550907e-6,-0.0018253827519783665,-0.0028044687678158236,-0.6357836704510316,-0.2932731154344958,0.00007057746818793501,0.7139817919036735,1.0,0.07263089074525965,1,34.28406262397766,true,true,20
1788920865483818531,0.0011573202407141603,-0.004636209885183708,-0.003378753703842039,-0.6354189041514013,-0.29212941673452913,0.0002792540086505373,0.7147748891382344,1.0,0.07219468588276283,1,36.23295307159424,false,false,21
1788920866684695959,0.002076043000474546,0.004864199192485069,-0.003329786362261665,-0.6328662209499506,-0.2909630631603302,0.0016948082087775815,0.7175081671186898,1.0,0.07423403281958009,1,38.69234895706177,false,false,22
1788920869583825350,0.002076043000474546,0.004864199192485069,-0.003329786362261665,-0.6328662209499506,-0.2909630631603302,0.0016948082087775815,0.7175081671186898,0.9930939226519337,0.12582894553775623,0,47.778879165649414,false,false,23
1788920876383942604,0.002076043000474546,0.004864199192485069,-0.003329786362261665,-0.6328662209499506,-0.2909630631603302,0.0016948082087775815,0.7175081671186898,0.8923426838514026,0.23928458805713088,0,52.87131142616272,false,false,24
1788920884083871841,0.002076043000474546,0.004864199192485069,-0.003329786362261665,-0.6328662209499506,-0.2909630631603302,0.0016948082087775815,0.7175081671186898,0.9280500521376434,0.25595580507539234,0,54.817684173583984,false,false,25
1788920884884084940,0.002076043000474546,0.004864199192485069,-0.003329786362261665,-0.6328662209499506,-0.2909630631603302,0.0016948082087775815,0.7175081671186898,0.93790546802595,0.23620592560115236,0,56.863118410110474,false,false,26
1788920886883085489,0.002076043000474546,0.004864199192485069,-0.003329786362261665,-0.6328662209499506,-0.2909630631603302,0.0016948082087775815,0.7175081671186898,0.9094827586206896,0.2590378505620365,0,60.96478343009949,false,false,27
1788920890583027363,0.002076043000474546,0.004864199192485069,-0.003329786362261665,-0.6328662209499506,-0.2909630631603302,0.0016948082087775815,0.7175081671186898,0.939918533604888,0.26260392517922415,0,62.665488481521606,false,false,28
1788920893684943914,0.002076043000474546,0.004864199192485069,-0.003329786362261665,-0.6328662209499506,-0.2909630631603302,0.0016948082087775815,0.7175081671186898,0.7646033129904097,0.3324258864327398,0,67.77323341369629,false,false,29
1788920895283260584,0.002076043000474546,0.004864199192485069,-0.003329786362261665,-0.6328662209499506,-0.2909630631603302,0.0016948082087775815,0.7175081671186898,0.8986301369863013,0.25891774627549885,0,73.45727038383484,false,false,30
1788920903084209204,0.002076043000474546,0.004864199192485069,-0.003329786362261665,-0.6328662209499506,-0.2909630631603302,0.0016948082087775815,0.7175081671186898,0.6760450160771704,0.35477701524090777,0,76.89585900306702,false,false,31
1788920907083305359,0.002076043000474546,0.004864199192485069,-0.003329786362261665,-0.6328662209499506,-0.2909630631603302,0.0016948082087775815,0.7175081671186898,0.8930150309460654,0.21356129531816834,0,77.86060953140259,false,false,32
1788920909083468437,0.002076043000474546,0.004864199192485069,-0.003329786362261665,-0.6328662209499506,-0.2909630631603302,0.0016948082087775815,0.7175081671186898,0.904607922392886,0.22682835161795054,0,78.12615394592285,false,false,33
1788920909383410215,0.002076043000474546,0.004864199192485069,-0.003329786362261665,-0.6328662209499506,-0.2909630631603302,0.0016948082087775815,0.7175081671186898,0.909895414320193,0.2233789080591933,0,78.4223427772522,false,false,34
1788920909584325075,0.002076043000474546,0.004864199192485069,-0.003329786362261665,-0.6328662209499506,-0.2909630631603302,0.0016948082087775815,0.7175081671186898,0.8946945337620579,0.22818361953518146,0,78.62671685218811,false,false,35
1788920909884342670,0.002076043000474546,0.004864199192485069,-0.003329786362261665,-0.6328662209499506,-0.2909630631603302,0.0016948082087775815,0.7175081671186898,0.9032815198618307,0.214920704312931,0,78.81402134895325,false,false,36
1788920910084406853,0.002076043000474546,0.004864199192485069,-0.003329786362261665,-0.6328662209499506,-0.2909630631603302,0.0016948082087775815,0.7175081671186898,0.9111295681063123,0.2247081616730404,0,78.98606657981873,false,false,37
1788920910283449888,0.002076043000474546,0.004864199192485069,-0.003329786362261665,-0.6328662209499506,-0.2909630631603302,0.0016948082087775815,0.7175081671186898,0.9062253743104807,0.22569720665885498,0,79.09849834442139,false,false,38
1788920910483137131,0.002076043000474546,0.004864199192485069,-0.003329786362261665,-0.6328662209499506,-0.2909630631603302,0.0016948082087775815,0.7175081671186898,0.9111635220125787,0.23243311218769563,0,79.24315118789673,false,false,39
1788920910683314085,0.002076043000474546,0.004864199192485069,-0.003329786362261665,-0.6328662209499506,-0.2909630631603302,0.0016948082087775815,0.7175081671186898,0.7162162162162162,0.3371364252958682,0,79.39860248565674,false,false,40
1788920910883412123,0.002076043000474546,0.004864199192485069,-0.003329786362261665,-0.6328662209499506,-0.2909630631603302,0.0016948082087775815,0.7175081671186898,0.7179276315789473,0.33279692649142184,0,79.54639101028442,false,false,41
1788920911084342003,0.002076043000474546,0.004864199192485069,-0.003329786362261665,-0.6328662209499506,-0.2909630631603302,0.0016948082087775815,0.7175081671186898,0.7307098765432098,0.33881120945498977,0,79.75928020477295,false,false,42
1788920911283295155,0.002076043000474546,0.004864199192485069,-0.003329786362261665,-0.6328662209499506,-0.2909630631603302,0.0016948082087775815,0.7175081671186898,0.718773373223635,0.33620138172391395,0,79.89894771575928,false,false,43
1788920911482982159,0.002076043000474546,0.004864199192485069,-0.003329786362261665,-0.6328662209499506,-0.2909630631603302,0.0016948082087775815,0.7175081671186898,0.6893649579188983,0.3328556213529033,0,80.03633093833923,false,false,44
1788920911685025454,0.002076043000474546,0.004864199192485069,-0.003329786362261665,-0.6328662209499506,-0.2909630631603302,0.0016948082087775815,0.7175081671186898,0.6828087167070218,0.3532869623429481,0,80.17678117752075,false,false,45
1788920911883269787,0.002076043000474546,0.004864199192485069,-0.003329786362261665,-0.6328662209499506,-0.2909630631603302,0.0016948082087775815,0.7175081671186898,0.6702214930270713,0.34805882326480286,0,80.31489276885986,false,false,46
1788920912083500147,0.002076043000474546,0.004864199192485069,-0.003329786362261665,-0.6328662209499506,-0.2909630631603302,0.0016948082087775815,0.7175081671186898,0.6788776305533905,0.35379949112151576,0,80.46377491950989,false,false,47
1788920912283404589,0.002076043000474546,0.004864199192485069,-0.003329786362261665,-0.6328662209499506,-0.2909630631603302,0.0016948082087775815,0.7175081671186898,0.6669278996865203,0.36692848978277887,0,80.57460856437683,false,false,48
1788920912483052015,0.002076043000474546,0.004864199192485069,-0.003329786362261665,-0.6328662209499506,-0.2909630631603302,0.0016948082087775815,0.7175081671186898,0.6773688332028192,0.36392774989437865,0,80.76286792755127,false,false,49
1788920912683406353,0.002076043000474546,0.004864199192485069,-0.003329786362261665,-0.6328662209499506,-0.2909630631603302,0.0016948082087775815,0.7175081671186898,0.6666666666666666,0.3532543836616897,0,80.9347231388092,false,false,50
1788920912884440422,0.002076043000474546,0.004864199192485069,-0.003329786362261665,-0.6328662209499506,-0.2909630631603302,0.0016948082087775815,0.7175081671186898,0.6175548589341693,0.33958826727993513,0,81.40132665634155,false,false,51
1788920913084336281,0.002076043000474546,0.004864199192485069,-0.003329786362261665,-0.6328662209499506,-0.2909630631603302,0.0016948082087775815,0.7175081671186898,0.6655082536924414,0.35585281758546533,0,82.17097783088684,false,false,52
1788920913283455372,0.002076043000474546,0.004864199192485069,-0.003329786362261665,-0.6328662209499506,-0.2909630631603302,0.0016948082087775815,0.7175081671186898,0.6709741550695825,0.3577320236072385,0,83.02217364311218,false,false,53
1788920913783438921,0.002076043000474546,0.004864199192485069,-0.003329786362261665,-0.6328662209499506,-0.2909630631603302,0.0016948082087775815,0.7175081671186898,0.7252208047105005,0.34234187433386964,0,84.41066908836365,false,false,54
1788920914384368181,0.002076043000474546,0.004864199192485069,-0.003329786362261665,-0.6328662209499506,-0.2909630631603302,0.0016948082087775815,0.7175081671186898,0.7324074074074074,0.3223232836473772,0,84.80835247039795,false,false,55
1788920915783465624,0.002076043000474546,0.004864199192485069,-0.003329786362261665,-0.6328662209499506,-0.2909630631603302,0.0016948082087775815,0.7175081671186898,0.7296996662958843,0.3249376433209711,0,85.03787565231323,false,false,56
1788920916283385038,0.002076043000474546,0.004864199192485069,-0.003329786362261665,-0.6328662209499506,-0.2909630631603302,0.0016948082087775815,0.7175081671186898,0.7327935222672065,0.3149494290929654,0,85.36541390419006,false,false,57
1788920916483224154,0.002076043000474546,0.004864199192485069,-0.003329786362261665,-0.6328662209499506,-0.2909630631603302,0.0016948082087775815,0.7175081671186898,0.762396694214876,0.33256111358960116,0,85.59896230697632,false,false,58
1788920916784413099,0.002076043000474546,0.004864199192485069,-0.003329786362261665,-0.6328662209499506,-0.2909630631603302,0.0016948082087775815,0.7175081671186898,0.7738095238095238,0.36758110345597517,0,85.8531289100647,false,false,59
1788920916983335018,0.002076043000474546,0.004864199192485069,-0.003329786362261665,-0.6328662209499506,-0.2909630631603302,0.0016948082087775815,0.7175081671186898,0.7366375121477162,0.34158782359393125,0,86.19693517684937,false,false,60
1788920917383393764,0.002076043000474546,0.004864199192485069,-0.003329786362261665,-0.6328662209499506,-0.2909630631603302,0.0016948082087775815,0.7175081671186898,0.7616279069767442,0.35838733258931693,0,86.4060447216034,false,false,61
1788920917583261490,0.002076043000474546,0.004864199192485069,-0.003329786362261665,-0.6328662209499506,-0.2909630631603302,0.0016948082087775815,0.7175081671186898,0.782608695652174,0.37081344745294026,0,86.61603736877441,false,false,62
1788920917882982969,0.002076043000474546,0.004864199192485069,-0.003329786362261665,-0.6328662209499506,-0.2909630631603302,0.0016948082087775815,0.7175081671186898,0.7475538160469667,0.3522058272163327,0,87.20811772346497,false,false,63
1788920918083666086,0.002076043000474546,0.004864199192485069,-0.003329786362261665,-0.6328662209499506,-0.2909630631603302,0.0016948082087775815,0.7175081671186898,0.7647619047619048,0.36416094012095457,0,87.67903470993042,false,false,64
1788920918883408308,0.002076043000474546,0.004864199192485069,-0.003329786362261665,-0.6328662209499506,-0.2909630631603302,0.0016948082087775815,0.7175081671186898,0.7325349301397206,0.35356222159518924,0,87.86229062080383,false,false,65
1788920919083415747,0.002076043000474546,0.004864199192485069,-0.003329786362261665,-0.6328662209499506,-0.2909630631603302,0.0016948082087775815,0.7175081671186898,0.7053291536050157,0.332364724273956,0,88.05208230018616,false,false,66
1788920919283336878,0.002076043000474546,0.004864199192485069,-0.003329786362261665,-0.6328662209499506,-0.2909630631603302,0.0016948082087775815,0.7175081671186898,0.6953907815631263,0.34025753761632055,0,88.49396872520447,false,false,67
1788920919483446836,0.002076043000474546,0.004864199192485069,-0.003329786362261665,-0.6328662209499506,-0.2909630631603302,0.0016948082087775815,0.7175081671186898,0.7100840336134454,0.3348593926430399,0,88.82319974899292,false,false,68
1788920919983477831,0.002076043000474546,0.004864199192485069,-0.003329786362261665,-0.6328662209499506,-0.2909630631603302,0.0016948082087775815,0.7175081671186898,0.684322033898305,0.3348297305308534,0,88.96719145774841,false,false,69
1788920920283423662,0.002076043000474546,0.004864199192485069,-0.003329786362261665,-0.6328662209499506,-0.2909630631603302,0.0016948082087775815,0.7175081671186898,0.6590909090909091,0.3316957971006008,0,89.12040162086487,false,false,70
1788920920483467340,0.002076043000474546,0.004864199192485069,-0.003329786362261665,-0.6328662209499506,-0.2909630631603302,0.0016948082087775815,0.7175081671186898,0.6741784037558686,0.3427166950192797,0,89.33708572387695,false,false,71
1788920920683651686,0.002076043000474546,0.004864199192485069,-0.003329786362261665,-0.6328662209499506,-0.2909630631603302,0.0016948082087775815,0.7175081671186898,0.6712734452122409,0.3407919507690852,0,89.57404375076294,false,false,72
1788920920883354187,0.002076043000474546,0.004864199192485069,-0.003329786362261665,-0.6328662209499506,-0.2909630631603302,0.0016948082087775815,0.7175081671186898,0.7046580773042617,0.34685690727138396,0,89.8316261768341,false,false,73
1788920921083371162,0.002076043000474546,0.004864199192485069,-0.003329786362261665,-0.6328662209499506,-0.2909630631603302,0.0016948082087775815,0.7175081671186898,0.6839024390243903,0.3354542075525944,0,90.15444898605347,false,false,74
1788920921383381844,0.002076043000474546,0.004864199192485069,-0.003329786362261665,-0.6328662209499506,-0.2909630631603302,0.0016948082087775815,0.7175081671186898,0.6972193614830072,0.3487138640746655,0,90.40275764465332,false,false,75
1788920921683353186,0.002076043000474546,0.004864199192485069,-0.003329786362261665,-0.6328662209499506,-0.2909630631603302,0.0016948082087775815,0.7175081671186898,0.7082926829268292,0.3599098524614822,0,90.80727982521057,false,false,76
1788920921883378506,0.002076043000474546,0.004864199192485069,-0.003329786362261665,-0.6328662209499506,-0.2909630631603302,0.0016948082087775815,0.7175081671186898,0.7183246073298429,0.3565060317001432,0,90.9681715965271,false,false,77
1788920922183383703,0.002076043000474546,0.004864199192485069,-0.003329786362261665,-0.6328662209499506,-0.2909630631603302,0.0016948082087775815,0.7175081671186898,0.7293625914315569,0.3627992208646225,0,91.69862723350525,false,false,78
1788920922383632183,0.002076043000474546,0.004864199192485069,-0.003329786362261665,-0.6328662209499506,-0.2909630631603302,0.0016948082087775815,0.7175081671186898,0.749730312837109,0.36431540189912437,0,92.26255202293396,false,false,79
1788920923183420420,0.002076043000474546,0.004864199192485069,-0.003329786362261665,-0.6328662209499506,-0.2909630631603302,0.0016948082087775815,0.7175081671186898,0.7435897435897436,0.35044835019894516,0,92.81604623794556,false,false,80
1788920923783095121,0.002076043000474546,0.004864199192485069,-0.003329786362261665,-0.6328662209499506,-0.2909630631603302,0.0016948082087775815,0.7175081671186898,0.7248953974895398,0.3666751591931603,0,93.15222120285034,false,false,81
1788920924283453941,0.002076043000474546,0.004864199192485069,-0.003329786362261665,-0.6328662209499506,-0.2909630631603302,0.0016948082087775815,0.7175081671186898,0.5984251968503937,0.42387484471204423,0,93.98163628578186,false,false,82
1788920925083607435,0.002076043000474546,0.004864199192485069,-0.003329786362261665,-0.6328662209499506,-0.2909630631603302,0.0016948082087775815,0.7175081671186898,0.7042682926829268,0.3565678493311268,0,94.38015580177307,false,false,83
1788920925483051062,0.002076043000474546,0.004864199192485069,-0.003329786362261665,-0.6328662209499506,-0.2909630631603302,0.0016948082087775815,0.7175081671186898,0.6116910229645094,0.3711857670572551,0,95.14915895462036,false,false,84
1788920925783145428,0.002076043000474546,0.004864199192485069,-0.003329786362261665,-0.6328662209499506,-0.2909630631603302,0.0016948082087775815,0.7175081671186898,0.552547770700637,0.38356695980485933,0,95.58736300468445,false,false,85
1788920926683586836,0.002076043000474546,0.004864199192485069,-0.003329786362261665,-0.6328662209499506,-0.2909630631603302,0.0016948082087775815,0.7175081671186898,0.550321199143469,0.3769742517781818,0,95.81004238128662,false,false,86
1788920926983661890,0.002076043000474546,0.004864199192485069,-0.003329786362261665,-0.6328662209499506,-0.2909630631603302,0.0016948082087775815,0.7175081671186898,0.5183299389002036,0.3926601209266459,0,96.08699440956116,false,false,87
1788920927282967329,0.002076043000474546,0.004864199192485069,-0.003329786362261665,-0.6328662209499506,-0.2909630631603302,0.0016948082087775815,0.7175081671186898,0.4949720670391061,0.36604854969110695,0,96.39246439933777,false,false,88
1788920927483484268,0.002076043000474546,0.004864199192485069,-0.003329786362261665,-0.6328662209499506,-0.2909630631603302,0.0016948082087775815,0.7175081671186898,0.5535535535535535,0.3638393599441712,0,96.60432410240173,false,false,89
1788920927683430910,0.002076043000474546,0.004864199192485069,-0.003329786362261665,-0.6328662209499506,-0.2909630631603302,0.0016948082087775815,0.7175081671186898,0.5775451950523312,0.36503715999554653,0,96.9145576953888,false,false,90
1788920927983525038,0.002076043000474546,0.004864199192485069,-0.003329786362261665,-0.6328662209499506,-0.2909630631603302,0.0016948082087775815,0.7175081671186898,0.6193832599118942,0.3447325537793325,0,97.07808542251587,false,false,91
1788920928283213615,0.002076043000474546,0.004864199192485069,-0.003329786362261665,-0.6328662209499506,-0.2909630631603302,0.0016948082087775815,0.7175081671186898,0.57801766437684,0.3812912102709986,0,97.2396125793457,false,false,92
1788920928483103991,0.002076043000474546,0.004864199192485069,-0.003329786362261665,-0.6328662209499506,-0.2909630631603302,0.0016948082087775815,0.7175081671186898,0.5502645502645502,0.3851766851701243,0,97.55485725402832,false,false,93
1788920928683152914,0.002076043000474546,0.004864199192485069,-0.003329786362261665,-0.6328662209499506,-0.2909630631603302,0.0016948082087775815,0.7175081671186898,0.5469667318982387,0.37838090927505763,0,98.00496363639832,false,false,94
1788920928883700132,0.002076043000474546,0.004864199192485069,-0.003329786362261665,-0.6328662209499506,-0.2909630631603302,0.0016948082087775815,0.7175081671186898,0.5213675213675214,0.383608728189518,0,98.34764814376831,false,false,95
1788920929083041191,0.002076043000474546,0.004864199192485069,-0.003329786362261665,-0.6328662209499506,-0.2909630631603302,0.0016948082087775815,0.7175081671186898,0.5679133858267716,0.380675709350542,0,98.64801168441772,false,false,96
1788920929483011484,0.002076043000474546,0.004864199192485069,-0.003329786362261665,-0.6328662209499506,-0.2909630631603302,0.0016948082087775815,0.7175081671186898,0.5703048180924287,0.38140150334565187,0,98.92024159431458,false,false,97
1788920929783605814,0.002076043000474546,0.004864199192485069,-0.003329786362261665,-0.6328662209499506,-0.2909630631603302,0.0016948082087775815,0.7175081671186898,0.5878136200716846,0.3502114349147733,0,99.11588048934937,false,false,98
1788920930083493471,0.002076043000474546,0.004864199192485069,-0.003329786362261665,-0.6328662209499506,-0.2909630631603302,0.0016948082087775815,0.7175081671186898,0.5505514705882353,0.3807022225494991,0,99.4305624961853,false,false,99
1788920930283026457,0.002076043000474546,0.004864199192485069,-0.003329786362261665,-0.6328662209499506,-0.2909630631603302,0.0016948082087775815,0.7175081671186898,0.5856255545696539,0.3796032231675165,0,99.57870221138,false,false,100
1788920930583084345,0.002076043000474546,0.004864199192485069,-0.003329786362261665,-0.6328662209499506,-0.2909630631603302,0.0016948082087775815,0.7175081671186898,0.5503355704697986,0.35985529471689903,0,99.82356429100037,false,false,101
1788920930783555746,0.002076043000474546,0.004864199192485069,-0.003329786362261665,-0.6328662209499506,-0.2909630631603302,0.0016948082087775815,0.7175081671186898,0.5866425992779783,0.374807875748278,0,99.88658618927002,false,false,102
1788920930983517885,0.002076043000474546,0.004864199192485069,-0.003329786362261665,-0.6328662209499506,-0.2909630631603302,0.0016948082087775815,0.7175081671186898,0.565018315018315,0.3658270230436759,0,100.0038161277771,false,false,103
1788920931183010817,0.002076043000474546,0.004864199192485069,-0.003329786362261665,-0.6328662209499506,-0.2909630631603302,0.0016948082087775815,0.7175081671186898,0.5701021355617456,0.36630246497670477,0,100.18553614616394,false,false,104
1788920931383035898,0.002076043000474546,0.004864199192485069,-0.003329786362261665,-0.6328662209499506,-0.2909630631603302,0.0016948082087775815,0.7175081671186898,0.6059160305343512,0.37092405017242885,0,100.35857152938843,false,false,105
1788920931583026648,0.002076043000474546,0.004864199192485069,-0.003329786362261665,-0.6328662209499506,-0.2909630631603302,0.0016948082087775815,0.7175081671186898,0.5537583254043768,0.3807457146016099,0,100.5836546421051,false,false,106
1788920931783028126,0.002076043000474546,0.004864199192485069,-0.003329786362261665,-0.6328662209499506,-0.2909630631603302,0.0016948082087775815,0.7175081671186898,0.5845864661654135,0.37541343751422784,0,100.84734106063843,false,false,107
1788920931983509541,0.002076043000474546,0.004864199192485069,-0.003329786362261665,-0.6328662209499506,-0.2909630631603302,0.0016948082087775815,0.7175081671186898,0.5358490566037736,0.37517674078567065,0,100.96221351623535,false,false,108
1788920932183598757,0.002076043000474546,0.004864199192485069,-0.003329786362261665,-0.6328662209499506,-0.2909630631603302,0.0016948082087775815,0.7175081671186898,0.5877659574468085,0.3616275785665136,0,101.21222281455994,false,false,109
1788920932383083105,0.002076043000474546,0.004864199192485069,-0.003329786362261665,-0.6328662209499506,-0.2909630631603302,0.0016948082087775815,0.7175081671186898,0.5828625235404896,0.3635044570654788,0,101.41849541664124,false,false,110
1788920932583539724,0.002076043000474546,0.004864199192485069,-0.003329786362261665,-0.6328662209499506,-0.2909630631603302,0.0016948082087775815,0.7175081671186898,0.5497630331753555,0.36935532599644216,0,101.52162957191467,false,false,111
1788920932783538342,0.002076043000474546,0.004864199192485069,-0.003329786362261665,-0.6328662209499506,-0.2909630631603302,0.0016948082087775815,0.7175081671186898,0.5945683802133851,0.3746624688029763,0,101.98438954353333,false,false,112
1788920932983030796,0.002076043000474546,0.004864199192485069,-0.003329786362261665,-0.6328662209499506,-0.2909630631603302,0.0016948082087775815,0.7175081671186898,0.5401322001888574,0.3694717472847016,0,102.27551293373108,false,false,113
1788920933183537006,0.002076043000474546,0.004864199192485069,-0.003329786362261665,-0.6328662209499506,-0.2909630631603302,0.0016948082087775815,0.7175081671186898,0.6071428571428571,0.3546217558633656,0,102.4947202205658,false,false,114
1788920933383625984,0.002076043000474546,0.004864199192485069,-0.003329786362261665,-0.6328662209499506,-0.2909630631603302,0.0016948082087775815,0.7175081671186898,0.5136363636363637,0.37454324138783424,0,102.6521909236908,false,false,115
1788920933583108425,0.002076043000474546,0.004864199192485069,-0.003329786362261665,-0.6328662209499506,-0.2909630631603302,0.0016948082087775815,0.7175081671186898,0.5859305431878896,0.35552764331125136,0,102.79555916786194,false,false,116
1788920933783150673,0.002076043000474546,0.004864199192485069,-0.003329786362261665,-0.6328662209499506,-0.2909630631603302,0.0016948082087775815,0.7175081671186898,0.6158088235294118,0.3563385229558355,0,102.96389436721802,false,false,117
1788920933983634710,0.002076043000474546,0.004864199192485069,-0.003329786362261665,-0.6328662209499506,-0.2909630631603302,0.0016948082087775815,0.7175081671186898,0.5602294455066922,0.3648888307675415,0,103.10218095779419,false,false,118
1788920934183170080,0.002076043000474546,0.004864199192485069,-0.003329786362261665,-0.6328662209499506,-0.2909630631603302,0.0016948082087775815,0.7175081671186898,0.605410447761194,0.36475230562269395,0,103.25815486907959,false,false,119
1788920934383578539,0.002076043000474546,0.004864199192485069,-0.003329786362261665,-0.6328662209499506,-0.2909630631603302,0.0016948082087775815,0.7175081671186898,0.5704824976348155,0.35097740372528397,0,103.50086069107056,false,false,120
1788920934583033800,0.002076043000474546,0.004864199192485069,-0.003329786362261665,-0.6328662209499506,-0.2909630631603302,0.0016948082087775815,0.7175081671186898,0.6017110266159695,0.3547633013986995,0,103.71775484085083,false,false,121
1788920934783148766,0.002076043000474546,0.004864199192485069,-0.003329786362261665,-0.6328662209499506,-0.2909630631603302,0.0016948082087775815,0.7175081671186898,0.5843920145190563,0.35534619855557126,0,103.99096918106079,false,false,122
1788920934983545542,0.002076043000474546,0.004864199192485069,-0.003329786362261665,-0.6328662209499506,-0.2909630631603302,0.0016948082087775815,0.7175081671186898,0.5636833046471601,0.36340932061867,0,104.11817574501038,false,false,123
1788920935183692455,0.002076043000474546,0.004864199192485069,-0.003329786362261665,-0.6328662209499506,-0.2909630631603302,0.0016948082087775815,0.7175081671186898,0.5834932821497121,0.36300371107702184,0,104.27743577957153,false,false,124
1788920935383177042,0.002076043000474546,0.004864199192485069,-0.003329786362261665,-0.6328662209499506,-0.2909630631603302,0.0016948082087775815,0.7175081671186898,0.5647171620325983,0.37118968133674896,0,104.49670910835266,false,false,125
1788920935583186150,0.002076043000474546,0.004864199192485069,-0.003329786362261665,-0.6328662209499506,-0.2909630631603302,0.0016948082087775815,0.7175081671186898,0.614687216681777,0.36383811111952824,0,104.63724970817566,false,false,126
1788920935783095121,0.002076043000474546,0.004864199192485069,-0.003329786362261665,-0.6328662209499506,-0.2909630631603302,0.0016948082087775815,0.7175081671186898,0.5634469696969697,0.35749057922274863,0,104.75466728210449,false,false,127
1788920935983181477,0.002076043000474546,0.004864199192485069,-0.003329786362261665,-0.6328662209499506,-0.2909630631603302,0.0016948082087775815,0.7175081671186898,0.5663567202028741,0.34615594065923044,0,104.98162698745728,false,false,128
1788920936183686972,0.002076043000474546,0.004864199192485069,-0.003329786362261665,-0.6328662209499506,-0.2909630631603302,0.0016948082087775815,0.7175081671186898,0.5922705314009662,0.3576633927293293,0,105.14370131492615,false,false,129
1788920936383090258,0.002076043000474546,0.004864199192485069,-0.003329786362261665,-0.6328662209499506,-0.2909630631603302,0.0016948082087775815,0.7175081671186898,0.5803738317757009,0.3588560070374488,0,105.32764744758606,false,false,130
1788920936583169937,0.002076043000474546,0.004864199192485069,-0.003329786362261665,-0.6328662209499506,-0.2909630631603302,0.0016948082087775815,0.7175081671186898,0.5917986952469712,0.3516146254355202,0,105.60692954063416,false,false,131
1788920936783628702,0.002076043000474546,0.004864199192485069,-0.003329786362261665,-0.6328662209499506,-0.2909630631603302,0.0016948082087775815,0.7175081671186898,0.5982404692082112,0.36554236802497103,0,105.86733269691467,false,false,132
1788920936983096838,0.002076043000474546,0.004864199192485069,-0.003329786362261665,-0.6328662209499506,-0.2909630631603302,0.0016948082087775815,0.7175081671186898,0.5886939571150097,0.3474326209039496,0,106.12654185295105,false,false,133
1788920937183166265,0.002076043000474546,0.004864199192485069,-0.003329786362261665,-0.6328662209499506,-0.2909630631603302,0.0016948082087775815,0.7175081671186898,0.5850467289719626,0.35464555106908824,0,106.37128639221191,false,false,134
1788920937383179665,0.002076043000474546,0.004864199192485069,-0.003329786362261665,-0.6328662209499506,-0.2909630631603302,0.0016948082087775815,0.7175081671186898,0.5753660637381568,0.3538504256585613,0,106.69880533218384,false,false,135
1788920937583744526,0.002076043000474546,0.004864199192485069,-0.003329786362261665,-0.6328662209499506,-0.2909630631603302,0.0016948082087775815,0.7175081671186898,0.6083916083916084,0.36969044484760705,0,107.11002659797668,false,false,136
1788920937782995224,0.002076043000474546,0.004864199192485069,-0.003329786362261665,-0.6328662209499506,-0.2909630631603302,0.0016948082087775815,0.7175081671186898,0.5932932072227,0.3595858062259305,0,107.35498571395874,false,false,137
1788920937983176947,0.002076043000474546,0.004864199192485069,-0.003329786362261665,-0.6328662209499506,-0.2909630631603302,0.0016948082087775815,0.7175081671186898,0.5765765765765766,0.3476673258019784,0,107.59197807312012,false,false,138
1788920938183029175,0.002076043000474546,0.004864199192485069,-0.003329786362261665,-0.6328662209499506,-0.2909630631603302,0.0016948082087775815,0.7175081671186898,0.582046332046332,0.35335811466766437,0,107.75186491012573,false,false,139
1788920938382996082,0.002076043000474546,0.004864199192485069,-0.003329786362261665,-0.6328662209499506,-0.2909630631603302,0.0016948082087775815,0.7175081671186898,0.5774647887323944,0.35261650101715725,0,107.9065682888031,false,false,140
1788920938683125973,0.002076043000474546,0.004864199192485069,-0.003329786362261665,-0.6328662209499506,-0.2909630631603302,0.0016948082087775815,0.7175081671186898,0.6378968253968254,0.35087491364346035,0,108.0173590183258,false,false,141
1788920938883170605,0.002076043000474546,0.004864199192485069,-0.003329786362261665,-0.6328662209499506,-0.2909630631603302,0.0016948082087775815,0.7175081671186898,0.5534069981583793,0.3773643303101024,0,108.17931818962097,false,false,142
1788920939083155155,0.002076043000474546,0.004864199192485069,-0.003329786362261665,-0.6328662209499506,-0.2909630631603302,0.0016948082087775815,0.7175081671186898,0.5488505747126436,0.3873086929856842,0,108.33049511909485,false,false,143
1788920939282978296,0.002076043000474546,0.004864199192485069,-0.003329786362261665,-0.6328662209499506,-0.2909630631603302,0.0016948082087775815,0.7175081671186898,0.542948038176034,0.3719773856844058,0,108.91241598129272,false,false,144
1788920939482991695,0.002076043000474546,0.004864199192485069,-0.003329786362261665,-0.6328662209499506,-0.2909630631603302,0.0016948082087775815,0.7175081671186898,0.5695611577964519,0.35885849515653717,0,109.24462604522705,false,false,145
1788920939682998419,0.002076043000474546,0.004864199192485069,-0.003329786362261665,-0.6328662209499506,-0.2909630631603302,0.0016948082087775815,0.7175081671186898,0.5691854759568205,0.36247320767159474,0,109.58902359008789,false,false,146
1788920939882989883,0.002076043000474546,0.004864199192485069,-0.003329786362261665,-0.6328662209499506,-0.2909630631603302,0.0016948082087775815,0.7175081671186898,0.5831739961759083,0.3751017871787156,0,109.75921869277954,false,false,147
1788920940083057642,0.002076043000474546,0.004864199192485069,-0.003329786362261665,-0.6328662209499506,-0.2909630631603302,0.0016948082087775815,0.7175081671186898,0.5745526838966203,0.35821062775539525,0,109.90175294876099,false,false,148
1788920940383066416,0.002076043000474546,0.004864199192485069,-0.003329786362261665,-0.6328662209499506,-0.2909630631603302,0.0016948082087775815,0.7175081671186898,0.5853227232537578,0.3714720775943235,0,110.06321811676025,false,false,149
1788920940583066702,0.002076043000474546,0.004864199192485069,-0.003329786362261665,-0.6328662209499506,-0.2909630631603302,0.0016948082087775815,0.7175081671186898,0.4517543859649123,0.4065766397609107,0,110.45459342002869,false,false,150
1788920941083018064,0.002076043000474546,0.004864199192485069,-0.003329786362261665,-0.6328662209499506,-0.2909630631603302,0.0016948082087775815,0.7175081671186898,0.5863874345549738,0.3656237086563068,0,110.78256058692932,false,false,151
1788920941282986641,0.002076043000474546,0.004864199192485069,-0.003329786362261665,-0.6328662209499506,-0.2909630631603302,0.0016948082087775815,0.7175081671186898,0.550561797752809,0.3689101383204459,0,111.0420343875885,false,false,152
1788920941483045340,0.002076043000474546,0.004864199192485069,-0.003329786362261665,-0.6328662209499506,-0.2909630631603302,0.0016948082087775815,0.7175081671186898,0.5664556962025317,0.3720746787870241,0,111.34247756004333,false,false,153
1788920941683069944,0.002076043000474546,0.004864199192485069,-0.003329786362261665,-0.6328662209499506,-0.2909630631603302,0.0016948082087775815,0.7175081671186898,0.5263157894736842,0.3753350721677276,0,111.49096441268921,false,false,154
1788920941983026981,0.002076043000474546,0.004864199192485069,-0.003329786362261665,-0.6328662209499506,-0.2909630631603302,0.0016948082087775815,0.7175081671186898,0.5430784123910939,0.36910577717868326,0,111.65867066383362,false,false,155
1788920942182992220,0.002076043000474546,0.004864199192485069,-0.003329786362261665,-0.6328662209499506,-0.2909630631603302,0.0016948082087775815,0.7175081671186898,0.5512048192771084,0.3850055422889129,0,111.95892310142517,false,false,156
1788920942483040333,0.002076043000474546,0.004864199192485069,-0.003329786362261665,-0.6328662209499506,-0.2909630631603302,0.0016948082087775815,0.7175081671186898,0.5698924731182796,0.3786625084759599,0,112.14868211746216,false,false,157
1788920942683031797,0.002076043000474546,0.004864199192485069,-0.003329786362261665,-0.6328662209499506,-0.2909630631603302,0.0016948082087775815,0.7175081671186898,0.5429389312977099,0.3687446965626954,0,112.49753594398499,false,false,158
1788920942983124971,0.002076043000474546,0.004864199192485069,-0.003329786362261665,-0.6328662209499506,-0.2909630631603302,0.0016948082087775815,0.7175081671186898,0.5346153846153846,0.3709765067375733,0,112.85855650901794,false,false,159
1788920943182998896,0.002076043000474546,0.004864199192485069,-0.003329786362261665,-0.6328662209499506,-0.2909630631603302,0.0016948082087775815,0.7175081671186898,0.5879345603271984,0.36719762836577724,0,113.15054440498352,false,false,160
1788920943383077860,0.002076043000474546,0.004864199192485069,-0.003329786362261665,-0.6328662209499506,-0.2909630631603302,0.0016948082087775815,0.7175081671186898,0.5404298874104401,0.3544653288928466,0,113.39141654968262,false,false,161
1788920943583014727,0.002076043000474546,0.004864199192485069,-0.003329786362261665,-0.6328662209499506,-0.2909630631603302,0.0016948082087775815,0.7175081671186898,0.5892291446673706,0.35657808670843133,0,113.68726372718811,false,false,162
1788920943883081913,0.002076043000474546,0.004864199192485069,-0.003329786362261665,-0.6328662209499506,-0.2909630631603302,0.0016948082087775815,0.7175081671186898,0.595,0.3706616493372213,0,113.8922507762909,false,false,163
1788920944483146191,0.002076043000474546,0.004864199192485069,-0.003329786362261665,-0.6328662209499506,-0.2909630631603302,0.0016948082087775815,0.7175081671186898,0.5568513119533528,0.35150342863249767,0,114.16159248352051,false,false,164
1788920944683007717,0.002076043000474546,0.004864199192485069,-0.003329786362261665,-0.6328662209499506,-0.2909630631603302,0.0016948082087775815,0.7175081671186898,0.5661331086773378,0.3596048964705708,0,114.41955947875977,false,false,165
1788920944983056307,0.002076043000474546,0.004864199192485069,-0.003329786362261665,-0.6328662209499506,-0.2909630631603302,0.0016948082087775815,0.7175081671186898,0.5359168241965974,0.3712887675162229,0,114.67326784133911,false,false,166
1788920945183109999,0.002076043000474546,0.004864199192485069,-0.003329786362261665,-0.6328662209499506,-0.2909630631603302,0.0016948082087775815,0.7175081671186898,0.5453667953667953,0.3616860568879419,0,114.87464737892151,false,false,167
1788920945383165121,0.002076043000474546,0.004864199192485069,-0.003329786362261665,-0.6328662209499506,-0.2909630631603302,0.0016948082087775815,0.7175081671186898,0.5598491988689915,0.33108708421859784,0,115.03044962882996,false,false,168
1788920945583033562,0.002076043000474546,0.004864199192485069,-0.003329786362261665,-0.6328662209499506,-0.2909630631603302,0.0016948082087775815,0.7175081671186898,0.5952380952380952,0.34267922810192053,0,115.3025450706482,false,false,169
1788920945883102655,0.002076043000474546,0.004864199192485069,-0.003329786362261665,-0.6328662209499506,-0.2909630631603302,0.0016948082087775815,0.7175081671186898,0.5660559305689489,0.34012688972547556,0,115.82402205467224,false,false,170
1788920946083056688,0.002076043000474546,0.004864199192485069,-0.003329786362261665,-0.6328662209499506,-0.2909630631603302,0.0016948082087775815,0.7175081671186898,0.5693950177935944,0.3533818109280164,0,116.16963815689087,false,false,171
1788920946383021832,0.002076043000474546,0.004864199192485069,-0.003329786362261665,-0.6328662209499506,-0.2909630631603302,0.0016948082087775815,0.7175081671186898,0.5551294343240653,0.3460121327374286,0,116.54038882255554,false,false,172
1788920946583043575,0.002076043000474546,0.004864199192485069,-0.003329786362261665,-0.6328662209499506,-0.2909630631603302,0.0016948082087775815,0.7175081671186898,0.5568982880161127,0.3558538104674157,0,117.04570269584656,false,false,173
1788920946883043766,0.002076043000474546,0.004864199192485069,-0.003329786362261665,-0.6328662209499506,-0.2909630631603302,0.0016948082087775815,0.7175081671186898,0.554399243140965,0.3482269054119714,0,117.3855528831482,false,false,174
1788920947083120584,0.002076043000474546,0.004864199192485069,-0.003329786362261665,-0.6328662209499506,-0.2909630631603302,0.0016948082087775815,0.7175081671186898,0.5618199802176064,0.336576147422378,0,117.83709597587585,false,false,175
1788920947683177710,0.002076043000474546,0.004864199192485069,-0.003329786362261665,-0.6328662209499506,-0.2909630631603302,0.0016948082087775815,0.7175081671186898,0.5905263157894737,0.34635281331103357,0,118.13682961463928,false,false,176
1788920947883074045,0.002076043000474546,0.004864199192485069,-0.003329786362261665,-0.6328662209499506,-0.2909630631603302,0.0016948082087775815,0.7175081671186898,0.5847784200385356,0.35616100727466043,0,118.5173671245575,false,false,177
1788920948483104467,0.002076043000474546,0.004864199192485069,-0.003329786362261665,-0.6328662209499506,-0.2909630631603302,0.0016948082087775815,0.7175081671186898,0.5312800769971127,0.4036792911329403,0,119.02521395683289,false,false,178
1788920948683227301,0.002076043000474546,0.004864199192485069,-0.003329786362261665,-0.6328662209499506,-0.2909630631603302,0.0016948082087775815,0.7175081671186898,0.5509090909090909,0.3572371658389215,0,119.63659930229187,false,false,179
1788920949283241034,0.002076043000474546,0.004864199192485069,-0.003329786362261665,-0.6328662209499506,-0.2909630631603302,0.0016948082087775815,0.7175081671186898,0.5192118226600986,0.3644370573134776,0,119.99751448631287,false,false,180
1788920949783224344,0.002076043000474546,0.004864199192485069,-0.003329786362261665,-0.6328662209499506,-0.2909630631603302,0.0016948082087775815,0.7175081671186898,0.5391304347826087,0.35715347156608673,0,120.32387495040894,false,false,181
1788920949983160734,0.002076043000474546,0.004864199192485069,-0.003329786362261665,-0.6328662209499506,-0.2909630631603302,0.0016948082087775815,0.7175081671186898,0.5362318840579711,0.3848026426341358,0,120.66015267372131,false,false,182
1788920950883152246,0.002076043000474546,0.004864199192485069,-0.003329786362261665,-0.6328662209499506,-0.2909630631603302,0.0016948082087775815,0.7175081671186898,0.5253456221198156,0.36069535714024253,0,120.91744804382324,false,false,183
1788920951083264828,0.002076043000474546,0.004864199192485069,-0.003329786362261665,-0.6328662209499506,-0.2909630631603302,0.0016948082087775815,0.7175081671186898,0.5394614670380687,0.36413775124727416,0,121.19089365005493,false,false,184
1788920951583101988,0.002076043000474546,0.004864199192485069,-0.003329786362261665,-0.6328662209499506,-0.2909630631603302,0.0016948082087775815,0.7175081671186898,0.4949596774193548,0.37099858292612725,0,121.58158326148987,false,false,185
1788920951783102989,0.002076043000474546,0.004864199192485069,-0.003329786362261665,-0.6328662209499506,-0.2909630631603302,0.0016948082087775815,0.7175081671186898,0.5512699905926622,0.3998447506262509,0,121.99114727973938,false,false,186
1788920952083257198,0.002076043000474546,0.004864199192485069,-0.003329786362261665,-0.6328662209499506,-0.2909630631603302,0.0016948082087775815,0.7175081671186898,0.4869816779170685,0.3751740093639272,0,122.40842723846436,false,false,187
1788920952283210993,0.002076043000474546,0.004864199192485069,-0.003329786362261665,-0.6328662209499506,-0.2909630631603302,0.0016948082087775815,0.7175081671186898,0.5359281437125748,0.38491803503664107,0,122.79933023452759,false,false,188
1788920952883199930,0.002076043000474546,0.004864199192485069,-0.003329786362261665,-0.6328662209499506,-0.2909630631603302,0.0016948082087775815,0.7175081671186898,0.5242616033755274,0.3786943684220518,0,123.1208987236023,false,false,189
1788920953083332539,0.002076043000474546,0.004864199192485069,-0.003329786362261665,-0.6328662209499506,-0.2909630631603302,0.0016948082087775815,0.7175081671186898,0.4867075664621677,0.35093966356638673,0,123.46050906181335,false,false,190
1788920953483249903,0.002076043000474546,0.004864199192485069,-0.003329786362261665,-0.6328662209499506,-0.2909630631603302,0.0016948082087775815,0.7175081671186898,0.6127744510978044,0.3449571298606018,0,123.94033932685852,false,false,191
1788920953683315992,0.002076043000474546,0.004864199192485069,-0.003329786362261665,-0.6328662209499506,-0.2909630631603302,0.0016948082087775815,0.7175081671186898,0.5037950664136622,0.39861651062248593,0,124.19574427604675,false,false,192
1788920954383302927,0.002076043000474546,0.004864199192485069,-0.003329786362261665,-0.6328662209499506,-0.2909630631603302,0.0016948082087775815,0.7175081671186898,0.5653742110009017,0.36947033823821673,0,124.6810188293457,false,false,193
1788920954583210945,0.002076043000474546,0.004864199192485069,-0.003329786362261665,-0.6328662209499506,-0.2909630631603302,0.0016948082087775815,0.7175081671186898,0.6051502145922747,0.3495700904438258,0,124.95011401176453,false,false,194
1788920955083273172,0.002076043000474546,0.004864199192485069,-0.003329786362261665,-0.6328662209499506,-0.2909630631603302,0.0016948082087775815,0.7175081671186898,0.6082272282076395,0.38573620912099976,0,125.16745281219482,false,false,195
1788920955283298969,0.002076043000474546,0.004864199192485069,-0.003329786362261665,-0.6328662209499506,-0.2909630631603302,0.0016948082087775815,0.7175081671186898,0.52868068833652,0.40585279045882927,0,125.47057366371155,false,false,196
1788920955683211327,0.002076043000474546,0.004864199192485069,-0.003329786362261665,-0.6328662209499506,-0.2909630631603302,0.0016948082087775815,0.7175081671186898,0.518210197710718,0.37796320179136145,0,125.66721606254578,false,false,197
1788920955883311272,0.002076043000474546,0.004864199192485069,-0.003329786362261665,-0.6328662209499506,-0.2909630631603302,0.0016948082087775815,0.7175081671186898,0.5117227319062182,0.40560740988733385,0,125.94155716896057,false,false,198
1788920956383283854,0.002076043000474546,0.004864199192485069,-0.003329786362261665,-0.6328662209499506,-0.2909630631603302,0.0016948082087775815,0.7175081671186898,0.45245245245245247,0.417794846239847,0,126.24212884902954,false,false,199
1788920956583295822,0.002076043000474546,0.004864199192485069,-0.003329786362261665,-0.6328662209499506,-0.2909630631603302,0.0016948082087775815,0.7175081671186898,0.471,0.3945725239451328,0,126.52094721794128,false,false,200
1788920957083204508,0.002076043000474546,0.004864199192485069,-0.003329786362261665,-0.6328662209499506,-0.2909630631603302,0.0016948082087775815,0.7175081671186898,0.5921397379912664,0.38152977459114124,0,126.95609498023987,false,false,201
1788920957283962250,0.002076043000474546,0.004864199192485069,-0.003329786362261665,-0.6328662209499506,-0.2909630631603302,0.0016948082087775815,0.7175081671186898,0.5720164609053497,0.3965374638802551,0,127.32074189186096,false,false,202
1788920957483222246,0.002076043000474546,0.004864199192485069,-0.003329786362261665,-0.6328662209499506,-0.2909630631603302,0.0016948082087775815,0.7175081671186898,0.648936170212766,0.36462800507894694,0,128.02368068695068,false,false,203
1788920957883316040,0.002076043000474546,0.004864199192485069,-0.003329786362261665,-0.6328662209499506,-0.2909630631603302,0.0016948082087775815,0.7175081671186898,0.557487922705314,0.37585528751970837,0,129.05145525932312,false,false,204
1788920958083275557,0.002076043000474546,0.004864199192485069,-0.003329786362261665,-0.6328662209499506,-0.2909630631603302,0.0016948082087775815,0.7175081671186898,0.5892156862745098,0.371301382116178,0,129.51262950897217,false,false,205
1788920958283271790,0.002076043000474546,0.004864199192485069,-0.003329786362261665,-0.6328662209499506,-0.2909630631603302,0.0016948082087775815,0.7175081671186898,0.5320088300220751,0.43657842283833764,0,129.942889213562,false,false,206
1788920958783356428,0.002076043000474546,0.004864199192485069,-0.003329786362261665,-0.6328662209499506,-0.2909630631603302,0.0016948082087775815,0.7175081671186898,0.5155466399197592,0.3908759809925438,0,130.45148348808289,false,false,207
1788920958983378887,0.002076043000474546,0.004864199192485069,-0.003329786362261665,-0.6328662209499506,-0.2909630631603302,0.0016948082087775815,0.7175081671186898,0.5382096069868996,0.3843502841395578,0,130.89276838302612,false,false,208
1788920960483331442,0.002076043000474546,0.004864199192485069,-0.003329786362261665,-0.6328662209499506,-0.2909630631603302,0.0016948082087775815,0.7175081671186898,0.5791245791245792,0.37978889318277903,0,131.57736992835999,false,false,209
1788920961183302879,0.002076043000474546,0.004864199192485069,-0.003329786362261665,-0.6328662209499506,-0.2909630631603302,0.0016948082087775815,0.7175081671186898,0.5993071593533488,0.361341592402166,0,132.3502881526947,false,false,210
1788920961383431196,0.002076043000474546,0.004864199192485069,-0.003329786362261665,-0.6328662209499506,-0.2909630631603302,0.0016948082087775815,0.7175081671186898,0.6134786917740337,0.3582929732606475,0,132.74591708183289,false,false,211
1788920962083287001,0.002076043000474546,0.004864199192485069,-0.003329786362261665,-0.6328662209499506,-0.2909630631603302,0.0016948082087775815,0.7175081671186898,0.6108324974924775,0.35734372019414384,0,133.106018781662,false,false,212
1788920962283401251,0.002076043000474546,0.004864199192485069,-0.003329786362261665,-0.6328662209499506,-0.2909630631603302,0.0016948082087775815,0.7175081671186898,0.6134078212290502,0.3665593249692101,0,133.50861620903015,false,false,213
1788920963383321285,0.002076043000474546,0.004864199192485069,-0.003329786362261665,-0.6328662209499506,-0.2909630631603302,0.0016948082087775815,0.7175081671186898,0.6287487073422957,0.3686739875135516,0,134.33634543418884,false,false,214
1788920963583468437,0.002076043000474546,0.004864199192485069,-0.003329786362261665,-0.6328662209499506,-0.2909630631603302,0.0016948082087775815,0.7175081671186898,0.6259977194982896,0.37010617796553413,0,135.09036469459534,false,false,215
1788920964283485174,0.002076043000474546,0.004864199192485069,-0.003329786362261665,-0.6328662209499506,-0.2909630631603302,0.0016948082087775815,0.7175081671186898,0.638423645320197,0.37546585209813466,0,135.88024950027466,false,false,216
1788920964483438492,0.002076043000474546,0.004864199192485069,-0.003329786362261665,-0.6328662209499506,-0.2909630631603302,0.0016948082087775815,0.7175081671186898,0.6539877300613497,0.3580976097390956,0,137.45645308494568,false,false,217
1788920965283436060,0.002076043000474546,0.004864199192485069,-0.003329786362261665,-0.6328662209499506,-0.2909630631603302,0.0016948082087775815,0.7175081671186898,0.6838842975206612,0.3594349313663526,0,138.48100090026855,false,false,218
1788920965483481646,0.002076043000474546,0.004864199192485069,-0.003329786362261665,-0.6328662209499506,-0.2909630631603302,0.0016948082087775815,0.7175081671186898,0.6564327485380117,0.3628910754227055,0,139.50928950309753,false,false,219
1788920966683466196,0.002076043000474546,0.004864199192485069,-0.003329786362261665,-0.6328662209499506,-0.2909630631603302,0.0016948082087775815,0.7175081671186898,0.5759829968119022,0.37377747582171816,0,140.12649703025818,false,false,220
1788920966883371830,0.002076043000474546,0.004864199192485069,-0.003329786362261665,-0.6328662209499506,-0.2909630631603302,0.0016948082087775815,0.7175081671186898,0.5856299212598425,0.3913786706606882,0,140.88833475112915,false,false,221
1788920968983469486,0.002076043000474546,0.004864199192485069,-0.003329786362261665,-0.6328662209499506,-0.2909630631603302,0.0016948082087775815,0.7175081671186898,0.6144349477682811,0.3996835779991604,0,141.60594511032104,false,false,222
1788920969183479071,0.002076043000474546,0.004864199192485069,-0.003329786362261665,-0.6328662209499506,-0.2909630631603302,0.0016948082087775815,0.7175081671186898,0.6361904761904762,0.4131162858767351,0,142.37416052818298,false,false,223
1788920970983515024,0.002076043000474546,0.004864199192485069,-0.003329786362261665,-0.6328662209499506,-0.2909630631603302,0.0016948082087775815,0.7175081671186898,0.6001881467544685,0.4153548553161694,0,142.99100923538208,false,false,224
1788920972183584452,0.002076043000474546,0.004864199192485069,-0.003329786362261665,-0.6328662209499506,-0.2909630631603302,0.0016948082087775815,0.7175081671186898,0.5974914481185861,0.3815271366802862,0,143.61153388023376,false,false,225
1788920972383455992,0.002076043000474546,0.004864199192485069,-0.003329786362261665,-0.6328662209499506,-0.2909630631603302,0.0016948082087775815,0.7175081671186898,0.7269874476987448,0.35783082568775565,0,144.43560338020325,false,false,226
1788920973583604574,0.002076043000474546,0.004864199192485069,-0.003329786362261665,-0.6328662209499506,-0.2909630631603302,0.0016948082087775815,0.7175081671186898,0.6081288343558282,0.35764230682004794,0,145.39150762557983,false,false,227
1788920973783619404,0.002076043000474546,0.004864199192485069,-0.003329786362261665,-0.6328662209499506,-0.2909630631603302,0.0016948082087775815,0.7175081671186898,0.47231833910034604,0.4058134886103358,0,146.7691526412964,false,false,228
1788920974684240818,0.002076043000474546,0.004864199192485069,-0.003329786362261665,-0.6328662209499506,-0.2909630631603302,0.0016948082087775815,0.7175081671186898,0.6021194605009634,0.3336946067439905,0,147.56993770599365,false,false,229
1788920974883642673,0.002076043000474546,0.004864199192485069,-0.003329786362261665,-0.6328662209499506,-0.2909630631603302,0.0016948082087775815,0.7175081671186898,0.6162790697674418,0.33600998368304563,0,148.48542547225952,false,false,230
1788920976083630562,0.002076043000474546,0.004864199192485069,-0.003329786362261665,-0.6328662209499506,-0.2909630631603302,0.0016948082087775815,0.7175081671186898,0.6920668058455115,0.38083609891364456,0,149.3177194595337,false,false,231
1788920976283540249,0.002076043000474546,0.004864199192485069,-0.003329786362261665,-0.6328662209499506,-0.2909630631603302,0.0016948082087775815,0.7175081671186898,0.6627155172413793,0.33212584670620027,0,151.30288577079773,false,false,232
1788920978483616352,0.002076043000474546,0.004864199192485069,-0.003329786362261665,-0.6328662209499506,-0.2909630631603302,0.0016948082087775815,0.7175081671186898,0.6684841875681571,0.4120858670321347,0,154.2973198890686,false,false,233
1788920978683620930,0.002076043000474546,0.004864199192485069,-0.003329786362261665,-0.6328662209499506,-0.2909630631603302,0.0016948082087775815,0.7175081671186898,0.6774519716885743,0.4097676076157893,0,157.22541522979736,false,false,234
1788920980083730459,0.002076043000474546,0.004864199192485069,-0.003329786362261665,-0.6328662209499506,-0.2909630631603302,0.0016948082087775815,0.7175081671186898,0.8249400479616307,0.3372552687762466,0,159.78953790664673,false,false,235
1788920980283537149,0.002076043000474546,0.004864199192485069,-0.003329786362261665,-0.6328662209499506,-0.2909630631603302,0.0016948082087775815,0.7175081671186898,0.8181818181818182,0.34395873756483203,0,163.06380248069763,false,false,236
1788920983683792353,0.002076043000474546,0.004864199192485069,-0.003329786362261665,-0.6328662209499506,-0.2909630631603302,0.0016948082087775815,0.7175081671186898,0.701212789415656,0.39756403702469584,0,166.09841108322144,false,false,237
1788920983883490086,0.002076043000474546,0.004864199192485069,-0.003329786362261665,-0.6328662209499506,-0.2909630631603302,0.0016948082087775815,0.7175081671186898,0.7095631641086186,0.3925595998558011,0,170.02964782714844,false,false,238
1788920989183663368,0.002076043000474546,0.004864199192485069,-0.003329786362261665,-0.6328662209499506,-0.2909630631603302,0.0016948082087775815,0.7175081671186898,0.8805970149253731,0.2756633369207074,0,171.81130266189575,false,false,239
1788920989383774519,0.002076043000474546,0.004864199192485069,-0.003329786362261665,-0.6328662209499506,-0.2909630631603302,0.0016948082087775815,0.7175081671186898,0.8850467289719626,0.26020693693772107,0,173.66846871376038,false,false,240
1788920994683798313,0.002076043000474546,0.004864199192485069,-0.003329786362261665,-0.6328662209499506,-0.2909630631603302,0.0016948082087775815,0.7175081671186898,0.6593977154724818,0.39998560412842016,0,175.41136050224304,false,false,241
1788920994883725643,0.002076043000474546,0.004864199192485069,-0.003329786362261665,-0.6328662209499506,-0.2909630631603302,0.0016948082087775815,0.7175081671186898,0.7174571140262361,0.4034183184382871,0,176.24365830421448,false,false,242
1788921001483808756,0.002076043000474546,0.004864199192485069,-0.003329786362261665,-0.6328662209499506,-0.2909630631603302,0.0016948082087775815,0.7175081671186898,0.6217712177121771,0.35477367801311205,0,177.58412265777588,false,false,243
1788921004783100128,0.002076043000474546,0.004864199192485069,-0.003329786362261665,-0.6328662209499506,-0.2909630631603302,0.0016948082087775815,0.7175081671186898,0.5527831094049904,0.41601092904573167,0,180.10803771018982,false,false,244
1788921004983820200,0.002076043000474546,0.004864199192485069,-0.003329786362261665,-0.6328662209499506,-0.2909630631603302,0.0016948082087775815,0.7175081671186898,0.5648854961832062,0.4153122943154251,0,182.39213466644287,false,false,245
1788921007383069992,0.002076043000474546,0.004864199192485069,-0.003329786362261665,-0.6328662209499506,-0.2909630631603302,0.0016948082087775815,0.7175081671186898,0.5259615384615385,0.42220469484013823,0,185.86532831192017,false,false,246
1788921007583899736,0.002076043000474546,0.004864199192485069,-0.003329786362261665,-0.6328662209499506,-0.2909630631603302,0.0016948082087775815,0.7175081671186898,0.7336492890995261,0.31099835274568643,0,186.80559396743774,false,false,247
1788921010183152437,0.002076043000474546,0.004864199192485069,-0.003329786362261665,-0.6328662209499506,-0.2909630631603302,0.0016948082087775815,0.7175081671186898,0.6926691729323309,0.32023363532152394,0,187.81513333320618,false,false,248
1788921010383956909,0.002076043000474546,0.004864199192485069,-0.003329786362261665,-0.6328662209499506,-0.2909630631603302,0.0016948082087775815,0.7175081671186898,0.7097345132743362,0.317261002983034,0,189.28337860107422,false,false,249
1788921016484071016,0.002076043000474546,0.004864199192485069,-0.003329786362261665,-0.6328662209499506,-0.2909630631603302,0.0016948082087775815,0.7175081671186898,0.7781385281385281,0.4149180277060129,0,190.65566277503967,false,false,250
1788921016683272600,0.002076043000474546,0.004864199192485069,-0.003329786362261665,-0.6328662209499506,-0.2909630631603302,0.0016948082087775815,0.7175081671186898,0.793713163064833,0.4163630431594385,0,191.92027711868286,false,false,251
1788921018583271742,0.002076043000474546,0.004864199192485069,-0.003329786362261665,-0.6328662209499506,-0.2909630631603302,0.0016948082087775815,0.7175081671186898,0.7507082152974505,0.41614379837473425,0,193.60734295845032,false,false,252
1788921018783312559,0.002076043000474546,0.004864199192485069,-0.003329786362261665,-0.6328662209499506,-0.2909630631603302,0.0016948082087775815,0.7175081671186898,0.7739852398523985,0.4290002521286026,0,195.0200355052948,false,false,253
1788921021183411598,0.002076043000474546,0.004864199192485069,-0.003329786362261665,-0.6328662209499506,-0.2909630631603302,0.0016948082087775815,0.7175081671186898,0.7278156996587031,0.4052574486026832,0,195.98432779312134,false,false,254
1788921021384126425,0.002076043000474546,0.004864199192485069,-0.003329786362261665,-0.6328662209499506,-0.2909630631603302,0.0016948082087775815,0.7175081671186898,0.7391304347826086,0.41658686415557944,0,196.470148563385,false,false,255
1788921023784179449,0.002076043000474546,0.004864199192485069,-0.003329786362261665,-0.6328662209499506,-0.2909630631603302,0.0016948082087775815,0.7175081671186898,0.7985537190082644,0.34848709871454686,0,197.11068081855774,false,false,256
1788921023983318567,0.002076043000474546,0.004864199192485069,-0.003329786362261665,-0.6328662209499506,-0.2909630631603302,0.0016948082087775815,0.7175081671186898,0.7528735632183908,0.43159199007416943,0,197.6307008266449,false,false,257
1788921026483460665,0.002076043000474546,0.004864199192485069,-0.003329786362261665,-0.6328662209499506,-0.2909630631603302,0.0016948082087775815,0.7175081671186898,0.8719851576994434,0.3454184961721414,0,198.39469861984253,false,false,258
1788921026684231758,0.002076043000474546,0.004864199192485069,-0.003329786362261665,-0.6328662209499506,-0.2909630631603302,0.0016948082087775815,0.7175081671186898,0.6578947368421053,0.4275499917557602,0,199.2769739627838,false,false,259
1788921027884218454,0.002076043000474546,0.004864199192485069,-0.003329786362261665,-0.6328662209499506,-0.2909630631603302,0.0016948082087775815,0.7175081671186898,0.6561904761904762,0.40813453415244766,0,200.80081415176392,false,false,260
1788921028983304501,0.002076043000474546,0.004864199192485069,-0.003329786362261665,-0.6328662209499506,-0.2909630631603302,0.0016948082087775815,0.7175081671186898,0.6557077625570776,0.4146067656264502,0,202.33963179588318,false,false,261
1788921029183583736,0.002076043000474546,0.004864199192485069,-0.003329786362261665,-0.6328662209499506,-0.2909630631603302,0.0016948082087775815,0.7175081671186898,0.8605442176870748,0.3266342802845355,0,204.2677628993988,false,false,262
1788921030283431053,0.002076043000474546,0.004864199192485069,-0.003329786362261665,-0.6328662209499506,-0.2909630631603302,0.0016948082087775815,0.7175081671186898,0.8862102217936355,0.34169565971761245,0,205.59719324111938,false,false,263
1788921030483475447,0.002076043000474546,0.004864199192485069,-0.003329786362261665,-0.6328662209499506,-0.2909630631603302,0.0016948082087775815,0.7175081671186898,0.8786692759295499,0.34296590383049486,0,206.6108512878418,false,false,264
1788921032883383274,0.002076043000474546,0.004864199192485069,-0.003329786362261665,-0.6328662209499506,-0.2909630631603302,0.0016948082087775815,0.7175081671186898,0.7714776632302406,0.41455796504878883,0,207.19000554084778,false,false,265
1788921033083431959,0.002076043000474546,0.004864199192485069,-0.003329786362261665,-0.6328662209499506,-0.2909630631603302,0.0016948082087775815,0.7175081671186898,0.766597510373444,0.41564729128347827,0,207.7058424949646,false,false,266
1788921036283551455,-0.23784819074137017,-0.03529145498469517,-0.1424708494835199,-0.5285777590328194,-0.22462411238859767,0.0375279657535758,0.8177659888842748,0.7015834348355664,0.42425583721983745,1,209.065101146698,false,false,267
1788921036483407974,-0.2143399056588731,-0.030805735433240975,-0.13516897212513448,-0.5269492198417082,-0.25736459486373003,0.05481622529372467,0.8081356114312689,1.0,0.11145510116330652,1,211.2734956741333,false,false,268
1788921038283077478,-0.005637305784088859,0.05029205684243412,-0.019313970302408806,-0.4931224792017748,-0.27464219552837427,-0.046834329401548865,0.8241410258752787,1.0,0.10098525962054955,1,212.30801486968994,false,false,269
1788921038483648777,0.022055333885417704,0.06756398809865215,0.003315031760905906,-0.4944900935270133,-0.2689485758929741,-0.05023239045564212,0.8249987381068524,1.0,0.08138508859142263,1,213.59676218032837,false,false,270
1788921039483452082,0.12304522189260507,0.10336082526692669,0.0658836030990932,-0.47938019510134455,-0.3277460874419813,-0.08166462946601122,0.8100049499881152,1.0,0.08054060273157516,1,218.0223331451416,false,false,271
1788921039683484554,0.12464310509552701,0.10469856201691842,0.06723330537653528,-0.4692179837560485,-0.31856250978605666,-0.09563858009378488,0.8180499208950281,1.0,0.07795202701982908,1,237.4955894947052,false,false,272
1788921042783583641,0.38134774025774726,0.2702822751282475,0.23787862191465053,-0.5196584543864943,-0.3105130477567374,-0.008784145854283833,0.7959017381178864,0.4158878504672897,0.3019282771877046,1,237.78520345687866,true,true,272
1788921042983564377,0.388661364348224,0.27703462767161025,0.2464398529571338,-0.5182281394176386,-0.2984767625438751,-0.017155854861963003,0.8012845277309523,1.0,0.13649213421080567,1,237.96423387527466,true,true,272
1788921045083039522,0.388661364348224,0.27703462767161025,0.2464398529571338,-0.5182281394176386,-0.2984767625438751,-0.017155854861963003,0.8012845277309523,0.5276705276705277,0.38780734814671214,0,238.11369800567627,false,false,273
1788921045283755064,0.388661364348224,0.27703462767161025,0.2464398529571338,-0.5182281394176386,-0.2984767625438751,-0.017155854861963003,0.8012845277309523,0.3123359580052493,0.3738306043360681,0,238.2197344303131,false,false,274
1788921068883171797,0.388661364348224,0.27703462767161025,0.2464398529571338,-0.5182281394176386,-0.2984767625438751,-0.017155854861963003,0.8012845277309523,0.47195357833655704,0.3392381745556514,0,238.33336210250854,false,false,275
1788921069283909559,0.388661364348224,0.27703462767161025,0.2464398529571338,-0.5182281394176386,-0.2984767625438751,-0.017155854861963003,0.8012845277309523,0.4507177033492823,0.3503325940493866,0,238.41474962234497,false,false,276
1788921069483260632,0.388661364348224,0.27703462767161025,0.2464398529571338,-0.5182281394176386,-0.2984767625438751,-0.017155854861963003,0.8012845277309523,0.4266666666666667,0.3349164523962402,0,238.47653698921204,false,false,277
1788921069683265448,0.388661364348224,0.27703462767161025,0.2464398529571338,-0.5182281394176386,-0.2984767625438751,-0.017155854861963003,0.8012845277309523,0.4396313364055299,0.35275631212406305,0,238.5479109287262,false,false,278
1788921069883933544,0.388661364348224,0.27703462767161025,0.2464398529571338,-0.5182281394176386,-0.2984767625438751,-0.017155854861963003,0.8012845277309523,0.4525288376220053,0.3404286454194367,0,238.61458683013916,false,false,279
1788921070083320618,0.388661364348224,0.27703462767161025,0.2464398529571338,-0.5182281394176386,-0.2984767625438751,-0.017155854861963003,0.8012845277309523,0.41711229946524064,0.3647827871001307,0,238.67020773887634,false,false,280
1788921070283332586,0.388661364348224,0.27703462767161025,0.2464398529571338,-0.5182281394176386,-0.2984767625438751,-0.017155854861963003,0.8012845277309523,0.43454545454545457,0.3504155121315838,0,238.72368478775024,false,false,281
1788921070483142376,0.388661364348224,0.27703462767161025,0.2464398529571338,-0.5182281394176386,-0.2984767625438751,-0.017155854861963003,0.8012845277309523,0.342809364548495,0.33551763771410426,0,238.79794073104858,false,false,282
1788921070683275700,0.388661364348224,0.27703462767161025,0.2464398529571338,-0.5182281394176386,-0.2984767625438751,-0.017155854861963003,0.8012845277309523,0.39719240297274977,0.3490019483300085,0,238.87485718727112,false,false,283
1788921070883352995,0.388661364348224,0.27703462767161025,0.2464398529571338,-0.5182281394176386,-0.2984767625438751,-0.017155854861963003,0.8012845277309523,0.3268156424581006,0.3378979772615728,0,238.92948412895203,false,false,284
1788921071083940506,0.388661364348224,0.27703462767161025,0.2464398529571338,-0.5182281394176386,-0.2984767625438751,-0.017155854861963003,0.8012845277309523,0.3782866836301951,0.33928501385122545,0,238.9947009086609,false,false,285
1788921071283324480,0.388661364348224,0.27703462767161025,0.2464398529571338,-0.5182281394176386,-0.2984767625438751,-0.017155854861963003,0.8012845277309523,0.3726790450928382,0.3426871690191167,0,239.03939771652222,false,false,286
1788921071483295441,0.388661364348224,0.27703462767161025,0.2464398529571338,-0.5182281394176386,-0.2984767625438751,-0.017155854861963003,0.8012845277309523,0.3378076062639821,0.35372357742860877,0,239.10513043403625,false,false,287
1788921071683936596,0.388661364348224,0.27703462767161025,0.2464398529571338,-0.5182281394176386,-0.2984767625438751,-0.017155854861963003,0.8012845277309523,0.43302180685358255,0.3369142832693924,0,239.15317702293396,false,false,288
1788921071883370161,0.388661364348224,0.27703462767161025,0.2464398529571338,-0.5182281394176386,-0.2984767625438751,-0.017155854861963003,0.8012845277309523,0.39564564564564564,0.30472918644815555,0,239.19164085388184,false,false,289
1788921072083323717,0.388661364348224,0.27703462767161025,0.2464398529571338,-0.5182281394176386,-0.2984767625438751,-0.017155854861963003,0.8012845277309523,0.4025777103866566,0.3340487256857499,0,239.24018836021423,false,false,290
1788921072283298016,0.388661364348224,0.27703462767161025,0.2464398529571338,-0.5182281394176386,-0.2984767625438751,-0.017155854861963003,0.8012845277309523,0.538664323374341,0.34623736043224346,0,239.290842294693,false,false,291
1788921072483364820,0.388661364348224,0.27703462767161025,0.2464398529571338,-0.5182281394176386,-0.2984767625438751,-0.017155854861963003,0.8012845277309523,0.43587270973963355,0.3609421213457131,0,239.3431806564331,false,false,292
1788921072683357954,0.388661364348224,0.27703462767161025,0.2464398529571338,-0.5182281394176386,-0.2984767625438751,-0.017155854861963003,0.8012845277309523,0.39618138424821003,0.3197397767756449,0,239.38227248191833,false,false,293
1788921072883205652,0.388661364348224,0.27703462767161025,0.2464398529571338,-0.5182281394176386,-0.2984767625438751,-0.017155854861963003,0.8012845277309523,0.29082426127527217,0.3336284936919445,0,239.4546148777008,false,false,294
1788921073083337784,0.388661364348224,0.27703462767161025,0.2464398529571338,-0.5182281394176386,-0.2984767625438751,-0.017155854861963003,0.8012845277309523,0.29343365253077974,0.3309996992931244,0,239.49876356124878,false,false,295
1788921073283267498,0.388661364348224,0.27703462767161025,0.2464398529571338,-0.5182281394176386,-0.2984767625438751,-0.017155854861963003,0.8012845277309523,0.3021370670596905,0.347442443485403,0,239.56595969200134,false,false,296
1788921073483327389,0.388661364348224,0.27703462767161025,0.2464398529571338,-0.5182281394176386,-0.2984767625438751,-0.017155854861963003,0.8012845277309523,0.2654690618762475,0.33122486215180197,0,239.61317253112793,false,false,297
1788921073683299303,0.388661364348224,0.27703462767161025,0.2464398529571338,-0.5182281394176386,-0.2984767625438751,-0.017155854861963003,0.8012845277309523,0.40949367088607597,0.3661980230691304,0,239.67262196540833,false,false,298
1788921073883322716,0.388661364348224,0.27703462767161025,0.2464398529571338,-0.5182281394176386,-0.2984767625438751,-0.017155854861963003,0.8012845277309523,0.39947437582128775,0.3546883249036576,0,239.71071410179138,false,false,299
1788921074083404541,0.388661364348224,0.27703462767161025,0.2464398529571338,-0.5182281394176386,-0.2984767625438751,-0.017155854861963003,0.8012845277309523,0.2668769716088328,0.3016437246643609,0,239.78279948234558,false,false,300
1788921074283241034,0.388661364348224,0.27703462767161025,0.2464398529571338,-0.5182281394176386,-0.2984767625438751,-0.017155854861963003,0.8012845277309523,0.27553763440860213,0.3038916922997229,0,239.80335545539856,false,false,301
1788921074483385324,0.388661364348224,0.27703462767161025,0.2464398529571338,-0.5182281394176386,-0.2984767625438751,-0.017155854861963003,0.8012845277309523,0.28441649196366176,0.3243037492984571,0,239.8514654636383,false,false,302
1788921074683399200,0.388661364348224,0.27703462767161025,0.2464398529571338,-0.5182281394176386,-0.2984767625438751,-0.017155854861963003,0.8012845277309523,0.28250175685172174,0.3348148113108569,0,239.91512870788574,false,false,303
1788921074883249521,0.388661364348224,0.27703462767161025,0.2464398529571338,-0.5182281394176386,-0.2984767625438751,-0.017155854861963003,0.8012845277309523,0.2452316076294278,0.34164004687758115,0,239.94787335395813,false,false,304
1788921075083376884,0.388661364348224,0.27703462767161025,0.2464398529571338,-0.5182281394176386,-0.2984767625438751,-0.017155854861963003,0.8012845277309523,0.23001310615989515,0.35015620825015614,0,239.99204969406128,false,false,305
1788921075283332109,0.388661364348224,0.27703462767161025,0.2464398529571338,-0.5182281394176386,-0.2984767625438751,-0.017155854861963003,0.8012845277309523,0.2522033898305085,0.30329425407466276,0,240.01618242263794,false,false,306
1788921075483314276,0.388661364348224,0.27703462767161025,0.2464398529571338,-0.5182281394176386,-0.2984767625438751,-0.017155854861963003,0.8012845277309523,0.27278688524590167,0.3039504571291533,0,240.1431224346161,false,false,307
1788921075683288813,0.388661364348224,0.27703462767161025,0.2464398529571338,-0.5182281394176386,-0.2984767625438751,-0.017155854861963003,0.8012845277309523,0.2928,0.30306241263954115,0,240.14559388160706,false,false,308
1788921075883431196,0.388661364348224,0.27703462767161025,0.2464398529571338,-0.5182281394176386,-0.2984767625438751,-0.017155854861963003,0.8012845277309523,0.32134659525631215,0.3128132371312224,0,240.286367893219,false,false,309
1788921076084025860,0.388661364348224,0.27703462767161025,0.2464398529571338,-0.5182281394176386,-0.2984767625438751,-0.017155854861963003,0.8012845277309523,0.296831955922865,0.2840590004976696,0,240.3302993774414,false,false,310
1788921076283323765,0.388661364348224,0.27703462767161025,0.2464398529571338,-0.5182281394176386,-0.2984767625438751,-0.017155854861963003,0.8012845277309523,0.26897470039946736,0.3011634448320929,0,240.40618681907654,false,false,311
1788921076483444452,0.388661364348224,0.27703462767161025,0.2464398529571338,-0.5182281394176386,-0.2984767625438751,-0.017155854861963003,0.8012845277309523,0.2701863354037267,0.3165914352880229,0,240.50582480430603,false,false,312
1788921076683276176,0.388661364348224,0.27703462767161025,0.2464398529571338,-0.5182281394176386,-0.2984767625438751,-0.017155854861963003,0.8012845277309523,0.24354243542435425,0.3121572654117443,0,240.6585774421692,false,false,313
1788921076883452415,0.388661364348224,0.27703462767161025,0.2464398529571338,-0.5182281394176386,-0.2984767625438751,-0.017155854861963003,0.8012845277309523,0.23236514522821577,0.3189486947685246,0,240.6678864955902,false,false,314
1788921077084014893,0.388661364348224,0.27703462767161025,0.2464398529571338,-0.5182281394176386,-0.2984767625438751,-0.017155854861963003,0.8012845277309523,0.244122965641953,0.3230380019104859,0,240.70762372016907,false,false,315
1788921077283389807,0.388661364348224,0.27703462767161025,0.2464398529571338,-0.5182281394176386,-0.2984767625438751,-0.017155854861963003,0.8012845277309523,0.2844155844155844,0.3338552514960937,0,240.8009340763092,false,false,316
1788921077483406782,0.388661364348224,0.27703462767161025,0.2464398529571338,-0.5182281394176386,-0.2984767625438751,-0.017155854861963003,0.8012845277309523,0.2889705882352941,0.338777448592366,0,240.8100802898407,false,false,317
1788921077684021711,0.388661364348224,0.27703462767161025,0.2464398529571338,-0.5182281394176386,-0.2984767625438751,-0.017155854861963003,0.8012845277309523,0.2637571157495256,0.3340340887017357,0,240.84256887435913,false,false,318
1788921077883385658,0.388661364348224,0.27703462767161025,0.2464398529571338,-0.5182281394176386,-0.2984767625438751,-0.017155854861963003,0.8012845277309523,0.2656891495601173,0.36176211362757243,0,240.9078505039215,false,false,319
1788921078083362818,0.388661364348224,0.27703462767161025,0.2464398529571338,-0.5182281394176386,-0.2984767625438751,-0.017155854861963003,0.8012845277309523,0.26067665002773155,0.3610000829628975,0,240.9283583164215,false,false,320
1788921078283334494,0.388661364348224,0.27703462767161025,0.2464398529571338,-0.5182281394176386,-0.2984767625438751,-0.017155854861963003,0.8012845277309523,0.34460338101430427,0.3497510616855406,0,240.97715020179749,false,false,321
1788921078483314753,0.3278753873713136,0.3665460855585275,-0.1396613110253872,-0.5305324775203293,-0.23615899187717693,0.04750782768396846,0.812715957244871,0.3674669279764821,0.32952040819559414,1,241.02158498764038,true,true,322
1788921078683507442,0.3278753873713136,0.3665460855585275,-0.1396613110253872,-0.5305324775203293,-0.23615899187717693,0.04750782768396846,0.812715957244871,0.9972131908964236,0.16685720127014103,0,241.06400346755981,false,false,323
1788921078883386135,0.3278753873713136,0.3665460855585275,-0.1396613110253872,-0.5305324775203293,-0.23615899187717693,0.04750782768396846,0.812715957244871,0.7236614853195165,0.3842059331312467,0,241.13206481933594,false,false,324
1788921079083389521,0.3278753873713136,0.3665460855585275,-0.1396613110253872,-0.5305324775203293,-0.23615899187717693,0.04750782768396846,0.812715957244871,0.7135771853688778,0.36937753356588066,0,241.22830438613892,false,false,325
1788921079283365726,0.3278753873713136,0.3665460855585275,-0.1396613110253872,-0.5305324775203293,-0.23615899187717693,0.04750782768396846,0.812715957244871,0.6964071856287425,0.38564150345939746,0,241.24161171913147,false,false,326
1788921079483364820,0.3278753873713136,0.3665460855585275,-0.1396613110253872,-0.5305324775203293,-0.23615899187717693,0.04750782768396846,0.812715957244871,0.6844014510278114,0.3870971630077765,0,241.26440048217773,false,false,327
1788921079684114695,0.3278753873713136,0.3665460855585275,-0.1396613110253872,-0.5305324775203293,-0.23615899187717693,0.04750782768396846,0.812715957244871,0.7914438502673797,0.36868933383647917,0,241.32690596580505,false,false,328
1788921079883445501,0.3278753873713136,0.3665460855585275,-0.1396613110253872,-0.5305324775203293,-0.23615899187717693,0.04750782768396846,0.812715957244871,0.6903614457831325,0.3903619419690032,0,241.38214659690857,false,false,329
1788921080083365202,0.3278753873713136,0.3665460855585275,-0.1396613110253872,-0.5305324775203293,-0.23615899187717693,0.04750782768396846,0.812715957244871,0.7750724637681159,0.39150139446018584,0,241.40076994895935,false,false,330
1788921080284088373,0.3278753873713136,0.3665460855585275,-0.1396613110253872,-0.5305324775203293,-0.23615899187717693,0.04750782768396846,0.812715957244871,0.7118473895582329,0.3979794397296051,0,241.51739263534546,false,false,331
1788921080483479500,0.5851884042277903,0.517086024571426,-0.19518460075606586,-0.5753958318363923,-0.1162044020759812,0.13485959339943238,0.7982662862175813,0.9378109452736318,0.2739802799037847,1,241.55839014053345,true,true,332
1788921080683431387,0.5563286233655146,0.535283127996639,-0.2067292142841106,-0.5355946335455096,-0.21399621888331455,0.03521885891086438,0.8161517253537557,0.999514091350826,0.19770675534885176,1,241.56307935714722,true,true,332
1788921080883385181,0.5563286233655146,0.535283127996639,-0.2067292142841106,-0.5355946335455096,-0.21399621888331455,0.03521885891086438,0.8161517253537557,1.0,0.1282807985896434,0,241.6247639656067,false,false,333
1788921081083457470,0.5563286233655146,0.535283127996639,-0.2067292142841106,-0.5355946335455096,-0.21399621888331455,0.03521885891086438,0.8161517253537557,0.7222222222222222,0.34628929116926205,0,241.662104845047,false,false,334
1788921081283368587,0.5563286233655146,0.535283127996639,-0.2067292142841106,-0.5355946335455096,-0.21399621888331455,0.03521885891086438,0.8161517253537557,0.7278869778869779,0.3347235834416327,0,241.67863202095032,false,false,335
1788921081484125376,0.5563286233655146,0.535283127996639,-0.2067292142841106,-0.5355946335455096,-0.21399621888331455,0.03521885891086438,0.8161517253537557,0.7252805986103688,0.38766449820566035,0,241.76380467414856,false,false,336
1788921081683413744,0.5563286233655146,0.535283127996639,-0.2067292142841106,-0.5355946335455096,-0.21399621888331455,0.03521885891086438,0.8161517253537557,0.7952267303102625,0.3691535103852191,0,241.79363346099854,false,false,337
1788921081883378267,0.5563286233655146,0.535283127996639,-0.2067292142841106,-0.5355946335455096,-0.21399621888331455,0.03521885891086438,0.8161517253537557,0.664979291302347,0.41148878604472733,0,241.81022787094116,false,false,338
1788921082083495378,0.5563286233655146,0.535283127996639,-0.2067292142841106,-0.5355946335455096,-0.21399621888331455,0.03521885891086438,0.8161517253537557,0.6734793187347932,0.34448656000462885,0,241.8775520324707,false,false,339
1788921082283405066,0.5563286233655146,0.535283127996639,-0.2067292142841106,-0.5355946335455096,-0.21399621888331455,0.03521885891086438,0.8161517253537557,0.6867833433916717,0.3460117465252405,0,241.92647504806519,false,false,340
1788921082483399391,0.3395024197217063,0.31594377804199225,-0.536786132084636,-0.5569231637379587,-0.21980336078617077,0.010053006729601984,0.8008882627026706,0.6991304347826087,0.3360946430463055,1,241.99920845031738,true,true,341
1788921082684122086,0.36766416749428665,0.33468308410771064,-0.5016207303623986,-0.562411094008813,-0.18548087343370728,0.02954951037219759,0.8052437105391401,0.997979797979798,0.15343152064147378,1,242.1058804988861,true,true,341
1788921082883514166,0.36766416749428665,0.33468308410771064,-0.5016207303623986,-0.562411094008813,-0.18548087343370728,0.02954951037219759,0.8052437105391401,1.0,0.12665762305620337,0,242.13084888458252,false,false,342
1788921083084116936,0.36766416749428665,0.33468308410771064,-0.5016207303623986,-0.562411094008813,-0.18548087343370728,0.02954951037219759,0.8052437105391401,1.0,0.12896563383919726,0,242.1569983959198,false,false,343
1788921083283469915,0.6109455986560721,0.5081157448839843,-0.11108110414691681,-0.5486350492152122,-0.20118538132145974,0.06516034930446465,0.8088746219246099,1.0,0.16921981677489084,1,242.18803310394287,true,true,344
1788921083483515978,0.6523385433599544,0.5130034724543384,-0.12725795469736573,-0.5530431275355574,-0.2299312146363732,0.09560043984611664,0.7950694884868622,0.9989004947773502,0.11266508853503236,1,242.25975704193115,true,true,344
1788921083683425426,0.6689010797911497,0.5251490356106375,-0.11448090849620561,-0.5510011154875583,-0.2381977681854104,0.10679061730204709,0.7926256102468578,1.0,0.09837516022473294,1,242.31065034866333,true,true,344
1788921083884140730,0.6914296804650686,0.5432681900947863,-0.10910332279151262,-0.5446240669036367,-0.23018470850183917,0.06933819646331808,0.803487299359785,1.0,0.09985969410774241,1,242.343519449234,true,true,344
1788921084083521843,0.8801782165331653,0.6270681486523464,-0.017923575155867004,-0.5123740653691736,-0.27013946778728704,-0.02275753194736885,0.8148494215622493,1.0,0.11734934195767177,1,242.37392401695251,true,true,344
1788921084283520222,0.8874728076143557,0.6234730164385919,-0.004653497698546421,-0.499701409926986,-0.2827925549747089,-0.048153125534907415,0.8173176544459801,0.9994343891402715,0.10185159958781222,1,242.4452085494995,true,true,344
1788921084483476400,0.8808349075710835,0.6307311172205347,-0.011841486533131627,-0.5029292302009524,-0.28169935959370007,-0.04476702591340589,0.8159065961277956,1.0,0.08712399157200959,1,242.46092414855957,true,true,344
1788921084683518887,0.8886937396725646,0.6304069465147967,-0.018520373999219065,-0.5045289394089569,-0.2811089954524061,-0.042133771057492865,0.8152625511521351,1.0,0.08410810645402524,1,242.4957823753357,true,true,344
1788921084883499861,0.885674535359566,0.6280044184249347,-0.010903483724604002,-0.5045589636064738,-0.2812598706336457,-0.03904581163352195,0.8153456702585634,1.0,0.08131413736647172,1,242.60924744606018,true,true,344
1788921085083501339,0.8927255176364262,0.6342689245784681,-0.016654436267736886,-0.5047210202233775,-0.27916117439910587,-0.03914306056417441,0.8159617339449534,1.0,0.07789965383251492,1,242.65204668045044,true,true,344
1788921085283456802,0.8934200364647815,0.63405298767696,-0.009250693653577592,-0.5053630543576099,-0.27680327860365317,-0.04028008690660698,0.8163122214223014,1.0,0.0781433344823194,1,242.682847738266,true,true,344
1788921085483483315,0.8991254830883773,0.6361195768061579,-0.008871945955119299,-0.5047962624913376,-0.27895993933181,-0.0394829998695311,0.8159676331473404,1.0,0.07648230756067989,1,242.7208333015442,true,true,344
1788921085683496475,0.9075518333893525,0.6350797336485077,-0.0075177390862770374,-0.5054312241551091,-0.2776498516116693,-0.04143112379496505,0.8159248124246332,1.0,0.07793663740435784,1,242.7287790775299,true,true,344
1788921085883402824,0.9207849147183642,0.6413855539222182,-0.008827528636562202,-0.5044342255174792,-0.27560232721256056,-0.04294766600918593,0.8171566357473735,1.0,0.07767304310129354,1,242.77866983413696,true,true,344
1788921086083471060,0.924678806928928,0.6460952890712996,-0.0031829287832348145,-0.5041491328380642,-0.27784659628569874,-0.04190159478670377,0.8166267061181695,1.0,0.07318111401545939,1,242.8166790008545,true,true,344
1788921086283548117,0.923329337253401,0.6476670033734319,0.010796330914625755,-0.5038337308318424,-0.27784890281618624,-0.043234210876281036,0.8167511015540866,0.9994407158836689,0.07491985350373496,1,242.86291241645813,true,true,344
1788921086483555555,0.9371666018651384,0.6537574459958788,0.0010789676790556818,-0.5051791754593331,-0.2761982241863089,-0.046419880349424895,0.8163049285327778,1.0,0.07358360140617502,1,242.92758297920227,true,true,344
1788921086683522463,0.9407250312703354,0.6560745675381112,0.007551967414061641,-0.5043267611326318,-0.2767417745018197,-0.04525155006495685,0.8167134169754854,1.0,0.07266368519957885,1,242.93413853645325,true,true,344
1788921086883538246,0.9544488396413956,0.6312473951537956,0.001256194450775219,-0.5053017327249595,-0.26487942415238297,-0.053054925019513026,0.8195695360962546,0.9938786867000556,0.11202378990712646,1,242.97020292282104,true,true,344
1788921087083588839,0.9704216530296,0.6754978835262455,0.037347291139224324,-0.5042649673559436,-0.2486805839943253,-0.06191034212134197,0.8246465420895,1.0,0.10360642651247103,1,243.0365505218506,true,true,344
1788921087284202337,0.9751720794477577,0.6848030401970816,0.027254083525155653,-0.5066260424061134,-0.26914809235052295,-0.04909206253285542,0.8176058506005592,1.0,0.07605381853716245,1,243.09637928009033,true,true,344
1788921087483546972,0.990162577843729,0.6529543616860999,0.01759423714421872,-0.5110777580996636,-0.25787773415588156,-0.056108593272932765,0.8180161521408875,1.0,0.08129879825121428,1,243.10234236717224,true,true,344
1788921087683525085,0.9819712354639295,0.6813168054044066,0.017405304570987212,-0.5113299693601518,-0.2535704929109707,-0.05861200163046431,0.8190288766727969,1.0,0.07561666102623789,1,243.1442952156067,true,true,344
1788921087883527517,0.9739800952081313,0.6881279451865278,0.021253593208821368,-0.5105568153966191,-0.24567180292943414,-0.06478234806683557,0.8214501511816837,1.0,0.08182270853298099,1,243.17908883094788,true,true,344
1788921088083556414,0.9631177132649454,0.6774936846051798,0.01385725577898895,-0.5084812065087043,-0.25986817104565,-0.05766992463976148,0.8188953389151052,1.0,0.08741805287221582,1,243.21060490608215,true,true,344
1788921088283492565,0.9786182465521529,0.6600749961597636,-0.0087109682235085,-0.5102303625131185,-0.29286757296669513,-0.041406749868523184,0.8075760292007522,1.0,0.07509731022501757,1,243.26264595985413,true,true,344
1788921088483662367,1.0402439719576182,0.6866779174759033,0.04047855738514049,-0.5123141727599732,-0.294891583414091,-0.028262022515913206,0.8060858518198319,1.0,0.08272136477279146,1,243.3096776008606,true,true,344
1788921088683505297,1.1637185732638606,0.7858130636674148,0.1599239877543139,-0.5088145886484021,-0.2679780977926667,-0.01593653742816606,0.8179495585039347,1.0,0.11477377994338844,1,243.35556507110596,true,true,344
1788921088883632183,1.3698509405629096,0.7340666096907632,0.2559058886169945,-0.5311608120751893,-0.18488089478475483,0.03629686685613747,0.8260567679739944,1.0,0.17788212510234586,1,243.3907642364502,true,true,344
1788921089083503962,1.5456230822039732,0.796251304119629,0.3203214565320051,-0.5569612305696483,-0.14800381308642319,0.1797740939955313,0.7972266516382325,1.0,0.11961067307629467,1,243.43102741241455,true,true,344
1788921089283451319,1.6290281560590858,0.8908849325233497,0.34645571007646075,-0.5663784097787805,-0.14101801951843065,0.21368295840221957,0.7833702881754159,1.0,0.09545481399704675,1,243.48307085037231,true,true,344
1788921089483594894,1.6573355497206315,0.9451029433564451,0.30680668640460657,-0.5754218483304676,-0.13942557559587015,0.20081863141654424,0.7804627362082667,1.0,0.08092598244756094,1,243.51445269584656,true,true,344
1788921089683631420,1.6485495729907422,0.9458381208830137,0.30353265723896045,-0.5891229171080865,-0.09832650943633535,0.20161361111573173,0.776284765980242,1.0,0.10575461522175454,1,243.5666651725769,true,true,344
1788921089883509398,1.6331015743877912,0.9401858435041675,0.3083244439291655,-0.607575320935819,-0.02009071565045328,0.2701030526896448,0.7466544940346397,0.9977924944812362,0.10550689995152009,1,243.5945053100586,true,true,344
1788921090083605289,1.6409500596289437,0.9444295874427494,0.3040852547123227,-0.6091695723365094,-0.016326995754239595,0.26431017891421693,0.747519893160931,1.0,0.09093498299101405,1,243.6385428905487,true,true,344
1788921090283510208,1.6674614551310634,0.9608944007918078,0.3016743672572083,-0.6062067701451186,-0.013178092092689747,0.2681585575176388,0.7486191807248055,1.0,0.07955832530041543,1,243.6711926460266,true,true,344
1788921090483604908,1.726809989570882,0.99996039803507,0.30406628853239914,-0.6002889859473174,-0.007569549104499443,0.26615880702855427,0.7541586866952025,1.0,0.08023211334417919,1,243.70736622810364,true,true,344
1788921090683586359,1.8340248039256781,1.057541961814491,0.28320067090080464,-0.599008471656811,-0.0033008795813007424,0.2775134723493437,0.7511086657348396,1.0,0.08405260938182618,1,243.75555729866028,true,true,344
1788921090883701086,1.9562982424275908,1.1231151778583055,0.23695171901849832,-0.5932251268881468,0.048847794813864136,0.37042596300142205,0.7130795521572845,1.0,0.09671438139372453,1,243.79550647735596,true,true,344
1788921091083557844,2.0652982368909685,1.1735891021265958,0.17835962951577633,-0.5768477275577931,0.0922159518213215,0.473788025965449,0.6589900028777831,1.0,0.08786277843876474,1,243.84266424179077,true,true,344
1788921091283624887,2.112598732961696,1.232757954332423,0.1077630973489289,-0.5710994074489107,0.09980080406678929,0.5000112832141147,0.6433303840000872,1.0,0.08396841292265204,1,243.8666639328003,true,true,344
1788921091483387947,2.096361161899612,1.2520593244947107,0.0842935890673553,-0.581967803558327,0.1014392070825275,0.49514635239506566,0.6370664428439357,1.0,0.0811375510580801,1,243.91608428955078,true,true,344
1788921091683527470,2.092848712500637,1.25110591846977,0.07615856665753712,-0.5938304905684241,0.11235236028055415,0.4784414935459528,0.6370526138900704,1.0,0.07793046277710715,1,243.96960043907166,true,true,344
1788921091883636951,2.115802243688489,1.263659080515802,0.05735180958915502,-0.5955885826072914,0.12048695389648124,0.4722713237166041,0.6385271576084695,1.0,0.07586298325990122,1,244.021817445755,true,true,344
1788921092083728552,2.1778299266175685,1.325005961379317,-0.016722218518889276,-0.6066656035683825,0.13539133691929015,0.45744752279162504,0.635899202095759,1.0,0.0817161126887757,1,244.06100702285767,true,true,344
1788921092283480644,2.2505818102389696,1.4108078992023916,-0.11776396671916027,-0.6039990062374676,0.12997049164178953,0.46222047905068575,0.6361172065843663,1.0,0.07515718093691291,1,244.12131810188293,true,true,344
1788921092483684301,2.324797603281375,1.484407597156566,-0.22561324656148665,-0.5969208904899386,0.1186323330322402,0.47381836278296974,0.6364809338430271,1.0,0.0769048777658668,1,244.16656637191772,true,true,344
1788921092683697462,2.400403218506391,1.557063078294773,-0.33357575370888154,-0.5959694130895609,0.11734784794105453,0.47461968314195985,0.6370134202821105,1.0,0.07986575302505623,1,244.20736527442932,true,true,344
1788921092883607388,2.460734118457171,1.642398103149184,-0.4256771341603341,-0.6033022102483692,0.12587321892817085,0.4655191491569575,0.6351962670185298,1.0,0.07811869224696529,1,244.2456831932068,true,true,344
1788921093083653927,2.520011324572939,1.7061295836042816,-0.508378234671298,-0.6047481574882468,0.12727725962605274,0.46428323597374904,0.634445617835285,1.0,0.07320568432400214,1,244.29458332061768,true,true,344
1788921093283694029,2.5906336416107854,1.7847881516915258,-0.602777528045069,-0.6049181031388553,0.13198468374153033,0.46448770240097026,0.6331708348232763,1.0,0.0784313591597455,1,244.34456610679626,true,true,344
1788921093483518362,2.667133742033377,1.8616190458485937,-0.6990104463749108,-0.5991372750939548,0.1293297760807015,0.4679532521010258,0.6366538215231098,1.0,0.07917565999560142,1,244.38668847084045,true,true,344
1788921093683628321,2.7540120144927753,1.9406387905726568,-0.8136081096932429,-0.6001563071234893,0.135322784159029,0.4650335865047414,0.6365877115762457,1.0,0.07786801074557272,1,244.42832684516907,true,true,344
1788921093883702040,2.8225530416755027,2.020411464661994,-0.9164095305042796,-0.5959954405219349,0.12848140758764026,0.47427201036458333,0.6350968610897865,1.0,0.08276908359480888,1,244.46255564689636,true,true,344
1788921094083585978,2.9041656502971978,2.0894725768073354,-1.0370018857172156,-0.5969201305859453,0.1312875118316021,0.47754740639454424,0.6311881031706541,1.0,0.08467513468519729,1,244.55081272125244,true,true,344
1788921094283672333,2.984614773389547,2.168235343519134,-1.147234012281294,-0.5996749994512842,0.1415305345106555,0.47608014241714397,0.6274605173477463,1.0,0.07976681508586266,1,244.60782480239868,true,true,344
1788921094483736753,3.054777393489184,2.2541768754434597,-1.241096294733848,-0.5965855710877114,0.14471882653285031,0.47595377251763943,0.6297698976952857,0.999366687777074,0.0927253989225696,1,244.61873507499695,true,true,344
1788921094683630705,3.1223323385077886,2.3352025670617333,-1.346097972301345,-0.5987096219052439,0.1192862905993468,0.4475703254314872,0.6534511254151147,0.9919653893695921,0.09029062997361223,1,244.65451526641846,true,true,344
1788921094883691549,3.1836994312368287,2.4218362006696768,-1.4310030061336902,-0.601485425202689,0.07027587301427975,0.39923224540706453,0.6883968326249434,1.0,0.09236534566919283,1,244.70544719696045,true,true,344
1788921095083758116,3.2693285960182745,2.492844359267225,-1.5200599618023778,-0.6032719997920242,0.027469735258269876,0.35643532623329444,0.7129250774974443,1.0,0.08267640044853057,1,244.7359058856964,true,true,344
1788921095283601761,3.3742904441275625,2.5584227831679485,-1.5829402509804187,-0.6037793524470008,0.008999599714961518,0.33541508165923145,0.7230948926380144,1.0,0.08341362787551695,1,244.77903079986572,true,true,344
1788921095483683825,3.4636151808407685,2.5941555016427316,-1.638573509277809,-0.6023819601061735,-0.0016122126740145076,0.3479257586363126,0.7183878070974509,0.9918392969240427,0.10624358053264159,1,244.8171033859253,true,true,344
1788921095683529139,3.532692452285298,2.679880106993134,-1.6859504206572042,-0.607724498672412,0.003950030657689845,0.36221579922134767,0.7067213352981562,1.0,0.0817956768506884,1,244.87993621826172,true,true,344
1788921095883514404,3.5919679075596465,2.7035104631108755,-1.7133997770682359,-0.5973316212083588,-0.010375868722424237,0.34778274651154895,0.7225887051993909,1.0,0.09309967918602444,1,244.90812730789185,true,true,344
1788921096083722830,3.617297346653142,2.6846663361529886,-1.7428345228514075,-0.5802695326821368,-0.0835492412126384,0.28817996040146504,0.7571387614939925,0.9967741935483871,0.1527736390473942,1,244.9782316684723,true,true,344
1788921096283515930,3.6076655620605433,2.7203155802674743,-1.7609704884013704,-0.5768745710557488,-0.12188348840598066,0.21627048679638067,0.7781948477496439,1.0,0.09488945271936121,1,245.00825095176697,true,true,344
1788921096483690500,3.6234681603173313,2.707647115623971,-1.7790759377442236,-0.5868284517766468,-0.10377335184438202,0.1923046099521623,0.7796681323637339,0.9983277591973244,0.08620988636609557,1,245.06950974464417,true,true,344
1788921096683724880,3.6033789170422454,2.7542024053797896,-1.772675288536949,-0.5867519295575173,-0.09887159355810456,0.18093872048738804,0.783075833221916,1.0,0.08838298470845163,1,245.07861971855164,true,true,344
1788921096883500338,3.6322415439773916,2.7590890466528855,-1.7672416631178405,-0.5889962553948389,-0.09985014764104627,0.17224292675254282,0.7832277659344293,1.0,0.07936396910092895,1,245.15810680389404,true,true,344
1788921097083683014,3.6694377407004395,2.797928852502148,-1.7693913804631647,-0.5822046189955652,-0.10389892359789893,0.1480675786634763,0.7926656214597438,1.0,0.10602153246795609,1,245.21936345100403,true,true,344
1788921097283674002,3.731209738081514,2.8923105373807183,-1.738755096744691,-0.561042031741995,-0.1469534213649442,0.08695468538218593,0.8099848228565995,0.9980069755854509,0.12269992402466481,1,245.2810332775116,true,true,344
1788921097483645678,3.8754729927950686,2.8786683467687166,-1.695872244853005,-0.5400741292662209,-0.20313772510210926,0.007227659354155182,0.8167023695802123,1.0,0.12953453052158276,1,245.31456208229065,true,true,344
1788921097683567762,4.029840657847684,2.9231732442014957,-1.6423440473718516,-0.5123066356142033,-0.2583756305664296,-0.06802641119601116,0.8161840184755197,1.0,0.11491447605101134,1,245.34988045692444,true,true,344
1788921097883772373,4.158050681247683,2.9462100262316513,-1.5576143229352108,-0.48520548603808317,-0.30754909100905575,-0.1296022965007665,0.8082032155836671,0.9985808893093662,0.1009711347403692,1,245.38454008102417,true,true,344
1788921098083647728,4.254492999079915,2.976469533591807,-1.4453738857850902,-0.44609780900794754,-0.35246606998239377,-0.19362803585781632,0.7995452445229854,1.0,0.10460434853670271,1,245.41933727264404,true,true,344
1788921098283560038,4.346689114462758,2.98432293477514,-1.3328863042132926,-0.40962944400953893,-0.3836381107456938,-0.25637743453946815,0.7869537023503183,1.0,0.10384292684565823,1,245.44794869422913,true,true,344
1788921098483749866,4.405034819365063,2.971344607856446,-1.2254762888800472,-0.3984479141186269,-0.38484255288244884,-0.2689641553862447,0.7879046594244767,1.0,0.10395597195187894,1,245.50602865219116,true,true,344
1788921098683593512,4.464292309417649,2.9954858054453104,-1.1087538945328708,-0.3961715811922651,-0.3807001878899703,-0.26138543884682425,0.7935950463271658,1.0,0.09261158634922442,1,245.55580878257751,true,true,344
1788921098883672714,4.529767299866952,2.9800814292269857,-1.0014846875794736,-0.41109145902877264,-0.36370235202067797,-0.23106229194170658,0.8033272239199098,1.0,0.09322573689413836,1,245.62363934516907,true,true,344
1788921099083779097,4.632934411087575,2.976504465352032,-0.8872926805754894,-0.4243643960820133,-0.3523772516302931,-0.21431296540415865,0.806111087091045,1.0,0.08728188010963389,1,245.64530634880066,true,true,344
1788921099283529520,4.716391501118528,3.007271721984734,-0.7683941178358682,-0.42292730354744407,-0.3547146727580574,-0.21744074516354653,0.8050028069435259,1.0,0.08205923585739072,1,245.66807508468628,true,true,344
1788921099483701229,4.817354769252886,2.986101480346805,-0.6611424314614248,-0.42756368252434107,-0.3552779989655088,-0.21533913443580155,0.8028672978878449,1.0,0.0849231754173493,1,245.7367880344391,true,true,344
1788921099683530331,4.909155486462505,2.9867950783419155,-0.5405550282537775,-0.4265013737577043,-0.35684145192158295,-0.20825109792845467,0.8046068832572103,1.0,0.08279708569620124,1,245.7765781879425,true,true,344
1788921099883580923,4.994101030393391,2.997741593472988,-0.41914533397979487,-0.4168488732132914,-0.35742965943925625,-0.22195047264342385,0.8057413003857437,1.0,0.08048898734745666,1,245.85092735290527,true,true,344
1788921100083616257,5.083505534854875,3.0154622266019078,-0.3139295497201627,-0.4189609022830891,-0.3582902422321165,-0.22217441068137322,0.8042004699810722,1.0,0.0786303720142456,1,245.85801720619202,true,true,344
1788921100283738852,5.15271420375772,3.02694809485719,-0.19806747897079122,-0.42443524446658465,-0.3469440877333227,-0.21060604024423513,0.8094007777696587,1.0,0.08157639909377881,1,245.94257616996765,true,true,344
1788921100483602285,5.239256644175008,3.0484999711057172,-0.09925427007642215,-0.4688881609471538,-0.3096730866507824,-0.12141092666940104,0.8182333767410442,1.0,0.08443637905192139,1,245.95671010017395,true,true,344
1788921100683591366,5.332892067701343,3.0890237152448026,0.013011127104181137,-0.46544342843521214,-0.28997298017117146,-0.11423020643445443,0.8283897305224566,1.0,0.07956793000389054,1,245.96847891807556,true,true,344
1788921100883759022,5.415009457592504,3.106616142430039,0.11845600134261504,-0.4564916050550333,-0.30746181272016904,-0.11961865631592364,0.8263014131019515,1.0,0.07842307468091608,1,246.04413056373596,true,true,344
1788921101083560705,5.544129835439359,3.130118574203942,0.1933192380424235,-0.4569632403574788,-0.3090547041370098,-0.13247441235604307,0.8234806111158302,1.0,0.07665090708187378,1,246.10984134674072,true,true,344
1788921101283619404,5.659557078955278,3.1416360335566273,0.2878863930696837,-0.4637542659077606,-0.3041610496096309,-0.12357022127695143,0.8228902947333189,0.99933818663137,0.07583411138494485,1,246.1787896156311,true,true,344
1788921101483780146,5.759479814435543,3.1836115530045492,0.39504773791754505,-0.4587127788526236,-0.30961160260811116,-0.11701455356882887,0.8246398221653075,1.0,0.07622566695355934,1,246.18334984779358,true,true,344
1788921101683584452,5.881852871592921,3.18765207129516,0.4922559713606564,-0.4593010410525279,-0.3103065148804356,-0.13221974886945773,0.82174835474111,0.9993710691823899,0.07464577066042757,1,246.21305179595947,true,true,344
1788921101883656502,5.981520119416495,3.2401776639596296,0.5903478298576645,-0.4582152682579147,-0.3127052687570806,-0.14206045780808021,0.8198005910916687,1.0,0.07873214673366427,1,246.3277406692505,true,true,344
1788921102083534002,6.07185487585932,3.2472003535244225,0.689862539538743,-0.43332513815642826,-0.3420257733918424,-0.17994731027686525,0.8141662364047942,1.0,0.08177805827076161,1,246.34285855293274,true,true,344
1788921102283621788,6.161105764556535,3.2535462686410987,0.7849460973456924,-0.4240021394827854,-0.35390825884527355,-0.20392274826845025,0.8083233528568694,1.0,0.0793581806700858,1,246.35532069206238,true,true,344
1788921102482976198,6.248480583060997,3.2562807524264876,0.8722252609813108,-0.4352382244386657,-0.34892195734774917,-0.18982331704465852,0.8079531322881651,0.9986859395532195,0.07626402419363808,1,246.52781009674072,true,true,344
1788921102683560610,6.319546247199961,3.2577880555803294,0.9739965026064059,-0.43238753500608745,-0.34447573718891455,-0.1847472723945412,0.8125551866810596,0.9992987377279102,0.07490318863961666,1,246.55957436561584,true,true,344
1788921102883603573,6.392069145863399,3.2498556472190403,1.0639601149956244,-0.42886831854584767,-0.3473753669091442,-0.1833523847984169,0.8135012125382046,1.0,0.0758988878516614,1,246.57832980155945,true,true,344
1788921103082973480,6.4529472735246935,3.2910357987782706,1.153328918432726,-0.4225793004134101,-0.3520796029089487,-0.1939635929693459,0.8123083236555028,1.0,0.07411745166680181,1,246.60559964179993,true,true,344
1788921103283562422,6.53432657996571,3.2859400995930264,1.229414339670816,-0.4275172155001242,-0.34570672652471385,-0.1871469605650618,0.8140589074740521,1.0,0.07498288274377947,1,246.68945956230164,true,true,344
1788921103483624935,6.560193806421533,3.333589378127822,1.3181305520253241,-0.4280857619552768,-0.36767931520670116,-0.17267057596755872,0.8073037679680022,1.0,0.11097120268094919,1,246.74774956703186,true,true,344
1788921103683003664,6.621318303922092,3.2948087411926537,1.3418250152635904,-0.44235042685889586,-0.382831967853661,-0.15340300193160125,0.7963876588982406,0.9972314507198228,0.14066472837693408,1,246.84488773345947,true,true,344
1788921103883570910,6.658127561546888,3.2764257804739447,1.3349788993925293,-0.482260825578829,-0.33553485043207765,-0.09703825389640222,0.8033831200232477,0.9994305239179955,0.10162382140959135,1,247.04813361167908,true,true,344
1788921104083638668,6.623871711064287,3.3211455621211576,1.3524024528444702,-0.5298995768828837,-0.2550397273637572,0.004172081880729123,0.8087915489286115,1.0,0.09082065813490679,1,247.23743152618408,true,true,344
1788921104283023834,6.618000510860325,3.3060439095918572,1.3565677490358767,-0.5698938430526741,-0.1632906149174549,0.10017148595294993,0.7990762517635673,1.0,0.08541183198689088,1,247.45251846313477,true,true,344
1788921104483604431,6.612876622423149,3.258445373399814,1.3517349079829744,-0.5961625031344832,-0.0948855865037917,0.2023873979521989,0.7711201829030266,1.0,0.08339864007667341,1,247.6477370262146,true,true,344
1788921104683620691,6.578030314041413,3.305044407847431,1.3747144898064876,-0.6087873496012994,-0.038621066937301884,0.2867863137771709,0.7386744793101706,1.0,0.08215969497275515,1,247.84309029579163,true,true,344
1788921104883060217,6.580517451225614,3.318640169718026,1.3799087371648997,-0.6131308616986643,0.013849773733597859,0.3501906465034181,0.7079867522077653,1.0,0.08023792308977139,1,248.0357789993286,true,true,344
1788921105083596945,6.583259380967275,3.30319312642156,1.3962507670372506,-0.6080649456590639,0.050184795861578965,0.41010349322227896,0.6779038523063985,1.0,0.07863008550534975,1,248.24039959907532,true,true,344
1788921105283645391,6.587644569825292,3.290958398447128,1.3955472779339397,-0.6084400897364466,0.05572996586924155,0.4101156626696999,0.6771262595252904,1.0,0.07797989228009487,1,248.44911742210388,true,true,344
1788921105482996941,6.602487038948606,3.2676929238411776,1.3887928644010226,-0.6106306337615807,0.04950356747680796,0.3892706800564965,0.6878575169083729,1.0,0.07745003051732344,1,248.64536452293396,true,true,344
1788921105683587074,6.620943470992609,3.228250652251875,1.3802913486427775,-0.6092783890222436,-0.009546698882251984,0.30134563255082936,0.7334026963090959,1.0,0.08800544220662875,1,248.83706140518188,true,true,344
1788921105883640766,6.6002153320898085,3.285216164020848,1.3901465865553948,-0.5852706778915664,-0.09596166496027175,0.20498060225306816,0.778609366215414,1.0,0.08392925954286197,1,249.04521584510803,true,true,344
1788921106083847761,6.61687333520709,3.2910618042002238,1.3770571355141135,-0.560034367243541,-0.17042164182594965,0.10498212796681643,0.8039258201544682,1.0,0.0797126861634441,1,249.23511600494385,true,true,344
1788921106283657789,6.613894379241104,3.2925772861608014,1.3796382259062978,-0.5261289358593876,-0.23789312711869703,0.015894588715900406,0.8162980858551058,1.0,0.08458252688800236,1,249.47786903381348,true,true,344
1788921106482973814,6.62598222926964,3.321572344256742,1.3598039479930106,-0.4833622991444572,-0.2943081419790847,-0.07601331612541591,0.8209540675958807,1.0,0.11488810000623435,1,249.65543723106384,true,true,344
1788921106683839798,6.575459279944817,3.4366989013855656,1.3786902356582904,-0.43108746382196766,-0.34721662823574134,-0.1636604334238691,0.8165901506531045,0.9993924665856622,0.13620140890122073,1,249.83164501190186,true,true,344
1788921106883670807,6.6193226638962175,3.3645444630143158,1.3880178912266188,-0.39106275852180583,-0.3931609420246598,-0.26250576504219936,0.7896740567368348,0.9994022713687986,0.1334432887189267,1,250.03411197662354,true,true,344
1788921107083711386,6.582189959274119,3.496467643920497,1.390747371255077,-0.3254361580592015,-0.4379910737416004,-0.35196442905267855,0.7605104647747924,1.0,0.13650201654034608,1,250.23776507377625,true,true,344
1788921107283587933,6.5620735505283925,3.5442424937852017,1.422739334376231,-0.25562913767299156,-0.47772774856875505,-0.4434846371266009,0.7139687099955303,0.9983471074380166,0.13178987007640175,1,250.4404513835907,true,true,344
1788921107483673334,6.535787459130984,3.569263117484022,1.4615265848903793,-0.1845492927434871,-0.5069340448822787,-0.5304691628994459,0.6538821758542864,0.9945571499257794,0.14387135040594878,1,250.65266227722168,true,true,344
1788921107682970285,6.572044905809,3.554242729867702,1.4556054902856466,-0.11323374238567455,-0.5372652378653019,-0.6047656365047092,0.5768732171542854,0.9908256880733946,0.15722185983955034,1,250.85260438919067,true,true,344
1788921107883857489,6.551066596500705,3.593967013159464,1.4741243646623337,-0.047960612813253506,-0.5508473205170886,-0.6603426266451761,0.5081482308668185,0.997649271274095,0.13325332622618535,1,251.0692126750946,true,true,344
1788921108083657026,6.538492417057676,3.594548866940093,1.4999582928276993,0.02179591370998807,0.5476559382430093,0.6789367827303803,-0.4885107537285537,1.0,0.11814225107973782,1,251.27386593818665,true,true,344
1788921108283849478,6.617742987180971,3.4410972160111695,1.4521038890648506,0.029846472172069278,0.5538503197661266,0.6719159355402378,-0.4908034096875563,1.0,0.10788426606687379,1,251.45238590240479,true,true,344
1788921108483621597,6.520545780268683,3.568038639492131,1.510870395684203,-0.01306633087771095,-0.538714002461832,-0.6726768368920829,0.5070723495299417,1.0,0.10461285855067617,1,251.65500164031982,true,true,344
1788921108683611631,6.5042040237104555,3.47550961175087,1.5329581228195805,-0.008552714496967878,-0.5354921972663121,-0.6714017060878765,0.512244772353926,1.0,0.0937267806619033,1,251.86280059814453,true,true,344
1788921108883758068,6.433720677066043,3.419058260021014,1.5964536011344426,-0.004941327371424767,-0.5357925318020103,-0.6681216013238682,0.5162513651250091,1.0,0.09241620159711268,1,252.06663990020752,true,true,344
1788921109083082914,6.3673000050783655,3.279996121683485,1.6760555186786834,-0.009336758063927204,-0.5428221692576305,-0.6676406373785599,0.5094240834825656,1.0,0.08601703034610886,1,252.23930263519287,true,true,344
1788921109283751726,6.267902781578152,3.2294796456336736,1.7818855293673457,0.01805745187390343,0.5504701343714822,0.6696892496940219,-0.4981695177759517,1.0,0.08253022914068052,1,252.43677377700806,true,true,344
1788921109482995749,6.1869792102765695,3.156453480083393,1.882022286453798,0.01629427940338207,0.5463082354810328,0.6735330102575613,-0.4976294729994549,1.0,0.08358569405259929,1,252.63467931747437,true,true,344
1788921109683630705,6.110304087672284,3.064311379041378,1.9670851623515622,-0.02103576626829405,-0.5453878036423501,-0.6686974080637453,0.5049291203966291,1.0,0.08194529029966044,1,252.84658980369568,true,true,344
1788921109883685589,6.027985293928589,2.9833294987422527,2.0522724970422335,-0.016666515997289213,-0.5480444033905497,-0.6663412176378305,0.5053305263228688,1.0,0.08068072238805214,1,253.04982614517212,true,true,344
1788921110083742619,5.949379350974435,2.9092189409823423,2.1368207477917673,-0.012044497612298236,-0.5488137563856457,-0.667270756290984,0.5033965918418687,1.0,0.08017440629529497,1,253.2487177848816,true,true,344
1788921110283079386,5.865732159142466,2.8384818923876107,2.2176536595007956,-0.01089878985150585,-0.5497622806333475,-0.6652033832285666,0.5051208866339503,1.0,0.07927973079782623,1,253.44607377052307,true,true,344
1788921110483684540,5.810414416594131,2.752049919531858,2.2832126650960265,0.012527147217204482,0.5512665319893758,0.6679462005873541,-0.49979611284195236,1.0,0.08161044488483539,1,253.6505835056305,true,true,344
1788921110682966948,5.725559314024831,2.673657025272425,2.3905370693249095,0.002605530870003298,0.5436935824170721,0.6765231221535742,-0.49669604874506357,1.0,0.07641345443946679,1,253.84808540344238,true,true,344
1788921110883106470,5.647858020660184,2.6021973971571675,2.483464915465426,0.007336074280951224,0.5448000165063963,0.6797992593231585,-0.4909298229405731,1.0,0.07878234471707996,1,254.0386598110199,true,true,344
1788921111083703995,5.561039845670595,2.5145167895639533,2.5698427742447794,0.011114112034823008,0.5451763841742027,0.6741855641644589,-0.49812951300306674,0.9994249568717654,0.07846182704123016,1,254.24233722686768,true,true,344
1788921111283015966,5.475986975430848,2.4064665973495662,2.656754925810965,0.011866259292787947,0.5493638110889638,0.6730904474748944,-0.4949826708827843,1.0,0.07859978766127734,1,254.44501638412476,true,true,344
1788921111483108044,5.38715205332358,2.3235884405989236,2.758450510695711,0.011813704005740713,0.5466216960890876,0.6750941098737364,-0.49529092519058354,1.0,0.07934296787049347,1,254.64227962493896,true,true,344
1788921111683732510,5.316609015020308,2.231750321384082,2.838542924885222,0.022310450273066922,0.5502427285449756,0.6740614291433707,-0.49231735012407696,1.0,0.0762447067187252,1,254.8430483341217,true,true,344
1788921111882966995,5.23636090727396,2.156252431247205,2.927289354046627,0.022629646115011018,0.5495868831262821,0.6718915614347043,-0.49598778884674743,1.0,0.077105743377709,1,255.04516983032227,true,true,344
1788921112083122492,5.183136522837371,2.0861632957345537,2.9851809950100874,0.036761465929103655,0.5593728114806247,0.6702938840929917,-0.48626819898749196,1.0,0.08012707930668445,1,255.2420151233673,true,true,344
1788921112283719778,5.139074690842428,2.0432271570184994,3.0294209725167334,0.04133240110228403,0.5695376113934496,0.6753472117596958,-0.4667169221227913,0.9993868792152054,0.08623074384188588,1,255.45057106018066,true,true,344
1788921112482992649,5.153313119730119,2.022657691544951,3.042009812085878,-0.004045209531337965,0.5787070640701777,0.711970940473654,-0.39771742505978563,1.0,0.11127817700538475,1,255.66087698936462,true,true,344
1788921112683143854,5.144743651876294,2.031642755063587,3.077548038088324,-0.09719389912060176,0.567676836315819,0.7525943005343877,-0.31921493431128084,1.0,0.10114298439145368,1,255.84574007987976,true,true,344
1788921112883738041,5.141790444200797,2.039168985020633,3.0888158059892685,-0.20053507276560353,0.5371184243460048,0.78060648621161,-0.24888349986153152,0.9971896955503513,0.1346145359243753,1,256.05850529670715,true,true,344
1788921113083039761,5.119947213514333,2.0421287781747264,3.102084038087797,-0.27339196909847774,0.5161412134710834,0.7974897040964211,-0.15121260148962182,0.9957325746799431,0.129327453443756,1,256.2434673309326,true,true,344
1788921113283118248,5.114087684364451,2.036788621882888,3.0976846762043913,-0.3077416528900403,0.4982526477677384,0.8083092771829627,-0.06062579062496464,1.0,0.08523524481703124,1,256.4535298347473,true,true,344
1788921113483719826,5.11171190580824,2.0040632883829677,3.0910940741962967,-0.3008386508370218,0.49689274226983504,0.812075479299554,-0.05592070066196326,1.0,0.07899014431873688,1,256.64434003829956,true,true,344
1788921113682994127,5.081998534297434,2.0135166179734965,3.081815077234682,-0.30953647489123937,0.49589012607168126,0.8086665131713349,-0.06586823249362025,1.0,0.07841551101846302,1,256.84023666381836,true,true,344
1788921113883170366,5.020120733769627,1.9923955785892014,3.0459901267465006,-0.32486333670909223,0.4979921700985139,0.8009365395602233,-0.07048596016302841,1.0,0.10345931929819167,1,257.04677963256836,true,true,344
1788921114083741426,4.930915315927863,1.9907152793024194,3.001687663634977,-0.3349010783019095,0.4931829651595105,0.8022247610113412,-0.032361450044599144,1.0,0.08308956587634575,1,257.24458479881287,true,true,344
1788921114283043861,4.8606429943177485,1.9360937264422549,2.9529158727205878,-0.3199948394621017,0.48650414575397416,0.8129607305074881,-0.0034452190862856356,1.0,0.07982829144468982,1,257.441935300827,true,true,344
1788921114483165741,4.794519693418211,1.9097636355328127,2.910526335301911,-0.3130874472110234,0.48400453628889484,0.8170885832496435,-0.009061256742209207,1.0,0.07696984487881396,1,257.6411700248718,true,true,344
1788921114683737516,4.728511343673618,1.8916401228789368,2.879423419158051,-0.32632894181463046,0.4873973565174399,0.8096212917219618,-0.021600985727937345,1.0,0.08075130541863788,1,257.8350234031677,true,true,344
1788921114883044958,4.679327922400434,1.8731230819514966,2.8472120851747476,-0.3410481863051464,0.484252612074125,0.8056061768905844,-0.013573137923683644,1.0,0.0841616874706305,1,258.0470244884491,true,true,344
1788921115083174944,4.626262238854193,1.8655120545957165,2.803452403025815,-0.3767916857996708,0.46961752590224504,0.7979146198966631,0.028629778777722995,0.9995406522737712,0.09502857176928993,1,258.24433302879333,true,true,344
1788921115283763885,4.564317261763978,1.8628595736735538,2.73171063842179,-0.40037729701257896,0.45471473126542455,0.7906142403020092,0.08866598129379794,1.0,0.09538144206133686,1,258.4484724998474,true,true,344
1788921115482998848,4.491275812210509,1.8368980200721239,2.6544206351928454,-0.3940702109806733,0.45572481531324344,0.79299023325718,0.09049890322032854,1.0,0.08705796597743562,1,258.6384379863739,true,true,344
1788921115683183670,4.398629877746264,1.829124275560092,2.5786139997088116,-0.3915252128325393,0.45643932599626336,0.7944815447880736,0.08467717751359649,0.9995110024449878,0.07961265031439776,1,258.8330907821655,true,true,344
1788921115883798361,4.325551375941509,1.8005755549450653,2.4910094492606776,-0.3815592009281697,0.46465680339552873,0.7953453124452373,0.07702249812031968,1.0,0.08179953863621091,1,259.0402092933655,true,true,344
1788921116083068848,4.235154763208308,1.801010850188339,2.4068858051372235,-0.39214269080915126,0.46671292629341454,0.7886312926440128,0.08039800207860132,1.0,0.07944002546879396,1,259.2447302341461,true,true,344
1788921116283724785,4.164422529121877,1.757828226822648,2.3154738959661607,-0.39545634628745996,0.46583035356241703,0.787586632532007,0.07952141936472847,1.0,0.07795100750784872,1,259.4357159137726,true,true,344
1788921116483851194,4.074941919793375,1.7556463321262818,2.22658946594233,-0.3867197332535704,0.4680908436632415,0.7900587644826539,0.0845337722751464,1.0,0.07738240803106948,1,259.648725271225,true,true,344
1788921116683153629,3.9655271584915703,1.744393304215743,2.130051144328701,-0.3952629272097801,0.4661888981110665,0.7865256704570739,0.08838834404828398,1.0,0.07984753001251538,1,259.85381293296814,true,true,344
1788921116883737803,3.8481769536354977,1.7315613365481664,2.0491464358376756,-0.40052698045122215,0.45881655990535225,0.7872583945605416,0.09638320642728541,1.0,0.07569584317980037,1,260.0388104915619,true,true,344
1788921117083825350,3.7378242531048214,1.7120928749646809,1.9485870806035035,-0.39608167264666444,0.4643634786865003,0.787415398650367,0.08638783608748278,1.0,0.07779439612981207,1,260.26071429252625,true,true,344
1788921117283107281,3.6350359002017796,1.7054311536750921,1.8288587292732121,-0.3882622250223577,0.473837083393017,0.7859816334957532,0.08344899537823094,1.0,0.07646703253376284,1,260.4445879459381,true,true,344
1788921117483176947,3.53552453896816,1.6859166705131343,1.724698569344991,-0.39295451345209403,0.4675833630800181,0.7858710651978401,0.0967430504647312,1.0,0.07754002958940218,1,260.64630222320557,true,true,344
1788921117683041096,3.407123401799213,1.668602547591511,1.6291218080711167,-0.4030288870526266,0.46634309098653176,0.7824282674550009,0.08886981477203296,1.0,0.08285464245589697,1,260.8416748046875,true,true,344
1788921117883113623,3.296140958895917,1.6510462336547367,1.531440078356555,-0.39417791018314546,0.47038864863011975,0.7850311917724248,0.08416841633264865,1.0,0.07721115228682845,1,261.0364842414856,true,true,344
1788921118083190441,3.1785804035174174,1.616568133175751,1.4022995624198413,-0.3898316452586207,0.47543856698706866,0.7850674624059705,0.07522324672394405,1.0,0.10641609317931974,1,261.2465898990631,true,true,344
1788921118282986403,3.0474557035874943,1.5506608318917792,1.3017372673179428,-0.3235007923709687,0.5132872874250972,0.794541156974328,-0.024243509998332646,1.0,0.16139749381134,1,261.43576169013977,true,true,344
1788921118483126640,2.885103859165097,1.493734152448657,1.269756119495911,-0.24666402917374072,0.5396954751826585,0.7918953679536102,-0.1441782819732544,1.0,0.12061410226710367,1,261.63860630989075,true,true,344
1788921118683018208,2.748524498703295,1.4203885693284541,1.2471532868994777,-0.15740369061681828,0.5598784796823755,0.765566602135995,-0.27507806866907186,1.0,0.12055302934470834,1,261.83640933036804,true,true,344
1788921118882968903,2.601054096441605,1.3491981381552092,1.2985845571453234,-0.07147167261682132,0.5670080008606835,0.7235510018321205,-0.38712746572810175,1.0,0.10418493787701277,1,262.0343096256256,true,true,344
1788921119083117008,2.4995379788425134,1.2787021149158333,1.391716132332278,0.010321529670558754,0.5543730885719664,0.6711191044328235,-0.4921006933115689,1.0,0.11121631182009092,1,262.2397520542145,true,true,344
1788921119283010006,2.4350628970308117,1.2262966903322803,1.4676803629104416,-0.04311788941531198,-0.5462131721883667,-0.6458738969065312,0.5316379665101698,0.9994553376906318,0.09760382731737165,1,262.44111680984497,true,true,344
1788921119483026743,2.3487424186270323,1.121704856749929,1.5834288135027017,-0.03290056075251814,-0.5439377402648441,-0.6561403555521972,0.5220432181664528,1.0,0.08772180284360732,1,262.6390633583069,true,true,344
1788921119683161259,2.2792364748521323,1.0417805778903935,1.6793351731749615,-0.03304773478670034,-0.545436345955718,-0.6594018579622067,0.5163295744502129,1.0,0.08408280689955408,1,262.8347406387329,true,true,344
1788921119883165598,2.1939246447004015,0.9665964902184141,1.7557276044160093,-0.004879423034512073,0.5441379703527514,0.6851438060381283,-0.4842189850664977,1.0,0.101274832192526,1,263.0391957759857,true,true,344
1788921120083032846,2.0908777215721384,0.862857949513354,1.8207338296514208,-0.061821995370890725,0.5518005700834764,0.7284535873712926,-0.4013097840693763,1.0,0.0933742348459408,1,263.24204182624817,true,true,344
1788921120283119917,1.964879154522154,0.7530512647611286,1.9158446521032304,-0.0679196887951895,0.5500286793233774,0.7312512799642944,-0.397651773976088,1.0,0.08542952582823403,1,263.4348566532135,true,true,344
1788921120483010769,1.8628666171595565,0.6640399794582118,1.925061485286662,-0.06646001412996992,0.5537110063881546,0.7241129341674842,-0.40576797125675224,1.0,0.09020298928030032,1,263.6453001499176,true,true,344
1788921120683053970,1.728792680653971,0.5820128419133147,1.983880724057044,-0.06614742896045007,0.5568400032015802,0.7205736387424121,-0.40783251418432626,1.0,0.08727819354650435,1,263.85280323028564,true,true,344
1788921120883137941,1.6042735007549898,0.48435268858812064,2.0402302382825623,-0.07227891199311699,0.5560406681115103,0.722559907087246,-0.4043534530052508,0.9993726474278545,0.08545532266886341,1,264.04388070106506,true,true,344
1788921121083021879,1.5038055403862898,0.4153473671084556,2.107872132244744,-0.07085859040509444,0.5547002172259202,0.7282444781830187,-0.3961650024563821,1.0,0.0832825333334067,1,264.23510098457336,true,true,344
1788921121283057213,1.3796698945486539,0.3024961218298232,2.183550483194551,-0.08986857679911833,0.5495466146664971,0.7387295513764667,-0.3797378136765156,1.0,0.08926403863525942,1,264.4370481967926,true,true,344
1788921121483124971,1.2737342014603377,0.21466945426196937,2.22270840414326,-0.12729088649055756,0.5479724929172088,0.7598320590105958,-0.3258503020134685,1.0,0.08457889539159837,1,264.6430242061615,true,true,344
1788921121683045387,1.1365782571524703,0.1173644202244605,2.2478587382078614,-0.16003192441935649,0.5428413526709877,0.7755507249187525,-0.2797036325737824,1.0,0.08300304739777913,1,264.834566116333,true,true,344
1788921121883074760,1.0102772638254065,0.03834118163329891,2.265985946699182,-0.14898444387653434,0.5456806421370087,0.7740491834002902,-0.28440136068079563,1.0,0.08059134401137762,1,265.03821420669556,true,true,344
1788921122083120346,0.888132481362715,-0.041796466665012244,2.272243280241006,-0.14365719319639433,0.5482526394503394,0.7695341414716268,-0.29427684123661285,1.0,0.07870577615631583,1,265.2391607761383,true,true,344
1788921122283061028,0.7618133450948686,-0.10629298004460956,2.3109147180843626,-0.16261692555816254,0.5443990288066468,0.7734456328763522,-0.28101118472561293,1.0,0.08502041208981122,1,265.43994092941284,true,true,344
1788921122483052254,0.6510791717066383,-0.17892731059965314,2.3187664865016533,-0.23252817480834564,0.5244088890558042,0.803012232952889,-0.16154664567106844,0.9994962216624685,0.0945723482056146,1,265.6418254375458,true,true,344
1788921122683198690,0.5362763442565844,-0.21850352895625014,2.2797218796496885,-0.28328350510508193,0.5112756289388498,0.804841671088474,-0.10284732115168135,1.0,0.07974982639782002,1,265.8435106277466,true,true,344
1788921122883877516,0.42192305639304883,-0.2733615741329246,2.2270005568084947,-0.274768175917918,0.5159829058527715,0.8030434822759872,-0.11569466688023519,1.0,0.07845464639253942,1,266.03695845603943,true,true,344
1788921123083076000,0.31965826722016444,-0.30971706213768735,2.1782107949402087,-0.27027128158139935,0.5240312658795098,0.7993863186547326,-0.11543907605617429,1.0,0.07866283561223807,1,266.24252128601074,true,true,344
1788921123283151150,0.21894903955101977,-0.34713676159394846,2.1425359152220036,-0.2780083495676118,0.5235344267687824,0.7982835925250449,-0.10661316740386975,1.0,0.07720337641481496,1,266.4352240562439,true,true,344
1788921123483224630,0.11932521070154502,-0.39033299056917664,2.1176867087111533,-0.3042647833171529,0.5077661137528645,0.8039725654728299,-0.05678581974681157,0.9994047619047619,0.07672241413010335,1,266.6386880874634,true,true,344
1788921123683106422,0.0320858259323257,-0.431210706905042,2.086520141337873,-0.29990773092786505,0.5025609939086446,0.8091240478291223,-0.05297240371998248,1.0,0.07590026083361001,1,266.8333930969238,true,true,344
1788921123883136749,-0.05716338978625027,-0.46758602590676257,2.055701408396549,-0.2877605122777109,0.5072125255935769,0.8083689364424284,-0.08043011904500809,1.0,0.08324205922620437,1,267.0354976654053,true,true,344
1788921124083231449,-0.14014264307454494,-0.5025927482916928,2.0304059379397454,-0.23808629598589154,0.5267634430084113,0.7981815242179282,-0.16953302088616937,1.0,0.07626810281574954,1,267.2357065677643,true,true,344
1788921124283101559,-0.21309580315756493,-0.5445634187055555,2.0066704218540696,-0.23361877588442406,0.5280735904849836,0.7966061454412894,-0.17882728995244318,0.9993738259236068,0.07570931515920003,1,267.44310545921326,true,true,344
1788921124483166218,-0.3021962224870106,-0.5844810920438669,1.989266512269485,-0.23784252094509123,0.529487461508438,0.7949144198935717,-0.176592832190617,1.0,0.07623516662641655,1,267.6391143798828,true,true,344
1788921124683099508,-0.4005672746977685,-0.6292111090239928,1.9648262345130425,-0.22973767411563872,0.5382975298158422,0.7868435398157796,-0.19578971968996653,1.0,0.07894768943025658,1,267.8412790298462,true,true,344
1788921124883132219,-0.5130097626678297,-0.6834857462035564,1.9541237835448684,-0.16256179396527565,0.5558022924796696,0.7663337207794693,-0.2781907676639057,1.0,0.08466537467813233,1,268.0444746017456,true,true,344
1788921125083142757,-0.6204594234392018,-0.76285402295237,1.9733193413457641,-0.09139299343138756,0.5636842201373792,0.7342917811213645,-0.36704631982541774,1.0,0.08696952718001294,1,268.2376170158386,true,true,344
1788921125283085823,-0.7315482971669772,-0.8401689198645691,2.032333885831642,-0.009411434581861102,0.5618223459032804,0.6879960682364318,-0.4592695141570595,1.0,0.09053885805825965,1,268.4341022968292,true,true,344
1788921125483141899,-0.8023382665143008,-0.9092046141718494,2.1023308884275878,-0.07219617017402366,-0.549390335885165,-0.6271803651281075,0.5473598098563403,1.0,0.1054358448879419,1,268.6425998210907,true,true,344
1788921125683226109,-0.8494635511316166,-0.9878561721975361,2.2102475503950543,-0.13401905164310834,-0.5285361490249216,-0.5643015274485056,0.6198808103900917,0.9988331388564761,0.10961580791171693,1,268.843088388443,true,true,344
1788921125883896351,-0.8804572400118457,-1.0647761106113156,2.320273821150453,-0.1256601982417828,-0.5195956958504815,-0.564400203937923,0.6290327791350191,1.0,0.0917965464957187,1,269.04583621025085,true,true,344
1788921126083984137,-0.8993829252144381,-1.1233728398984397,2.4247313321358166,-0.09687045552836429,-0.53262145074991,-0.6000702429553273,0.5889365063963423,0.999409681227863,0.09069059850397433,1,269.25136375427246,true,true,344
1788921126283181429,-0.9291278820457323,-1.1739133845749599,2.532753625824989,-0.04420021893735542,-0.5400929688474068,-0.6553558476424216,0.5261697811622917,0.9969933854479855,0.10500622888889409,1,269.43634271621704,true,true,344
1788921126483113050,-0.9882992452290865,-1.2050078053505575,2.5985043889589137,-0.039236481495581406,-0.5408743094496025,-0.6685873362385696,0.5088285111102601,1.0,0.09120808534597082,1,269.6454665660858,true,true,344
1788921126683121204,-1.0380473067486835,-1.316039836381349,2.6663646440164444,-0.00597622268896179,0.5437959033604317,0.6818825007896938,-0.48916925022693486,1.0,0.10427161994039862,1,269.83845019340515,true,true,344
1788921126883205652,-1.1237661955138545,-1.3791436904040533,2.7253862458835827,-0.0363151322870821,0.5507361792753289,0.7051560816708654,-0.44511321311187685,1.0,0.09891169546110824,1,270.03660225868225,true,true,344
1788921127083161831,-1.2019701914400953,-1.4264065711664717,2.7772960748530022,-0.03417090959472425,0.5464730580943268,0.7131156410158944,-0.43779633193186646,1.0,0.08560696933667536,1,270.2406117916107,true,true,344
1788921127284049511,-1.2910185898162139,-1.5092836826969065,2.835840432406026,-0.025893279591268414,0.5477035897119102,0.7044198063789916,-0.45071393618312183,1.0,0.08700514276984718,1,270.4469871520996,true,true,344
1788921127483290195,-1.3887602574905937,-1.576722838550422,2.8941584791441137,-0.02643295083769456,0.5537600234309985,0.7002106641942417,-0.44984015084068935,1.0,0.08325621057464187,1,270.645388841629,true,true,344
1788921127683948278,-1.4587369125125393,-1.6386294575162907,2.9587451284612736,-0.016662959488617513,0.561704609515868,0.70374289059486,-0.43469094925809176,1.0,0.08301799093237269,1,270.84420132637024,true,true,344
1788921127883175850,-1.5099733256102066,-1.7154625053170778,3.008855473921249,-0.0010968233071002218,0.5678140738700008,0.7041611447618766,-0.4263133316018076,1.0,0.11885675693279987,1,271.0409562587738,true,true,344
1788921128083251953,-1.5443444224733085,-1.7570579074892472,3.017060443004486,-0.013201032152327435,0.5680163275171455,0.7101964526372478,-0.41569722525597963,1.0,0.1499203085947004,1,271.2402527332306,true,true,344
1788921128283963680,-1.5535252445935182,-1.7526839327719632,3.0258074613816377,-0.07667442792302885,0.5702436665295322,0.7537975604883214,-0.31738372782404983,0.9995009980039921,0.15172961449911507,1,271.43961119651794,true,true,344
1788921128483193398,-1.5589005170475172,-1.7675687437333918,3.0689856346017264,-0.15370409773180044,0.5584217394012526,0.7864778248491693,-0.21445941883035793,1.0,0.11446187468205848,1,271.6377990245819,true,true,344
1788921128683242321,-1.5480078842309806,-1.759696162111714,3.1012831607984266,-0.24530281502649043,0.5318034234057136,0.8004552317354332,-0.1276051322691196,1.0,0.10008565849622254,1,271.8477761745453,true,true,344
1788921128883333921,-1.5581873182569788,-1.7869355209014217,3.0876974125038883,-0.2828089081685897,0.5202384845285642,0.8008616334031421,-0.08939622373884931,1.0,0.08927118522850379,1,272.0400927066803,true,true,344
1788921129083205700,-1.5982860295966679,-1.7824908187570472,3.08002274606438,-0.2879750839721934,0.5199656831979437,0.7966903710078665,-0.10950110525037828,1.0,0.08837837532795283,1,272.2427439689636,true,true,344
1788921129283267498,-1.6780432640486502,-1.8224364662940014,3.075842575167808,-0.31301465562818653,0.5091100878078803,0.7979704362482294,-0.07792256879770466,1.0,0.09312230140511656,1,272.4439811706543,true,true,344
1788921129483166695,-1.746056073510988,-1.8505162410787952,2.9953200212995568,-0.3607059028516521,0.48472722078617203,0.7964507534282799,0.02443297854162844,0.998062015503876,0.09976322617741928,1,272.6502203941345,true,true,344
1788921129683212757,-1.8476195184262736,-1.8902475941744914,2.9096986637233444,-0.41207115357856966,0.4389190873997744,0.7845818441473877,0.14825224766883577,0.9992927864214993,0.1008420118621818,1,272.8349606990814,true,true,344
1788921129883247852,-1.9294092078838618,-1.8925351157639874,2.823672554136665,-0.46439795851718785,0.38764116053137604,0.7558291139135758,0.2505817578108512,1.0,0.10175109829748469,1,273.038654088974,true,true,344
1788921130083188295,-1.9748077412474325,-1.8829013417517593,2.7236930559518826,-0.5052774740382698,0.34125250178082184,0.7153475822633384,0.34134914795240423,0.9833538840937115,0.11940536758557233,1,273.2455849647522,true,true,344
1788921130284072399,-1.99754372187657,-1.85057735491445,2.623105241411038,-0.5449265971791261,0.28830765934018604,0.6597063022843477,0.42979214974086577,0.9766431287343835,0.137501396831574,1,273.4353754520416,true,true,344
1788921130483237267,-1.991958312148279,-1.8059297058385069,2.5600425486832634,-0.5728629493076887,0.2265969843934666,0.6001275384363898,0.5102242502905578,0.9934924078091106,0.13578422389093206,1,273.63975739479065,true,true,344
1788921130683229446,-1.9848609179184964,-1.7668778725364847,2.4963697724483374,-0.5885959794349703,0.16461462519440254,0.5297217412144789,0.5880915532889364,0.9939698492462311,0.14580914914321713,1,273.8360230922699,true,true,344
1788921130884051085,-1.9461478984065352,-1.698670989673223,2.417369215075758,-0.5949297292626313,0.09793885983354682,0.4507902564855496,0.6582208912148637,1.0,0.12197948570396248,1,274.0452332496643,true,true,344
1788921131083329201,-1.9243735348794309,-1.6623793262546551,2.35039765041967,-0.5992063978395944,0.05113775593329124,0.4009354860815631,0.6910769557051846,1.0,0.10245851085358684,1,274.2469072341919,true,true,344
1788921131284031391,-1.8518382874625192,-1.5985830031878847,2.2913184270565696,-0.6050963901464207,0.06531995575349192,0.4014965010458009,0.6843918626489589,1.0,0.0972269967151261,1,274.44501781463623,true,true,344
1788921131483195543,-1.7795016192863848,-1.530005634283674,2.2462197208984827,-0.5996497171920738,0.07422203872613813,0.41014530710182784,0.6831486900383759,1.0,0.09119242967925524,1,274.6425971984863,true,true,344
1788921131683353186,-1.6798652642233662,-1.4486051983468422,2.17769801412434,-0.5979088295842079,0.07740020873017817,0.40598002797734456,0.6868001573072636,1.0,0.0880998112443396,1,274.85067915916443,true,true,344
1788921131884029865,-1.6010816303625215,-1.3747506595017416,2.0899416393032633,-0.597326483646022,0.06751430669918262,0.4016411678494657,0.6908887483629507,1.0,0.08783462281179792,1,275.03299856185913,true,true,344
1788921132083247185,-1.5116966552778208,-1.2839347672221724,1.99582264552491,-0.5991402766951717,0.05988016423321531,0.4004774600184531,0.6906975450877211,1.0,0.08559202922046075,1,275.2360270023346,true,true,344
1788921132283333540,-1.4012445313947122,-1.1899846076260308,1.911350080600678,-0.596303304680222,0.059464173223857414,0.40446637363617216,0.6908641932593221,1.0,0.0856414388016256,1,275.43625950813293,true,true,344
1788921132484027863,-1.3050062718205422,-1.1043448260542092,1.8330774987170826,-0.5938079480957468,0.05757414807600317,0.4089179742251896,0.6905529875449158,1.0,0.08600965643788788,1,275.63684344291687,true,true,344
1788921132683287859,-1.2162763924898403,-1.0145780883681255,1.7486340860025358,-0.5912804099180936,0.05139898573151534,0.41643901468046024,0.6887119631346839,1.0,0.0835838322683462,1,275.83563709259033,true,true,344
1788921132883352757,-1.1254014120528137,-0.9388246940612546,1.672337908637629,-0.5940946519842513,0.058264928968770925,0.41646578774560417,0.6857207814944862,1.0,0.08476214815341913,1,276.03616189956665,true,true,344
1788921133084063053,-1.051173706991314,-0.8687593309103093,1.6096370099506792,-0.5965700698628321,0.0646950114669578,0.41187001364404197,0.685770952356545,1.0,0.08056075851278481,1,276.2386975288391,true,true,344
1788921133283313990,-0.9942051928829571,-0.802902932034506,1.5635926707919385,-0.5952835777672345,0.06557716210605857,0.40828618162400265,0.6889408477842264,1.0,0.08446992599397667,1,276.447003364563,true,true,344
1788921133483367682,-0.9256012369617446,-0.740559894316051,1.5058987831923498,-0.5979411332032571,0.06691918420281297,0.40051251832257084,0.6910701459881964,1.0,0.08577111385220146,1,276.651070356369,true,true,344
1788921133684060574,-0.8602202251873324,-0.668867558357217,1.441033439641332,-0.5975346219907778,0.052584766349647274,0.3961130504537645,0.6951846295269373,1.0,0.08048468582006997,1,276.8469817638397,true,true,344
1788921133883342743,-0.7751612910256348,-0.589187797714305,1.360149978183678,-0.6008488162175253,0.06231940803719019,0.4016176463560272,0.6883315026695624,1.0,0.07830554817238503,1,277.04670214653015,true,true,344
1788921134083268166,-0.682171882739666,-0.508663731474642,1.2963094188555306,-0.5986083167587624,0.06928452995715671,0.4057246563643993,0.6872082946486074,1.0,0.081163504527004,1,277.2386119365692,true,true,344
1788921134284082890,-0.5919208030026667,-0.4254643225599117,1.2219315326198066,-0.5963460253717082,0.06211102404075257,0.3992745595990586,0.6936090143394569,1.0,0.0780111081059753,1,277.45443868637085,true,true,344
1788921134483358145,-0.49992947802556215,-0.3443571948411779,1.1382475138276988,-0.5964735038207789,0.06351386332852414,0.4059600364784501,0.689479366759633,1.0,0.08373967231993924,1,277.64671754837036,true,true,344
1788921134683288574,-0.414335342930194,-0.2620347181909639,1.0752276456044383,-0.5894364372553225,0.059629778081990846,0.4136009132164809,0.6913344057604377,1.0,0.07857313334769497,1,277.8442437648773,true,true,344
1788921134883277655,-0.32358905857321196,-0.17174033185086254,0.9986242077601677,-0.5927884506214172,0.06116597684277789,0.39991964987645456,0.696365457019102,1.0,0.07876019281653603,1,278.04487895965576,true,true,344
1788921135083298206,-0.25021463506327596,-0.10312386244622981,0.918854143322851,-0.5946592754907071,0.049188643091144894,0.4007902334711956,0.6952179602238601,1.0,0.07618510759254507,1,278.2486870288849,true,true,344
1788921135283373594,-0.17766220048748002,-0.03109754248768503,0.8548351052790559,-0.5962266923933136,0.06071383672755088,0.40951668038638783,0.6878398431269173,1.0,0.07709646077478073,1,278.44271516799927,true,true,344
1788921135483315468,-0.10150182496183206,0.030868361957496565,0.808015025496091,-0.5934258653376335,0.0664163087409522,0.41115627020388745,0.6887562252012939,1.0,0.07555659137731126,1,278.6473500728607,true,true,344
1788921135683361053,-0.0391891263790616,0.09651485239007501,0.75891809354779,-0.5898952272565126,0.05575671103771522,0.40621488851004556,0.6956322838878422,1.0,0.07695444852097572,1,278.84101009368896,true,true,344
1788921135884085655,0.00491853223358311,0.15327545223061037,0.7080301858238635,-0.5881351849637286,0.04367114885077394,0.4106442714140588,0.695385588950872,1.0,0.08256896250258924,1,279.0389437675476,true,true,344
1788921136083299875,0.07307329412192064,0.199263511484151,0.650471677750802,-0.5925825607646545,0.06090609455334297,0.41133571311275224,0.68988353179496,1.0,0.07542066215926764,1,279.24020624160767,true,true,344
1788921136283331871,0.1114514790452292,0.23634306033877614,0.6310581454717956,-0.5911087718877467,0.06242271114194518,0.4083560763547027,0.6927763995945888,1.0,0.07718124244263083,1,279.43594694137573,true,true,344
1788921136483314991,0.13492011293248019,0.2615478366380561,0.6100566035316028,-0.5781730540334286,0.03701460174388722,0.4285064876172183,0.6933455335670335,0.999384236453202,0.0955519912450638,1,279.6425929069519,true,true,344
1788921136683316469,0.12292389805142487,0.2905603984528093,0.5990360076445126,-0.5780910397802064,0.030894462253210724,0.43189884843782816,0.6916065837208337,1.0,0.08333374621114881,1,279.84632110595703,true,true,344
1788921136884209871,0.13938299311246977,0.284269246118172,0.5804815760865853,-0.5906140550579387,0.04819509566471919,0.41758973126701826,0.6888186169538587,1.0,0.07561231013976134,1,280.04110455513,true,true,344
1788921137083395958,0.1629725496401648,0.28451589632031027,0.5640792140149796,-0.5938949641914784,0.05595069878337305,0.41217253815065763,0.688674153434046,1.0,0.0740127311167402,1,280.25476360321045,true,true,344
1788921137283377409,0.19480168718796986,0.30485485630763126,0.5482784244144977,-0.5969814213126965,0.06993528467006432,0.4040093495174171,0.6895641261464406,0.9993932038834952,0.07684701942828603,1,280.4413392543793,true,true,344
1788921137483304739,0.2640962278830288,0.38237638926149403,0.49862465585075566,-0.5944275196245183,0.07003043025160774,0.4053360868361302,0.6909806939851438,1.0,0.07913577737907457,1,280.66524291038513,true,true,344
1788921137683462620,0.3269734413431674,0.44087019278413686,0.43802348872249985,-0.5890048080677055,0.05534745794192054,0.4143130325233952,0.6916319151497863,1.0,0.07818655792622302,1,280.8863170146942,true,true,344
1788921137883461952,0.38117648834067575,0.49630151505313547,0.3801585889521992,-0.5911677187032786,0.05495783017168165,0.42053864945110736,0.6860376152834633,1.0,0.0769976745984585,1,281.051718711853,true,true,344
1788921138083339453,0.44587550687064986,0.5511508360420168,0.32753066927383256,-0.5885787502901227,0.061726943496988644,0.42539618019850295,0.6846918496856524,1.0,0.0779680792448317,1,281.24260687828064,true,true,344
1788921138283400297,0.500330571276124,0.5803979863276434,0.2900553723962594,-0.5873847517857497,0.06222833641059135,0.4228123982617281,0.687267388571093,1.0,0.0872742284966143,1,281.44095373153687,true,true,344
1788921138484204054,0.49338237911145066,0.5985962896986188,0.27487961879221906,-0.5762475309122711,0.03633457773272439,0.4406497204239279,0.6873473688527588,1.0,0.09237571132765367,1,281.639417886734,true,true,344
1788921138683446169,0.5054476636826502,0.6112559819111452,0.2508763360644042,-0.5848383480283681,0.043618821400399396,0.43385079708029756,0.6839846423479696,1.0,0.08239600105835983,1,281.8528459072113,true,true,344
1788921138884136200,0.49987909283270615,0.6375571752891235,0.25694972286394935,-0.5954999179496968,0.05751134283834694,0.42072308226258187,0.6819562898150491,1.0,0.07737777424902728,1,282.0428292751312,true,true,344
1788921139083340645,0.4997440545824922,0.6277282499267898,0.2556808077270483,-0.5982749720969562,0.06149159902475334,0.41449536103547374,0.6829929990064597,1.0,0.07716777681030024,1,282.24650979042053,true,true,344
1788921139283450603,0.5045131370052409,0.629120084512051,0.2444751688850958,-0.5983640089829002,0.05938306017279048,0.4156607169215779,0.6823930929652399,1.0,0.07557597774073636,1,282.446236371994,true,true,344
1788921139483368158,0.4970932640209741,0.6320075178834086,0.2455662492053065,-0.5989370795722567,0.053420502220675965,0.419036534135375,0.6803153737170429,1.0,0.07327683349189623,1,282.654767036438,true,true,344
1788921139684185266,0.5016250451620119,0.6513398589130713,0.24916779165543304,-0.6008102943267614,0.06427757844942186,0.414626364111489,0.6804266024512532,1.0,0.0734302036513543,1,282.84494829177856,true,true,344
1788921139883409739,0.5282220021603171,0.6498120582498267,0.23616084517748778,-0.5975669656708209,0.06534057197532134,0.4159707067753581,0.6823581920792885,1.0,0.07440995749736179,1,283.04277777671814,true,true,344
1788921140083484173,0.5386586205787068,0.6766614194858097,0.21477944089167003,-0.5943779303564658,0.05063420521106587,0.4265602319605978,0.6798510290332205,1.0,0.07878910658186636,1,283.24241280555725,true,true,344
1788921140284181595,0.5708916242510997,0.6993326357645693,0.18380718777451827,-0.6027561442768323,0.06696920498877369,0.41470956782013535,0.6783923131036604,1.0,0.07667789929272811,1,283.4443757534027,true,true,344
1788921140483409882,0.6119530128265973,0.7204476143988287,0.15640411122425055,-0.594588509731225,0.059700410907591206,0.4239322469919437,0.6805746211793587,1.0,0.0795609385594652,1,283.6404299736023,true,true,344
1788921140683362961,0.6174183563722517,0.7216787558885321,0.13803975717869524,-0.5839267930430403,0.03516530555161702,0.44234319458105686,0.6797980581465035,0.9992917847025495,0.07423025860008864,1,283.8466594219208,true,true,344
1788921140884187460,0.6320687517676752,0.7080688036041369,0.11483047907644345,-0.597060083442246,0.07327070344048607,0.4870344926421117,0.6332045986520586,1.0,0.11155053228235712,1,284.0387849807739,true,true,344
1788921141083391190,0.6171943492581708,0.7232045075955833,0.14816614057711208,-0.5980864213269509,0.15882630564495606,0.5605907797220152,0.5502770347290157,1.0,0.10463310604275247,1,284.23273229599,true,true,344
1788921141283489466,0.6175467811577707,0.7183852428080076,0.16304278392639435,-0.5865457346658198,0.24459939643747924,0.6239550064201408,0.4547695970169908,1.0,0.09643026872025459,1,284.4355192184448,true,true,344
1788921141484204769,0.6181485930999997,0.7156514218048409,0.18005549862741485,-0.5464073452312751,0.3131976237150173,0.692292559553763,0.35224604123123376,1.0,0.09487128138761058,1,284.6470265388489,true,true,344
1788921141683455467,0.6148315745757534,0.7222320765612761,0.20261070467803421,-0.49042843642059825,0.37338079655611545,0.7477949392615423,0.24671736527450847,1.0,0.09478175852550957,1,284.83789563179016,true,true,344
1788921141883406401,0.6200237728828414,0.7308674025254833,0.19504621865018562,-0.4328837029052553,0.42557557269956114,0.7819571204135356,0.141563390447699,1.0,0.09562613972987083,1,285.04261302948,true,true,344
1788921142083395243,0.6341797366747316,0.7244501538723842,0.19609885004641725,-0.36497458938679583,0.46181741569357343,0.8063451087659673,0.05766965608750228,1.0,0.09858519262241965,1,285.25058007240295,true,true,344
1788921142284265995,0.6454880275648862,0.7157864167781888,0.1853384565853708,-0.3645412714748048,0.4663930906679051,0.8043731126855992,0.0507054430732396,1.0,0.07761408746004685,1,285.44433307647705,true,true,344
1788921142483525991,0.6295344541169535,0.7335840778029026,0.18722927317001342,-0.39524161495566895,0.4488406025830624,0.7958647600554944,0.0944746684668414,1.0,0.08325586396188644,1,285.65587282180786,true,true,344
1788921142683388948,0.6178014539108166,0.7468704488609276,0.18275476498876544,-0.4619955518182935,0.4102140613656371,0.7657905709482953,0.1784638209965947,1.0,0.0842600603333375,1,285.8388330936432,true,true,344
1788921142883375168,0.6349853347229384,0.7210361869904468,0.17405684275229139,-0.4661154405590619,0.39240115487302607,0.755785901910369,0.23988622344827942,1.0,0.07683025749741866,1,286.0355920791626,true,true,344
1788921143083431721,0.6421924034362392,0.7216617566443639,0.1765481518992516,-0.4605064707894189,0.39219897318172187,0.759694825060443,0.2386996618612203,1.0,0.07774580532992866,1,286.247150182724,true,true,344
1788921143284182549,0.6477396553108208,0.7175497561498934,0.17830155261049543,-0.4396102374044954,0.4144621626507921,0.7739964631160977,0.18945561481192316,1.0,0.08277615793255641,1,286.43877482414246,true,true,344
1788921143483457565,0.6438768193899204,0.7215984801863538,0.18801743629944606,-0.435955237260463,0.413700975171562,0.7772969573346009,0.18602143523165546,0.9991431019708654,0.10561782664441825,1,286.64793610572815,true,true,344
1788921143683439016,0.6494106781698306,0.7075922826195776,0.1839411801465759,-0.4368247434237319,0.41606710794693075,0.776397205069666,0.1824272051462727,1.0,0.09186393725231091,1,286.84254479408264,true,true,344
1788921143883394480,0.6499193655514619,0.7069986249049616,0.1931990107929394,-0.4278926306277015,0.4195372972928854,0.7811475962803798,0.17522781074952784,1.0,0.09100182429287486,1,287.0424859523773,true,true,344
1788921144083470583,0.6453386926822458,0.7181587115177295,0.21246077926914445,-0.399156420873015,0.4395603985019329,0.7959977707755046,0.11767904089129393,0.999124343257443,0.07829627812898213,1,287.24593782424927,true,true,344
1788921144283515215,0.6575602394714857,0.7100489259332096,0.20138174533780492,-0.39969901931556673,0.4423263989692042,0.7941296134990915,0.11809406291975799,0.9991554054054054,0.07684412531453992,1,287.44260573387146,true,true,344
1788921144483523130,0.6595961022175371,0.7271276650285063,0.1899213313718243,-0.4072265703040198,0.44344201429323166,0.7905658249091171,0.11194363261818638,1.0,0.07535485604689618,1,287.6398103237152,true,true,344
1788921144683494329,0.6518428612358195,0.7177397943319693,0.19055785676061834,-0.4165467829402945,0.43734442292345793,0.7871105641691911,0.12520220897850762,1.0,0.07747234227430307,1,287.83426547050476,true,true,344
1788921144884218216,0.6487696664307181,0.7261430170220942,0.19080965707837652,-0.4536510576375143,0.41707879371475043,0.7678791041643613,0.17495050478793334,1.0,0.078103587110655,1,288.0389575958252,true,true,344
1788921145083413839,0.6612558865628756,0.7235409689668996,0.18542655814482495,-0.43799095921436676,0.41945039878945517,0.7733299099989621,0.18489492395099683,1.0,0.07242420217880846,1,288.23690843582153,true,true,344
1788921145283521175,0.6586753288663431,0.7150580074081112,0.1971691150941711,-0.43600285540438444,0.4179101836829738,0.7761429751657221,0.18125857373980914,1.0,0.07159598441857438,1,288.434565782547,true,true,344
1788921145484232187,0.6621399895292988,0.7301005548496201,0.19756749618748076,-0.44170017612192874,0.4175033132439783,0.7748002909018392,0.17400128465785777,1.0,0.07301857195151104,1,288.6376075744629,true,true,344
1788921145683476210,0.6551003615658016,0.7291033746984368,0.22029660197096465,-0.4394095973275988,0.4187605515802868,0.7750099423263896,0.17583627473254687,1.0,0.07136479574792694,1,288.8467814922333,true,true,344
1788921145883314133,0.659614696406228,0.7152840160718351,0.21999796186912904,-0.43618818005925464,0.41957019095341164,0.7768267956103143,0.17389898234816106,1.0,0.07129924192460302,1,289.03966903686523,true,true,344
1788921146083542109,0.6669376231676614,0.7275475206528683,0.2196593084958376,-0.43600527403379485,0.4196106887569553,0.7769865092158791,0.17354606129830094,1.0,0.07069628934676501,1,289.2426826953888,true,true,344
1788921146283523798,0.6645417506755226,0.7264214744887009,0.219169532348808,-0.43502735167980583,0.4185573494258657,0.7778894194210213,0.17449641739839972,1.0,0.06972789398562552,1,289.4394221305847,true,true,344
1788921146483324528,0.6661290594047269,0.7203370289842251,0.21987396877208398,-0.4342598283064256,0.41834883904425013,0.7779134456164871,0.17678608972056714,1.0,0.0690246750291303,1,289.6468689441681,true,true,344
1788921146683531284,0.6664463014531272,0.7187359944423151,0.2193449387219655,-0.4357888117097029,0.4194468077898796,0.776788716399587,0.17536184618613151,1.0,0.07076445071500223,1,289.8490810394287,true,true,344
1788921146883255243,0.6636572134259727,0.7244451518921865,0.21972587280518166,-0.43490061633303806,0.4191258107020214,0.77757696360789,0.1748401395070742,1.0,0.07216600820239014,1,290.0465922355652,true,true,344
1788921147083497763,0.6667272438265789,0.7225377617198868,0.22029805813811956,-0.4364930657158362,0.4196744680300786,0.7764853478375666,0.17440656254635675,1.0,0.06729963881836384,1,290.2547073364258,true,true,344
1788921147283614397,0.6657617217404624,0.7235309748749976,0.2170493183741177,-0.4353727115621557,0.41834954001735786,0.777790754908837,0.174573210924885,1.0,0.06879901899548355,1,290.43870854377747,true,true,344
1788921147483292818,0.6644616095979395,0.7235890301459644,0.22092797107894743,-0.4358491002853814,0.41875316325672174,0.7772796718136041,0.17469305031468926,1.0,0.06523447849934112,1,290.6387894153595,true,true,344
1788921147683470488,0.6608430922220406,0.7196975356825164,0.21921975114577982,-0.4348649681715061,0.41908748629406833,0.7775224817050106,0.1752624567104904,1.0,0.06612561652228448,1,290.8388583660126,true,true,344
1788921147883567810,0.6645309747753638,0.7189466205049897,0.21968529123391517,-0.4354592077166303,0.4202962807849836,0.7763072763098096,0.17627628178958443,1.0,0.06788344198409191,1,291.0547573566437,true,true,344
1788921148083603144,0.6605351959060504,0.719777732466415,0.21927154054410708,-0.4351859505207545,0.4194362374884757,0.7769801947370635,0.17603467879146506,1.0,0.06667492309180786,1,291.25001883506775,true,true,344
1788921148283487797,0.6553410456084433,0.7281623947602134,0.21710744943273733,-0.434979270155991,0.41836653083065745,0.777583076781619,0.17642856661582199,1.0,0.06949863186225246,1,291.4465401172638,true,true,344
1788921148483570576,0.6575164874237598,0.7203697354666518,0.22120715835004734,-0.4340213118986843,0.41817662018077284,0.7778431232817186,0.1780839428900661,1.0,0.07153282858771914,1,291.65127873420715,true,true,344
1788921148683297873,0.6615228123582988,0.7205378450526764,0.21723358967755577,-0.43580387832256184,0.41897113515720535,0.7765908400369927,0.17732691480633958,1.0,0.06962818004934399,1,291.8500440120697,true,true,344
1788921148883548737,0.658157862457107,0.7305638838803699,0.22162828720116076,-0.4365617722317334,0.4176567406127771,0.7770830225046239,0.17640476802421884,1.0,0.06833140281980198,1,292.0527091026306,true,true,344
1788921149083649874,0.6617647122528708,0.7157722894357081,0.21915478914103342,-0.4359011753963426,0.4197181349318847,0.7762037592166205,0.17701575261929187,1.0,0.0691723454071593,1,292.2361981868744,true,true,344
1788921149283275604,0.656649724173943,0.7254391752734474,0.21758692145284447,-0.43605526362639374,0.4185919075209956,0.7769202363755495,0.17615779384350633,1.0,0.06957430079446433,1,292.46044921875,true,true,344
1788921149483578682,0.6562263169903901,0.7140152648206641,0.21703434044686182,-0.43533808597619256,0.41929137594131705,0.7766258324877633,0.17756071995943068,0.9991039426523297,0.06866266280239255,1,292.64931321144104,true,true,344
1788921149683517694,0.6562847935512588,0.7147474368086395,0.2189124683996224,-0.4342237819086685,0.41992041997978113,0.776956870977028,0.1773543592656344,0.9862068965517241,0.08623718362000614,1,292.8549180030823,true,true,344
1788921149884322166,0.6564971912663307,0.7165563289303244,0.21723033015617998,-0.4383565118974679,0.41950734339307216,0.775239774054532,0.1756714263625446,1.0,0.06932980056157108,1,293.05013513565063,true,true,344
1788921150083627462,0.6589759945014318,0.7126283000142679,0.21557105028456103,-0.43594709893185735,0.4189985875883253,0.7763719335154816,0.17786773563892688,1.0,0.07309765209912798,1,293.24872279167175,true,true,344
1788921150283516169,0.6534434737956085,0.7151107825669076,0.22228512834436615,-0.43668276207806406,0.4192120148370089,0.7760212378501218,0.17708893338019005,1.0,0.07775800252682598,1,293.45750522613525,true,true,344
1788921150483513832,0.6529142305157506,0.7121971542884509,0.2208064808220643,-0.43668889217669,0.41927702644666165,0.7759560208585776,0.17720564391932778,1.0,0.0771433607278596,1,293.6625106334686,true,true,344
1788921150683522224,0.6498656062178998,0.7133325997227044,0.2226117648939596,-0.43538933049770184,0.41852913460477037,0.7767378104735693,0.1787396658732224,1.0,0.08194340582572669,1,293.84668731689453,true,true,344
1788921150883643866,0.6559699099324724,0.7129031092657613,0.2199638142825748,-0.4355130039504243,0.4195871215293316,0.7762730838542745,0.17797519523850128,0.9992006394884093,0.08053149666494712,1,294.04983353614807,true,true,344
1788921151083533049,0.6558102754189279,0.7160844857343686,0.2173114070455253,-0.437584653261624,0.4190183629867019,0.7757492718655981,0.1765116140933609,1.0,0.08407985586499414,1,294.2451844215393,true,true,344
1788921151283591509,0.6513671060258716,0.7208035777818248,0.22131163589145345,-0.43689367090785497,0.41943572524058,0.7758643161616162,0.17672621656006784,1.0,0.08768243005266069,1,294.4507577419281,true,true,344
1788921151483590364,0.6573545871806183,0.7154398415553669,0.212751331072875,-0.43616354912110394,0.4190264105241743,0.7761512475290274,0.1782343027041738,1.0,0.07336761044634908,1,294.65462589263916,true,true,344
1788921151683700800,0.6661005024145887,0.7073467782812914,0.20795214864204434,-0.42789499195353214,0.4279092154349032,0.7771141505075997,0.1728964322588067,1.0,0.07595711777333894,1,294.8460388183594,true,true,344
1788921151883607626,0.6635189713235261,0.718081707091408,0.20891098163581925,-0.4132415012003791,0.4306521134135946,0.783321929470099,0.1737152086298237,0.9965156794425087,0.09260853615019231,1,295.03905630111694,true,true,344
1788921152083583832,0.6674242142271842,0.7251306613956358,0.20573275940878166,-0.39376339466538507,0.4317877512274906,0.7924429626124194,0.1747680689300844,0.9921414538310412,0.12135332303522489,1,295.2329921722412,true,true,344
1788921152283717155,0.6663431222295132,0.723136400059486,0.20771682245804085,-0.3826742675511355,0.4325468815783052,0.7979815993197047,0.17230486742472387,1.0,0.09327850220714898,1,295.449254989624,true,true,344
1788921152483545780,0.6750272696235442,0.7242178323767244,0.2073181322212902,-0.38330355724220344,0.43344135112266013,0.7974893576477815,0.1709318653176303,1.0,0.08291054906066632,1,295.65256357192993,true,true,344
1788921152683690310,0.6798252782032984,0.7229056669471761,0.21686259555197238,-0.3930361350317822,0.4357479049112519,0.7923270449247399,0.16692577334121364,1.0,0.08020684987089848,1,295.8429911136627,true,true,344
1788921152883353710,0.6832799728446466,0.7237900944190301,0.2253549413237746,-0.4053462680839851,0.4344354847825642,0.787622599957878,0.16312833152986317,1.0,0.07908007684703022,1,296.03354239463806,true,true,344
1788921153083619118,0.6917635563780326,0.7255312756547038,0.23732371710424896,-0.4038255396606862,0.43626714786037524,0.7873930104976254,0.16312006692928785,1.0,0.07673172112293987,1,296.25000739097595,true,true,344
1788921153283345222,0.6975629792839985,0.725012816323803,0.24402963284570756,-0.3996209226683009,0.4362992824058683,0.7892169969847209,0.16456787659892533,0.9993819530284301,0.0742209514071161,1,296.43255829811096,true,true,344
1788921153483566761,0.6980999141204246,0.727146830073535,0.24977730527652842,-0.3952535451487833,0.4352440666739808,0.792188595897758,0.163629049994042,1.0,0.07341966665969266,1,296.6529951095581,true,true,344
1788921153683586121,0.7062843533446496,0.7262764006497529,0.24682462027703875,-0.393282225810036,0.4357912492454708,0.7925273130668059,0.16527412376438305,1.0,0.07397394747905425,1,296.90921807289124,true,true,344
1788921153883689642,0.7074632040157075,0.729889259240712,0.25591039462588683,-0.39126243093852225,0.4346626269929429,0.7940311930412713,0.16582091336477178,1.0,0.07309516289421852,1,297.038777589798,true,true,344
1788921154083742857,0.7171148370254028,0.7338806774554119,0.2593072762521433,-0.3882271339463813,0.4356140703131821,0.795254777945846,0.1645901344773237,1.0,0.07556147986404958,1,297.24203991889954,true,true,344
1788921154283605337,0.71817289818019,0.7264072996315016,0.2748289966039075,-0.385384739588179,0.437044456366242,0.7965712198091058,0.1610746330864071,1.0,0.0712407515336613,1,297.4417200088501,true,true,344
1788921154483719110,0.7234386051398151,0.7240761788263533,0.2818316075894,-0.38067081628104393,0.443487535642074,0.7982499247735761,0.14562140282603814,1.0,0.07224708441175379,1,297.65157747268677,true,true,344
1788921154683400393,0.7289341461920257,0.7279500290974815,0.28372841293644824,-0.37679438460099507,0.45041189263680625,0.7985884011218156,0.1319533413680347,1.0,0.07249906289698117,1,297.83846068382263,true,true,344
1788921154883635521,0.7327605820647308,0.7260870004506399,0.2891408572726613,-0.372216121404141,0.45181022817384775,0.800442615772822,0.128896452779412,1.0,0.07257546970196212,1,298.0352087020874,true,true,344
1788921155083357811,0.7334974306233963,0.7347563835100246,0.2976527893809191,-0.37114132826998514,0.4510106634982502,0.80144809809171,0.12854743064736585,1.0,0.07177489919097046,1,298.2482862472534,true,true,344
1788921155283537626,0.7388687584654247,0.7313299858443901,0.3005120713801555,-0.36766332512826433,0.45053771172876766,0.8031138014198339,0.12979858102004488,1.0,0.07067783171689931,1,298.4381787776947,true,true,344
1788921155483637571,0.7470791766821843,0.737342952570188,0.3033076274857635,-0.36443345896137114,0.45136880436353577,0.8045927997879716,0.12682619195669026,1.0,0.0717264746469668,1,298.6596004962921,true,true,344
1788921155683380365,0.751028348993444,0.7436950463351547,0.3086856160390704,-0.3631047665680337,0.4528599435932827,0.8048651811247832,0.12355096194377477,1.0,0.07233467330088975,1,298.8539752960205,true,true,344
1788921155883445263,0.7573533526831455,0.7395823208499176,0.3138213386465866,-0.3646150818523483,0.4536282411785676,0.8041761446183582,0.12073934453109338,1.0,0.06856580518876461,1,299.03469681739807,true,true,344
1788921156083636045,0.7664186697562859,0.7493599680482256,0.31986576987634324,-0.36323351277143184,0.45501718141409536,0.8046314064780888,0.11657220735145496,1.0,0.07172428981964626,1,299.2440321445465,true,true,344
1788921156283713341,0.7684574736410203,0.7469151355264333,0.3259946822502561,-0.36216222737190545,0.4596227256486441,0.8042666005055416,0.1036373795673685,1.0,0.0743337081537828,1,299.43866634368896,true,true,344
1788921156483455181,0.7707095334239454,0.7497867473294016,0.3304150211514423,-0.3676414346175127,0.4657112040088233,0.799972824396684,0.08942220216378241,1.0,0.07453361467946283,1,299.6434862613678,true,true,344
1788921156683681726,0.7785910858911337,0.7425448726342444,0.3264335834639806,-0.36460170428674726,0.4690970017836083,0.8000060727540225,0.0836892090147425,1.0,0.07387975682555563,1,299.841849565506,true,true,344
1788921156883406878,0.7782195863703202,0.7432748676588032,0.32428721374220276,-0.3575212037009361,0.46998856716973053,0.8027928306068605,0.08254093990378966,1.0,0.07171253023011351,1,300.03864097595215,true,true,344
1788921157083616018,0.771924453991278,0.744597321903152,0.31957662052619074,-0.35443757848818136,0.4717168044882434,0.8035534637303213,0.078479871596715,1.0,0.07096969374748537,1,300.23488569259644,true,true,344
1788921157283643246,0.7653528846692874,0.7430019093030789,0.31542819484615625,-0.35121883630699746,0.47491080403618996,0.8034926382529812,0.07419324434287061,1.0,0.07101108232353517,1,300.4359567165375,true,true,344
1788921157483426571,0.7606707582721123,0.743309289473507,0.3074344188212676,-0.34554952767915315,0.47855112353367646,0.8045939585064792,0.06490691812313211,1.0,0.07272958611391238,1,300.63667941093445,true,true,344
1788921157683653593,0.7536323721883806,0.7441118149399099,0.3014751484906755,-0.3462192211439121,0.4805548377744716,0.8036960649622048,0.057200821378023556,1.0,0.06927999183491082,1,300.8333020210266,true,true,344
1788921157883606195,0.7416941499349065,0.7373919784633374,0.2924066080261711,-0.34488782339175295,0.48332111981293546,0.8030756858715197,0.05022476660828383,1.0,0.0696500024979113,1,301.05499815940857,true,true,344
1788921158083450794,0.7293932726490162,0.7390143733362289,0.2860795665868039,-0.3422091158519496,0.48680633529865364,0.802660346679212,0.04060641340636003,1.0,0.07213818866825406,1,301.2438337802887,true,true,344
1788921158283617020,0.7146292856496202,0.7343388704397071,0.27513965215445596,-0.3396561158813423,0.48872188554897167,0.8028971578433337,0.03377566367896066,1.0,0.07170146261821518,1,301.4466588497162,true,true,344
1788921158483009338,0.697045592751511,0.7272549709069926,0.26021011742750705,-0.3397351283499705,0.49075981779725886,0.8019012659508823,0.02625268494844989,1.0,0.07366090400445136,1,301.6505765914917,true,true,344
1788921158683795214,0.6770244599257143,0.7220911628558159,0.2291079095143987,-0.35015340867636335,0.4870205772559522,0.7994643249940079,0.03256287431228713,1.0,0.1005120106686934,1,301.8368933200836,true,true,344
1788921158883465290,0.663332244085084,0.7155437692308865,0.19710554032394237,-0.3759694767761693,0.45931131394520064,0.7964695723407959,0.11539622935718347,1.0,0.12017211962049723,1,302.05440187454224,true,true,344
1788921159083650351,0.6353115659208861,0.6963941767088285,0.18808178251666458,-0.4219482474652115,0.4189857625949505,0.7771825140143163,0.20590761791189427,1.0,0.09875555556680903,1,302.2484219074249,true,true,344
1788921159283558130,0.6189796617498944,0.7180821867615987,0.19864720111326864,-0.4487970126604003,0.39826194736630444,0.7583428553813761,0.2547249033744435,1.0,0.08197134497900051,1,302.4484465122223,true,true,344
1788921159483486652,0.595853982135497,0.7156116193017676,0.19751140250750032,-0.4516656670735495,0.39381477124375597,0.7595221481660888,0.25304971365801343,1.0,0.07709592566394077,1,302.64260387420654,true,true,344
1788921159683759212,0.5800572531593733,0.7151840014158939,0.17636921996209912,-0.4435987401550093,0.40723077973376787,0.7673528877203232,0.2203469888099131,1.0,0.07734182061511538,1,302.83943581581116,true,true,344
1788921159883431196,0.5603456821875452,0.7137332167383442,0.14456013056628428,-0.4380354041739567,0.4148891888561534,0.7706533519790073,0.20514715875185996,1.0,0.07058705100843086,1,303.0475676059723,true,true,344
1788921160083646297,0.5418976123695048,0.7137168660562904,0.12096248066248703,-0.43153021255117696,0.41590517510231856,0.7754111555259647,0.1988519571554004,1.0,0.07149256241599605,1,303.23815393447876,true,true,344
1788921160283475399,0.5268365043075228,0.7250838468451747,0.10909692924747202,-0.4194118573836542,0.4146482933582441,0.7823972571594221,0.20003754320252226,1.0,0.08362549336444744,1,303.5052046775818,true,true,344
1788921160483472109,0.5241991483718105,0.7154886426257715,0.08168046732249479,-0.4184338734072024,0.4178993598734649,0.7826632399838637,0.1941944164510249,1.0,0.07732638579974724,1,303.6466088294983,true,true,344
1788921160683584213,0.5161010977311756,0.7100438493757247,0.06455650878458363,-0.41909526935803165,0.4218916535879904,0.7811403210099641,0.19022719765312066,1.0,0.07431465838891091,1,303.83729553222656,true,true,344
1788921160882999182,0.5059781962047872,0.7142763501323615,0.05323673476725402,-0.422398772232607,0.4236350365645202,0.7799902998575815,0.18365120511296218,1.0,0.07270322146754356,1,304.0343005657196,true,true,344
1788921161083579063,0.49575015161163244,0.7172491191563181,0.04257129154689193,-0.42421497929100993,0.42672816082867554,0.7790443429260496,0.1761665117320062,1.0,0.07217504108515282,1,304.2397081851959,true,true,344
1788921161283519506,0.48494318047377066,0.7184431529177957,0.02594523905990091,-0.4267343208340043,0.4279688107591822,0.7780948658647603,0.17119841165914063,1.0,0.07098730253933228,1,304.4391553401947,true,true,344
1788921161483766079,0.4700896632733579,0.7205461965698472,0.010279296133747085,-0.42483235777471984,0.4320034911097266,0.7781520951829348,0.16543810993537442,1.0,0.07183609690942651,1,304.6394855976105,true,true,344
1788921161683464289,0.45457844845086764,0.7213189799295202,-0.01118196920700535,-0.4170427645077228,0.4342533623048045,0.7820754599559226,0.1608021294431757,1.0,0.07215972242126237,1,304.8325626850128,true,true,344
1788921161883655071,0.43954409665419875,0.7146558955212409,-0.0331738210351728,-0.4070692154473532,0.43743453515053493,0.7859382075600873,0.15889246423272832,1.0,0.07092987105450184,1,305.03416657447815,true,true,344
1788921162083536386,0.4151203795770416,0.7135807727020068,-0.05634960206583329,-0.4020805260053817,0.4421660469124336,0.7886699857710983,0.1442916875945479,1.0,0.07190434260469163,1,305.2357406616211,true,true,344
1788921162283496141,0.40322130343331203,0.7076444348710097,-0.0728713895196881,-0.3722231405417306,0.4549738772031092,0.8017712938990915,0.10775665634844875,1.0,0.0779523736665143,1,305.44384002685547,true,true,344
1788921162483099461,0.3897449690850093,0.7169365525696797,-0.08404165542089857,-0.3595440318149754,0.46275644438319696,0.8047729797557347,0.09447228918116125,1.0,0.07479470846095335,1,305.6428642272949,true,true,344
1788921162683774233,0.3796847088501263,0.716815643620811,-0.1006534905282723,-0.3633648491219534,0.46507434917378465,0.8022026295066542,0.09023733914389459,1.0,0.07199044972820047,1,305.845671415329,true,true,344
1788921162883649826,0.3713366697089322,0.7091857934743477,-0.10430583184044002,-0.3656054791698273,0.46625717382748855,0.8008729156150485,0.08683003218734683,1.0,0.0746589143108982,1,306.04269218444824,true,true,344
1788921163082973480,0.3651763329882958,0.7160992719014035,-0.11519991543205262,-0.36996664841113236,0.4672598611874855,0.7987497554664597,0.0824119489440473,1.0,0.07274267303724988,1,306.23988103866577,true,true,344
1788921163283492804,0.3543750211168126,0.7086316690211484,-0.12927088595818734,-0.375758412246579,0.4680089549192748,0.7958760661013925,0.07971525041213723,1.0,0.06996683088319255,1,306.44311904907227,true,true,344
1788921163483149052,0.33785221276575184,0.7059179669327592,-0.13687713560576578,-0.3759203146325044,0.4693499809857207,0.7955082820389646,0.07457268670711438,1.0,0.07077876324329682,1,306.65472078323364,true,true,344
1788921163683763027,0.321741511041508,0.6968704440258753,-0.15532893421692132,-0.371320231705121,0.4729702996501473,0.7961417023231824,0.06766661656422858,1.0,0.06994760228361856,1,306.8472988605499,true,true,344
1788921163883508682,0.297569558777763,0.7008350629466582,-0.1713274214943766,-0.3650580545620016,0.4744031444469009,0.7983841391991153,0.06524599308453331,1.0,0.07130357296944695,1,307.0546452999115,true,true,344
1788921164083875179,0.27283017105651813,0.6804617860946769,-0.18799852368181266,-0.356629846470685,0.4722129222527425,0.8029836097795097,0.07104527492584319,1.0,0.07406859710580406,1,307.24286699295044,true,true,344
1788921164283020735,0.24576435419752252,0.6815918035355709,-0.204164248169339,-0.3516312328884758,0.4688814107332601,0.8070112642783934,0.07237760740661964,1.0,0.07152735188145733,1,307.44514870643616,true,true,344
1788921164483526945,0.21067727915431317,0.6896888225212007,-0.22362956377120272,-0.3829893816166416,0.4564832677548182,0.7964495179761,0.1030064325390565,1.0,0.07747569863587829,1,307.65066146850586,true,true,344
1788921164683677912,0.2061529766956866,0.6722490322805573,-0.2505060088750886,-0.39616566177882,0.450019944234346,0.7899784282572991,0.12833121641593095,1.0,0.07055367334810483,1,307.839182138443,true,true,344
1788921164883020878,0.1842241288617642,0.6715919341815104,-0.2684919589814074,-0.3972925218029932,0.448775675806195,0.7900895457926225,0.12852063862788035,0.9990875912408759,0.06920771573041347,1,308.0334334373474,true,true,344
1788921165083841801,0.1649034453163088,0.6614951971350826,-0.28986279033539597,-0.3945611416046137,0.4467284906202029,0.7922592485410797,0.1306921738474909,1.0,0.07023568220069254,1,308.23612689971924,true,true,344
1788921165283516169,0.1432933978261418,0.6602783025540749,-0.31014391843669553,-0.39236682718117777,0.44599006953033543,0.7934265768474572,0.13272301217282592,1.0,0.07203575538954798,1,308.4354474544525,true,true,344
1788921165483678818,0.11726879562495277,0.6573525863449312,-0.3331014292534043,-0.39538646039483144,0.44554241711423953,0.7926310983810322,0.1299901664270243,1.0,0.07179566283146868,1,308.6375641822815,true,true,344
1788921165683647394,0.10143843573350521,0.6543516555585213,-0.35436581480140283,-0.39101929248726125,0.4449607229597697,0.7948828101759248,0.13143510190472588,1.0,0.07196946267558307,1,308.8401846885681,true,true,344
1788921165883544922,0.07474463908568778,0.657458271039144,-0.3713140394659129,-0.39354101229718125,0.4467027479749822,0.7932495617380636,0.12781728910472154,1.0,0.06977679149443496,1,309.0390374660492,true,true,344
1788921166083093643,0.0617081427333679,0.6487442854079832,-0.39962570613318954,-0.3985805044585613,0.447695422221586,0.7907353815638399,0.12425758218508733,1.0,0.0722045836816304,1,309.23444628715515,true,true,344
1788921166283557892,0.0402074571287898,0.6418545316927425,-0.41679091811477453,-0.39407985911738375,0.4502114999659636,0.7917767714913808,0.12288292828178374,1.0,0.07113296764433046,1,309.4411635398865,true,true,344
1788921166483667612,0.017938383345925353,0.6486799628681004,-0.4356724815280011,-0.3965541086093282,0.4506768829872742,0.7906494640020947,0.12045169637301201,1.0,0.07429330525405628,1,309.6376941204071,true,true,344
1788921166682980537,-0.004565944914347328,0.6339210052962224,-0.473801630788599,-0.3995392694183233,0.45167282714281853,0.7891585565415499,0.11657101719871639,1.0,0.07113573086824403,1,309.849472284317,true,true,344
1788921166883611917,-0.028213706404860584,0.6246307628475595,-0.5003300974765781,-0.39154493097628873,0.4527496313669738,0.7924155253329874,0.11742220205348017,1.0,0.07206185662575973,1,310.0426547527313,true,true,344
1788921167083611250,-0.05231210101676697,0.6236008799281884,-0.5208790005167115,-0.37949797982228195,0.45069417147674173,0.7987361806230469,0.12196950795755356,1.0,0.07650746314607527,1,310.2470645904541,true,true,344
1788921167283694029,-0.0884622084958234,0.624048276131529,-0.5408434059383198,-0.38305910607276755,0.4533402583801001,0.7963671955714162,0.11639424901735396,1.0,0.07899528890473255,1,310.44711661338806,true,true,344
1788921167483055353,-0.11172427735317421,0.6178253516966556,-0.5759040002340892,-0.3915669785428919,0.4537099883581386,0.7927728923945828,0.11105714233301318,1.0,0.0870897615523907,1,310.6604392528534,true,true,344
1788921167683640003,-0.13871391179557724,0.611308825902843,-0.6018472409708076,-0.38968592061053203,0.4544366788239141,0.7934922949497653,0.10955439777921909,1.0,0.07505067898762684,1,310.8669044971466,true,true,344
1788921167883719683,-0.16965419783834862,0.6059150157033409,-0.6258095278661351,-0.39072510793540516,0.45479696906372197,0.7926647562384121,0.11034578005894102,1.0,0.07145220066028421,1,311.0515582561493,true,true,344
1788921168083602190,-0.20496344536329206,0.5861286319755359,-0.6622237087039511,-0.40592066860480913,0.45245292312852187,0.7866108276962223,0.10843509073608994,1.0,0.08351947754740048,1,311.24287033081055,true,true,344
1788921168283663034,-0.23766282201331848,0.5793563802607368,-0.693469394759481,-0.42496677534707544,0.4554716814469954,0.7759043918975078,0.0996050294167571,1.0,0.0824952231294555,1,311.4375355243683,true,true,344
1788921168483029842,-0.2609491656860191,0.5724649884329532,-0.7237584775999799,-0.44055609709146226,0.45933288402110006,0.7661930071456137,0.08872374413626767,1.0,0.09328561830804757,1,311.6355137825012,true,true,344
1788921168683640718,-0.2988634274399946,0.5658009857863237,-0.7411102614349001,-0.44838224169336127,0.45716065175670084,0.7640160857030857,0.07897420215715842,1.0,0.0922665949348895,1,311.8426625728607,true,true,344
1788921168883632421,-0.35228425494064675,0.6401444678812721,-0.7842300630000061,-0.43529606979700947,0.40949610522390484,0.7946849694992579,0.10633000835931793,0.9957035445757251,0.14400767877767215,1,312.0387382507324,true,true,344
1788921169083037138,-0.42879077703153656,0.6358655382673066,-0.8419736100682909,-0.4262306346520909,0.4417109753301618,0.7789393120046426,0.12834488135756017,0.99302649930265,0.18515447461976703,1,312.24321246147156,true,true,344
1788921169283679247,-0.5028627537479217,0.6210867655730625,-0.8610771787190976,-0.4113985100741771,0.4408592129617183,0.7889513628569679,0.11811082635243123,0.9955257270693513,0.15907695108179426,1,312.4385859966278,true,true,344
1788921169483697176,-0.5667099720503984,0.6343946000052433,-0.8995463602537208,-0.38075610033288515,0.44437026093145193,0.8014233957752316,0.12361393110447921,1.0,0.12915843198235916,1,312.6520435810089,true,true,344
1788921169683120012,-0.5559356669693934,0.5535947812083409,-0.9623472161709781,-0.3677688391922801,0.44051917223049375,0.8095653747688476,0.12366423812848251,1.0,0.14947577004768303,1,312.84400367736816,true,true,344
1788921169883670330,-0.5785069022622863,0.5259245383413673,-1.0265049037469733,-0.3742639610310763,0.44615885441520764,0.8044981809592937,0.11683938091852994,1.0,0.09889389759556924,1,313.05549335479736,true,true,344
1788921170083713055,-0.5961609626442796,0.5339670373581136,-1.0559644415576468,-0.3906334339174259,0.4534161838997751,0.7936687627526593,0.10912918727044647,1.0,0.08794042946400658,1,313.24195194244385,true,true,344
1788921170283871174,-0.6079258697466773,0.5407847773279684,-1.072171392682444,-0.39360587750039977,0.4566304192983371,0.7908336801495038,0.10557065742788922,1.0,0.08247338857451744,1,313.4407567977905,true,true,344
1788921170483670950,-0.6200626046937671,0.5352504536569745,-1.0885919359594094,-0.3959059371106541,0.46025060610357654,0.7882279260250044,0.1006210970728549,1.0,0.07567065282681447,1,313.64167833328247,true,true,344
1788921170683650255,-0.6425408761518243,0.5361185187969557,-1.1102283101812909,-0.407108013497774,0.4636999844023567,0.7814692152827271,0.09247299809430208,1.0,0.08099297732939292,1,313.8526213169098,true,true,344
1788921170883132458,-0.6829561827746042,0.5273491392497521,-1.1559883283279018,-0.41034721308850486,0.46309205327207104,0.7804732987654941,0.08956754334502012,1.0,0.0802026887250642,1,314.0556151866913,true,true,344
1788921171083116531,-0.7251347707108939,0.5277843226187413,-1.1939837332768415,-0.39488691219442107,0.46164766273608376,0.7887921197765598,0.09355615343881898,1.0,0.07536007457716283,1,314.2753469944,true,true,344
1788921171283646822,-0.6991476078595961,0.4352500777147886,-1.2663328432618117,-0.3622331002118554,0.46931635366862007,0.7985061843983193,0.10448547634832012,1.0,0.09432393478243983,1,314.4496772289276,true,true,344
1788921171483062267,-0.7217983055015196,0.4143874419619515,-1.3049157716277429,-0.36352807875290505,0.45598958548319035,0.8023050213687662,0.12738715231746497,0.9976825028968713,0.11310801034086139,1,314.6431849002838,true,true,344
1788921171683059216,-0.7298450570929199,0.3943942525315837,-1.3312419518567271,-0.3792253618937216,0.45961560491704684,0.7940137896016428,0.12034833831736494,1.0,0.07925330149973688,1,314.8459720611572,true,true,344
1788921171882970572,-0.7567122850025007,0.3959952549991486,-1.3354887681486272,-0.39732033007612577,0.4558037039706209,0.7884891672094357,0.11253609175829654,1.0,0.07641343379890682,1,315.05819058418274,true,true,344
1788921172083028078,-0.774788490906838,0.39473661833874685,-1.3430515288240272,-0.39833403712188004,0.45683862703266426,0.7884366585657638,0.1048622865988944,1.0,0.07561791211431419,1,315.2407524585724,true,true,344
1788921172282984972,-0.7899343942846663,0.39432488599106286,-1.3584675126221701,-0.3937554140238966,0.45931695908468334,0.7892522832728682,0.10519238742719976,1.0,0.0749233211427264,1,315.4419364929199,true,true,344
1788921172483067989,-0.8093992288217619,0.39184642531008573,-1.3808300436655574,-0.3803204008810525,0.45834891973697633,0.7957253828052273,0.1099717036746159,1.0,0.0729659650657109,1,315.6474666595459,true,true,344
1788921172683043242,-0.8299104174328013,0.3830685179398304,-1.401938987778988,-0.3699003960386108,0.4567243037060542,0.8009911881784316,0.11397246981268797,1.0,0.07595469583430904,1,315.8435745239258,true,true,344
1788921172882990122,-0.8493374473844328,0.3729713720907883,-1.423238283159904,-0.3763009984481488,0.4569003130269981,0.7980931684594815,0.11263639279142179,1.0,0.07363848292676373,1,316.05831956863403,true,true,344
1788921173082978725,-0.8625834508664675,0.37253105700724665,-1.432383129413774,-0.3824340926500683,0.4584109082938361,0.7948374087926786,0.10879842609100583,1.0,0.08404859515378203,1,316.2909128665924,true,true,344
1788921173283100367,-0.8700915412254888,0.37174441348411774,-1.445090510803228,-0.387359239315766,0.46075195679111186,0.7916307065880103,0.10479159516316734,1.0,0.08003461515231404,1,316.4537031650543,true,true,344
1788921173482981205,-0.8802102287655059,0.38131695088605033,-1.4580141200193673,-0.3954161068934331,0.4559947050362665,0.7909453571200445,0.10060006679110914,1.0,0.08959245856764829,1,316.65179085731506,true,true,344
1788921173683727026,-0.8888186760939861,0.37077212686062927,-1.4662985899718965,-0.39537086846363534,0.4607065678403148,0.7881400526919378,0.10132419287543737,1.0,0.07457342031732722,1,316.8461835384369,true,true,344
1788921173883013487,-0.9031515221137472,0.36051783177862445,-1.4766011032913213,-0.3907371057617833,0.46227753218919965,0.7895181840516278,0.10141515895461353,1.0,0.0873863253305286,1,317.04264879226685,true,true,344
1788921174083100080,-0.923927012378571,0.3544775249047674,-1.4966427304938585,-0.3908576681837064,0.46395655993710405,0.788487629051079,0.10130080230054073,1.0,0.07288263570626717,1,317.2388617992401,true,true,344
1788921174283053637,-0.9310731404177047,0.34382023496436537,-1.5093962142709472,-0.3746467787755996,0.46269274380550535,0.7962114527233516,0.10771508035076127,0.9984639016897081,0.08373663676118902,1,317.4379892349243,true,true,344
1788921174483740568,-0.9346166576754303,0.3492911600639653,-1.5146415505986648,-0.3573006546101754,0.46129567990370984,0.8031822470535409,0.12016994605699005,1.0,0.08132361101612419,1,317.64037585258484,true,true,344
1788921174683090448,-0.949326096022264,0.3552969988855567,-1.5190291498677198,-0.3673761501423821,0.46038062825054055,0.7999010821415634,0.11507693177590626,1.0,0.07827225638777931,1,317.83193159103394,true,true,344
1788921174882997513,-0.9553646833750215,0.36009720842416504,-1.5129476661148011,-0.37907925209534793,0.46160431450502726,0.7947760765043049,0.1074772798204352,1.0,0.07455264935342987,1,318.0336928367615,true,true,344
1788921175082964897,-0.9461074061442366,0.3559670349968297,-1.5177712510632564,-0.38532285549902934,0.465229274170618,0.7909406731368802,0.09747241180218243,1.0,0.10483987780445633,1,318.2394027709961,true,true,344
1788921175283738136,-0.9379007338036554,0.3585012031473847,-1.5131996534950072,-0.3850243358670214,0.46599473857406787,0.7911341157593136,0.0933379627652954,1.0,0.10012385597685661,1,318.44010376930237,true,true,344
1788921175483040094,-0.9322165761153018,0.3582214548218585,-1.5059259515338554,-0.38241323110257497,0.46721537731149876,0.791864451984483,0.09176383582151623,1.0,0.08565819268847208,1,318.64151215553284,true,true,344
1788921175682993412,-0.9245416852906867,0.36164912772040714,-1.500962721545707,-0.3802099690149009,0.46723231717218894,0.7927924237558276,0.09281440667782596,1.0,0.07935160801454459,1,318.8414945602417,true,true,344
1788921175883734941,-0.9184617588942217,0.3605786091535504,-1.4939552366951052,-0.37603132058747085,0.46590928427342104,0.795195405192176,0.09588144933366222,1.0,0.07863819708723196,1,319.04359579086304,true,true,344
1788921176083101511,-0.9146119845888776,0.36182810725360803,-1.487911848291529,-0.37655656687096517,0.4662553443264815,0.7949099345813837,0.09449498260314142,1.0,0.07571219881005303,1,319.2428147792816,true,true,344
1788921176282963037,-0.9121444446574972,0.3667191156739291,-1.4848107806311373,-0.3776125014156163,0.46688278308323544,0.7944010289161114,0.09141264076766702,1.0,0.08046570104155071,1,319.4368941783905,true,true,344
1788921176483037710,-0.9069346482952052,0.37042420645211943,-1.47693600900094,-0.3765596728782587,0.4680020782301845,0.79438918735594,0.09012594823921474,1.0,0.07153396848422354,1,319.6397137641907,true,true,344
1788921176683082581,-0.8962762547484912,0.3692132301894924,-1.468057083630805,-0.37602187394442077,0.4668078942225741,0.7951616393670856,0.09173825530204133,1.0,0.07091003395857497,1,319.8371329307556,true,true,344
1788921176882987499,-0.8907551331456888,0.3699942270100487,-1.4629960417450136,-0.3778641477500657,0.4663702252041636,0.7945678602286621,0.09153914124450366,1.0,0.06686375189627339,1,320.0589485168457,true,true,344
1788921177083773375,-0.876854567593988,0.3729906266682216,-1.4442652205602622,-0.3702262112355029,0.4791521859536277,0.7926630275657645,0.07092996503835508,1.0,0.12731704869919536,1,320.2407503128052,true,true,344
1788921177283166647,-0.876854567593988,0.3729906266682216,-1.4442652205602622,-0.3702262112355029,0.4791521859536277,0.7926630275657645,0.07092996503835508,1.0,0.13986249969914755,0,320.44010066986084,false,false,345
1788921177483119726,-0.876854567593988,0.3729906266682216,-1.4442652205602622,-0.3702262112355029,0.4791521859536277,0.7926630275657645,0.07092996503835508,0.9990574929311969,0.1677097761201503,0,320.634565114975,false,false,346
1788921177683090925,-0.876854567593988,0.3729906266682216,-1.4442652205602622,-0.3702262112355029,0.4791521859536277,0.7926630275657645,0.07092996503835508,0.2912371134020619,0.2830344476542084,0,320.84817242622375,false,false,347
1788921177883052588,-0.876854567593988,0.3729906266682216,-1.4442652205602622,-0.3702262112355029,0.4791521859536277,0.7926630275657645,0.07092996503835508,0.31736526946107785,0.31056620779834526,0,321.0345239639282,false,false,348
1788921178083075047,-0.876854567593988,0.3729906266682216,-1.4442652205602622,-0.3702262112355029,0.4791521859536277,0.7926630275657645,0.07092996503835508,0.33534743202416917,0.2945730855239625,0,321.25409412384033,false,false,349
1788921178283808708,-0.876854567593988,0.3729906266682216,-1.4442652205602622,-0.3702262112355029,0.4791521859536277,0.7926630275657645,0.07092996503835508,0.5919540229885057,0.32364427204570134,0,321.44457626342773,false,false,350
1788921178483904362,-0.876854567593988,0.3729906266682216,-1.4442652205602622,-0.3702262112355029,0.4791521859536277,0.7926630275657645,0.07092996503835508,0.5980271270036991,0.33231718162077317,0,321.6444113254547,false,false,351
1788921178683141708,-0.876854567593988,0.3729906266682216,-1.4442652205602622,-0.3702262112355029,0.4791521859536277,0.7926630275657645,0.07092996503835508,0.45268542199488493,0.335449873362253,0,321.8863172531128,false,false,352
1788921178883919001,-0.876854567593988,0.3729906266682216,-1.4442652205602622,-0.3702262112355029,0.4791521859536277,0.7926630275657645,0.07092996503835508,0.4602346805736636,0.3667460511692164,0,322.0972726345062,false,false,353
1788921179083097458,-0.876854567593988,0.3729906266682216,-1.4442652205602622,-0.3702262112355029,0.4791521859536277,0.7926630275657645,0.07092996503835508,0.47186147186147187,0.3630497089435845,0,322.2538115978241,false,false,354
1788921179283874750,-0.876854567593988,0.3729906266682216,-1.4442652205602622,-0.3702262112355029,0.4791521859536277,0.7926630275657645,0.07092996503835508,0.5592356687898089,0.3352186116315432,0,322.450630903244,false,false,355
1788921179483248234,-0.876854567593988,0.3729906266682216,-1.4442652205602622,-0.3702262112355029,0.4791521859536277,0.7926630275657645,0.07092996503835508,0.9904632152588556,0.15676302724317018,0,322.6661911010742,false,false,356
1788921179684081554,-0.876854567593988,0.3729906266682216,-1.4442652205602622,-0.3702262112355029,0.4791521859536277,0.7926630275657645,0.07092996503835508,0.9969465648854962,0.15584906181782643,0,322.8573844432831,false,false,357
1788921179883087873,-0.876854567593988,0.3729906266682216,-1.4442652205602622,-0.3702262112355029,0.4791521859536277,0.7926630275657645,0.07092996503835508,0.9953198127925117,0.14626119967299525,0,323.0521807670593,false,false,358
1788921180083859921,-0.876854567593988,0.3729906266682216,-1.4442652205602622,-0.3702262112355029,0.4791521859536277,0.7926630275657645,0.07092996503835508,0.569672131147541,0.3229622010045618,0,323.2448856830597,false,false,359
1788921180283092499,-0.876854567593988,0.3729906266682216,-1.4442652205602622,-0.3702262112355029,0.4791521859536277,0.7926630275657645,0.07092996503835508,0.5494791666666666,0.3379697561516678,0,323.4584844112396,false,false,360
1788921180483206034,-0.876854567593988,0.3729906266682216,-1.4442652205602622,-0.3702262112355029,0.4791521859536277,0.7926630275657645,0.07092996503835508,0.48358585858585856,0.35646733060502345,0,323.6547405719757,false,false,361
1788921180683044672,-0.876854567593988,0.3729906266682216,-1.4442652205602622,-0.3702262112355029,0.4791521859536277,0.7926630275657645,0.07092996503835508,0.5373333333333333,0.3555189463706983,0,323.86122131347656,false,false,362
1788921180883077145,-0.876854567593988,0.3729906266682216,-1.4442652205602622,-0.3702262112355029,0.4791521859536277,0.7926630275657645,0.07092996503835508,0.5614285714285714,0.3257682594651347,0,324.06157994270325,false,false,363
1788921181083153248,-0.876854567593988,0.3729906266682216,-1.4442652205602622,-0.3702262112355029,0.4791521859536277,0.7926630275657645,0.07092996503835508,0.5519287833827893,0.33339257395881844,0,324.30464720726013,false,false,364
1788921181283125162,-0.876854567593988,0.3729906266682216,-1.4442652205602622,-0.3702262112355029,0.4791521859536277,0.7926630275657645,0.07092996503835508,0.5561877667140825,0.33286996050175466,0,324.4673647880554,false,false,365
1788921181483178377,-0.876854567593988,0.3729906266682216,-1.4442652205602622,-0.3702262112355029,0.4791521859536277,0.7926630275657645,0.07092996503835508,0.4095112285336856,0.3363719694432101,0,324.68292903900146,false,false,366
1788921181683886766,-0.876854567593988,0.3729906266682216,-1.4442652205602622,-0.3702262112355029,0.4791521859536277,0.7926630275657645,0.07092996503835508,0.5687426556991775,0.37006819325111134,0,324.85196185112,false,false,367
1788921181883191586,-0.876854567593988,0.3729906266682216,-1.4442652205602622,-0.3702262112355029,0.4791521859536277,0.7926630275657645,0.07092996503835508,0.5788863109048724,0.3680815699791868,0,325.06049847602844,false,false,368
1788921182083226919,-0.876854567593988,0.3729906266682216,-1.4442652205602622,-0.3702262112355029,0.4791521859536277,0.7926630275657645,0.07092996503835508,0.5838287752675386,0.36834604872833615,0,325.2488536834717,false,false,369
1788921182283839226,-0.876854567593988,0.3729906266682216,-1.4442652205602622,-0.3702262112355029,0.4791521859536277,0.7926630275657645,0.07092996503835508,0.5781818181818181,0.37421886623780937,0,325.4880986213684,false,false,370
1788921182483245850,-0.876854567593988,0.3729906266682216,-1.4442652205602622,-0.3702262112355029,0.4791521859536277,0.7926630275657645,0.07092996503835508,0.5539033457249071,0.3869550794725259,0,325.6639189720154,false,false,371
1788921182683182001,-0.876854567593988,0.3729906266682216,-1.4442652205602622,-0.3702262112355029,0.4791521859536277,0.7926630275657645,0.07092996503835508,0.5772357723577236,0.37984550096913616,0,325.84402418136597,false,false,372
1788921182883102417,-0.876854567593988,0.3729906266682216,-1.4442652205602622,-0.3702262112355029,0.4791521859536277,0.7926630275657645,0.07092996503835508,0.33141542002301494,0.394722652150899,0,326.0900568962097,false,false,373
1788921183083080292,-0.876854567593988,0.3729906266682216,-1.4442652205602622,-0.3702262112355029,0.4791521859536277,0.7926630275657645,0.07092996503835508,0.5611175785797439,0.39894697174032046,0,326.2540376186371,false,false,374
1788921183283847332,-0.7751278491434147,0.435157464119937,-1.6133788352488514,-0.32878343535026433,0.48356363898722704,0.810591906859196,0.031755632934692246,0.42890995260663506,0.39086229829535757,1,326.47271752357483,true,true,375
1788921183483192921,-0.7902022162939675,0.43296342160305945,-1.62722099789594,-0.3264378791271916,0.4857358975738368,0.810454156192546,0.025748972587454712,1.0,0.09136931236536326,1,326.65484619140625,true,true,375
1788921183683250904,-0.8098420210757445,0.42605694852922676,-1.6375960270317227,-0.32861467392121385,0.48699689566370435,0.8088808233500107,0.023626961594311758,1.0,0.08116993123202211,1,326.85854029655457,true,true,375
1788921183883100510,-0.8215494605245381,0.4213583650200075,-1.6501007497947953,-0.3269592715192684,0.4879595528975128,0.8090734594338743,0.019830449902927868,1.0,0.07405352039622032,1,327.07059955596924,true,true,375
1788921184083848000,-0.8312578780810588,0.41692754547771077,-1.6619308705749745,-0.32423496307260874,0.48853843356460624,0.8096910510029259,0.024541588728582437,1.0,0.07049550223433168,1,327.241712808609,true,true,375
1788921184283127069,-0.8502458616393468,0.41728286256351266,-1.670205406388231,-0.33041031234236035,0.48700418203435747,0.8080226513231356,0.02748357923564704,1.0,0.06459104748192254,1,327.4435005187988,true,true,375
1788921184483117580,-0.859220435642471,0.41683249559764723,-1.677811896667115,-0.31628874636274534,0.49481574530983236,0.8093535394145054,0.008102799205923723,1.0,0.07618900067630296,1,327.6549379825592,true,true,375
1788921184683176279,-0.8673016847312687,0.41091991411119017,-1.6852551818177146,-0.29539294660539706,0.5021483564573587,0.8126209511223521,-0.015402110243711424,1.0,0.0791924721139841,1,327.85087418556213,true,true,375
1788921184883201599,-0.8830767886827974,0.41060120531535665,-1.694314779384184,-0.29725145597860053,0.5028805473390777,0.8114223668069258,-0.018613695817843286,1.0,0.07457006174795947,1,328.0616319179535,true,true,375
1788921185083244562,-0.8963762856452772,0.40024035052263207,-1.7023068553544345,-0.3007165871182792,0.5014461336465684,0.8110205767943443,-0.019155503099952044,1.0,0.06942135205329956,1,328.2699501514435,true,true,375
1788921185283912897,-0.9090554914885293,0.4006249756748446,-1.706910972787256,-0.3009296176656528,0.5025930284747315,0.810130321228958,-0.023032055176811807,1.0,0.0705950834837744,1,328.4601180553436,true,true,375
1788921185483251572,-0.9215469665297299,0.39344237578062163,-1.714949381658652,-0.2993142383052891,0.5025784120629526,0.8107602678608753,-0.022219687985389595,1.0,0.06669438357098716,1,328.6594307422638,true,true,375
1788921185683993578,-0.9386542753888699,0.38870199341262995,-1.723266994995475,-0.2991387504912816,0.504251601901007,0.8096986205973765,-0.025188762126979937,1.0,0.06616342441407652,1,328.89023065567017,true,true,375
1788921185883328676,-0.9555544712032372,0.38172092837985805,-1.732987604304111,-0.2950721784379746,0.5063697826416954,0.8097584744226339,-0.028517816185667625,1.0,0.0675254822861392,1,329.07306361198425,true,true,375
1788921186083230734,-0.9671922520157221,0.3742795800832487,-1.7443893070540792,-0.29159242073693903,0.5056974122586827,0.8114215327133618,-0.028966940686638187,1.0,0.07128696964972533,1,329.26072359085083,true,true,375
1788921186283239603,-0.9898660233430189,0.36863881424866646,-1.7520928537984912,-0.2973485318159367,0.5053481903171555,0.8095571530487351,-0.028710157047821684,1.0,0.06627317061506852,1,329.44874906539917,true,true,375
1788921186483268023,-1.005458875301753,0.36404488347093955,-1.7603611199788618,-0.2964519292030492,0.5046692247820074,0.810295962149622,-0.02908059410908209,1.0,0.06747535983455588,1,329.642226934433,true,true,375
1788921186683192253,-1.0177993800132625,0.35835624234588837,-1.7677324217444859,-0.2885595774010241,0.50584140304064,0.8124997311656816,-0.026495888656832608,1.0,0.0719512175134982,1,329.8343861103058,true,true,375
1788921186883231640,-1.034720437672128,0.3546800053232846,-1.7738564150832838,-0.28600952050449674,0.5067714693788304,0.8128328386008569,-0.026153556096315436,1.0,0.07247867095454129,1,330.04258823394775,true,true,375
1788921187083230495,-1.0525630329264823,0.3458856537918342,-1.786074774631843,-0.29348470242854324,0.5059104558637969,0.8105235859891226,-0.031190649936301766,1.0,0.07105638421817301,1,330.2497856616974,true,true,375
1788921187283237934,-1.0713665663427951,0.3427882780024365,-1.7945031872271502,-0.2902114586378299,0.5102378393339322,0.8087240713415796,-0.03741701511136328,1.0,0.07055185541489621,1,330.4501118659973,true,true,375
1788921187483213663,-1.0810206291648612,0.3415400651891188,-1.8129444447655267,-0.2710002833021661,0.5220800685794217,0.8070360773282245,-0.05180751232131587,1.0,0.07105172075620947,1,330.653532743454,true,true,375
1788921187683274031,-1.0782483240331104,0.3216714249329881,-1.868110668939868,-0.2640025164395536,0.5403044316198323,0.7965810199950278,-0.061906954934269585,1.0,0.0768673653994105,1,330.854083776474,true,true,375
1788921187883919954,-1.0794785977229724,0.252200711710953,-1.898261760028234,-0.28632863525157753,0.5201034627977574,0.803729978243661,-0.03906945985286526,1.0,0.08052191894366732,1,331.1171770095825,true,true,375
1788921188083192825,-1.0644326883087027,0.1986182442010138,-1.8938775792018407,-0.27502303315921844,0.5108950479934827,0.813717748989668,-0.0348138786524489,1.0,0.07833726995065303,1,331.2694170475006,true,true,375
1788921188283359051,-1.0509280819546327,0.18426852926419018,-1.8840519363056392,-0.27266724031436795,0.5012715975147247,0.8204464139734694,-0.035313501418808284,1.0,0.07235832424933117,1,331.4633095264435,true,true,375
1788921188483964920,-1.05574063035999,0.1792102367876125,-1.8816090393113958,-0.274293717199556,0.5005537684613229,0.8201035029265754,-0.04048612196269288,1.0,0.07295535505808828,1,331.6658661365509,true,true,375
1788921188683192253,-1.0667591760578532,0.17480238567784845,-1.8838481042059607,-0.2780418561505283,0.4993663696036056,0.8193412614447639,-0.044786743924810905,1.0,0.07047083959317803,1,331.8729386329651,true,true,375
1788921188883188725,-1.0806778457424693,0.17514878957136695,-1.8853769055740133,-0.2801404652902025,0.49980141923845,0.8182444936543377,-0.04685946690451865,1.0,0.07095738098382337,1,332.0926105976105,true,true,375
1788921189083990812,-1.0890592777727366,0.17493274990247665,-1.8894473902836924,-0.28582394626958807,0.5012613692587681,0.8153087182276981,-0.048097873233774235,1.0,0.07000008524651684,1,332.2746253013611,true,true,375
1788921189283336401,-1.0938087423622374,0.17169219874441313,-1.897825423173769,-0.28723827109994016,0.500640708648235,0.8152439815921614,-0.04722612558181379,1.0,0.0709340415079755,1,332.4505524635315,true,true,375
1788921189483380079,-1.0993746387144006,0.1740233258958135,-1.9002459304515762,-0.290271376342311,0.5022554155757006,0.8130924329964146,-0.048607828640981704,1.0,0.07307173589361372,1,332.7036163806915,true,true,375
1788921189684010744,-1.106613318811478,0.16996788338684116,-1.9020930644369387,-0.29443757604885973,0.5012535338095543,0.8122864964208704,-0.04735035782560412,1.0,0.07154711765123475,1,332.9006197452545,true,true,375
1788921189883327246,-1.120213244286852,0.1690630943562034,-1.909375407572112,-0.3002834395537918,0.5020205601513387,0.8093381367081829,-0.05269718763659743,1.0,0.073617945628447,1,333.07469153404236,true,true,375
1788921190083358288,-1.1286299287776687,0.1674643253745349,-1.9158283773540636,-0.29696985190514263,0.5043814393860421,0.8091478457433213,-0.05184625725395967,1.0,0.07700806784602095,1,333.2934672832489,true,true,375
1788921190283981323,-1.1391248859091485,0.16086531634699855,-1.930899848979985,-0.2950995239138982,0.5082646834979416,0.8075272323400045,-0.04983022700951497,1.0,0.0729823959012625,1,333.45745277404785,true,true,375
1788921190483311176,-1.1572877530954406,0.1560068059902727,-1.9364574612565508,-0.2952058480707028,0.5076848512885779,0.8079253514495339,-0.048643864177286306,1.0,0.0676887597097107,1,333.6631760597229,true,true,375
1788921190683365583,-1.1684292051244956,0.14675217916532943,-1.9420808535082326,-0.28896795805741365,0.5071794128435042,0.8104315802726323,-0.049671079117033515,1.0,0.06729562949483518,1,333.8718569278717,true,true,375
1788921190884010553,-1.180375052662376,0.14516447699916932,-1.950424398352551,-0.2850298831359839,0.5112311606212551,0.8090707264870611,-0.05296438115404008,1.0,0.06931531792634818,1,334.1182677745819,true,true,375
1788921191083335638,-1.1998257848504061,0.14303826470083578,-1.9585116085429297,-0.29145480026413834,0.5115932712452597,0.806618618272654,-0.051892474169952414,1.0,0.07193818250053301,1,334.3029193878174,true,true,375
1788921191283260107,-1.2111839053411129,0.13667677685894344,-1.9618212992391906,-0.2933838202676817,0.5094399988688112,0.80732407138213,-0.05123148762887172,1.0,0.06604805651547574,1,334.47171354293823,true,true,375
1788921191483289242,-1.2226272685084034,0.13178859020623032,-1.9673257018152956,-0.29008759066686923,0.5108464896918529,0.8075674650485696,-0.052152115063814605,1.0,0.06544869561097319,1,334.66489028930664,true,true,375
1788921191683324575,-1.2293912702031662,0.12139699061455157,-1.9799054686999542,-0.32181851847504817,0.49784752664838633,0.805282934176672,-0.010003864274302672,1.0,0.08812222050777141,1,334.8425877094269,true,true,375
1788921191884033203,-1.2430455156764662,0.10933865979569342,-1.9649324977167675,-0.36301927664248806,0.4520795652376837,0.8082274452104647,0.10300227322266535,1.0,0.0754420506177628,1,335.0420227050781,true,true,375
1788921192083417654,-1.258423871276156,0.023698555260839627,-1.974094737595806,-0.3951997644911564,0.41751602277190564,0.8066450199225759,0.13719084775950316,1.0,0.08226384180152398,1,335.24615812301636,true,true,375
1788921192283308744,-1.2467601206350285,-0.03232642220301735,-1.9765506780553506,-0.4042363939996969,0.418787815282555,0.8045179418708096,0.11815491841198555,1.0,0.08075295044734991,1,335.4639012813568,true,true,375
1788921192483249426,-1.2283597318328314,-0.04290784925805555,-1.9842192337549664,-0.41088401568269733,0.42083551207078385,0.7990970709697242,0.12456190671385091,1.0,0.07657227057668076,1,335.6507029533386,true,true,375
1788921192683256149,-1.2112597488161294,-0.019053652479223807,-1.9995510452069527,-0.4266261084045697,0.42502472951787185,0.7858889479698485,0.1404375462071219,1.0,0.07822199698924737,1,335.8701891899109,true,true,375
1788921192883260012,-1.2149427878173986,-0.012701513890628624,-2.0210204735363533,-0.4260604539902361,0.43033720616950133,0.7832468159523723,0.140736647083597,1.0,0.07387366057314647,1,336.07494616508484,true,true,375
1788921193083340645,-1.2685645414875717,-0.01177672796071507,-2.0435119817141385,-0.4326475773928133,0.4281124793463254,0.7834785523568312,0.12528821493227757,1.0,0.07454774297948762,1,336.2513620853424,true,true,375
1788921193283346415,-1.285803308557117,-0.029748784955681718,-2.0725156607501356,-0.4048397298813218,0.4330232432696877,0.7973028456808372,0.113595053444501,1.0,0.07292323531556755,1,336.47302317619324,true,true,375
1788921193483304262,-1.219800881314715,-0.041919084611946995,-2.132822204590905,-0.34502577179576854,0.45178604946077444,0.8112109160870282,0.13705266115842363,1.0,0.08509787035716555,1,336.6589982509613,true,true,375
1788921193683300495,-1.2295243142778034,-0.010578184595778754,-2.1292397458217236,-0.3575776237171943,0.4533644603318725,0.8041602527066524,0.14115664026721533,1.0,0.07178260751248745,1,336.86063170433044,true,true,375
1788921193883286238,-1.2495414829219935,-0.025181383653485885,-2.123403199277181,-0.3682648410546776,0.4605381676983349,0.8002924304768493,0.10870891710200702,1.0,0.07439104584768587,1,337.0586247444153,true,true,375
1788921194083500385,-1.2566611073566778,-0.030429791138171826,-2.129255797851565,-0.37480955555297774,0.46370959094306047,0.7968643600520393,0.09745975586083416,1.0,0.07177410449689807,1,337.258531332016,true,true,375
1788921194283421993,-1.2651247115657411,-0.03150153483811868,-2.1426547372951634,-0.37668344101379403,0.4649519034753521,0.7945537056180613,0.10302291788365385,1.0,0.07148299296243724,1,337.45765686035156,true,true,375
1788921194483283520,-1.2812697944537284,-0.034352865971116225,-2.151418067249329,-0.38010006511589256,0.461270045946064,0.7938540868595095,0.11202488111247945,1.0,0.07100602631499865,1,337.6794626712799,true,true,375
1788921194683429956,-1.2944914068141897,-0.05114733227682891,-2.1556750826145894,-0.38343095028093194,0.4519125962160631,0.7955946871102016,0.12563759624387863,1.0,0.07168785172701729,1,337.881117105484,true,true,375
1788921194883325100,-1.315847805138702,-0.04922449198870128,-2.156514157497221,-0.38399534770974836,0.4495900451554028,0.7963302996107179,0.12757122777623983,1.0,0.07194003296194827,1,338.0531475543976,true,true,375
1788921195084034920,-1.3350397003550352,-0.05444651204890241,-2.155015513238703,-0.34124920723675667,0.492314002533573,0.7988173012005081,0.05537888381319774,1.0,0.09526761264767374,1,338.2433531284332,true,true,375
1788921195283428192,-1.3279599943947662,-0.04382404020722267,-2.1857010807428705,-0.2730720276286991,0.5222179698498156,0.8063734423550488,-0.04981898390330055,1.0,0.07560996346339222,1,338.4457242488861,true,true,375
1788921195483418703,-1.330368594537277,-0.049771477754770144,-2.1989712129759638,-0.2693430329969511,0.5217179655821754,0.8064549878187653,-0.06996461667896,1.0,0.07299441216142016,1,338.6522672176361,true,true,375
1788921195684081316,-1.3527025175083311,-0.05871670982854899,-2.2040227980807607,-0.2697566355487372,0.5199846211791754,0.8069707964758303,-0.07513644222172763,1.0,0.0730265476648208,1,338.85016989707947,true,true,375
1788921195883393288,-1.35928649053978,-0.07372378603516144,-2.2190011390354685,-0.28703216617220534,0.5095398219870052,0.8096559149900031,-0.04938628062167558,1.0,0.07211955419958431,1,339.04827880859375,true,true,375
1788921196083447695,-1.3501588309142731,-0.10503029075957081,-2.242844248863638,-0.2554184630416003,0.5192029623011305,0.8153844656123281,-0.018381129271488002,1.0,0.07478441285288775,1,339.254625082016,true,true,375
1788921196284057140,-1.3373694988874545,-0.19534530982699838,-2.274746619349133,-0.2741344054136116,0.4986644032837301,0.8222616156021545,-0.008365176240920832,1.0,0.08225886992889138,1,339.4655296802521,true,true,375
1788921196483424664,-1.3279270859788173,-0.2290450172862101,-2.2870217587662602,-0.27990417050866545,0.5031402726570179,0.8175788322243637,-0.008268885119715696,1.0,0.07461473458686523,1,339.66974401474,true,true,375
1788921196683390379,-1.343758444882099,-0.23345768955868582,-2.290070966764089,-0.2847141501417378,0.5017534975002266,0.8166727730852481,-0.015061943985048846,1.0,0.07268563895023565,1,339.8858423233032,true,true,375
1788921196883496761,-1.362460595889247,-0.2354323454799218,-2.2808073099492066,-0.28671601379235434,0.4997629492301547,0.8171028068296566,-0.01933714257321683,1.0,0.07465010991123426,1,340.05966544151306,true,true,375
1788921197083400249,-1.3649285983945718,-0.24043408722641602,-2.286605150103673,-0.28687378831471066,0.4972860121943745,0.8184035494318354,-0.025013634904908866,1.0,0.07176843140065514,1,340.26143288612366,true,true,375
1788921197283389091,-1.3730413884799924,-0.23897115841813624,-2.2982371524976624,-0.29739017711778765,0.4983116789901845,0.8140876445771809,-0.022491333500076857,1.0,0.07459843342970941,1,340.48194646835327,true,true,375
1788921197483401299,-1.383322093919077,-0.23886757143614665,-2.3060231507981634,-0.3030875412951339,0.4971246049738494,0.8128573455238757,-0.016370866475019227,1.0,0.07157083799167475,1,340.6711003780365,true,true,375
1788921197684160233,-1.382627033843668,-0.2412578109379952,-2.31395163644125,-0.30252766867620984,0.49849073203559047,0.812330249255759,-0.01017673346584256,1.0,0.07102746699683124,1,340.8869318962097,true,true,375
1788921197883444548,-1.3876808807201544,-0.24066151969380326,-2.3192925415925436,-0.3061988213605333,0.4998674618736715,0.8101006823351211,-0.01056819935300759,1.0,0.0709156865975982,1,341.0686810016632,true,true,375
1788921198083397627,-1.3901797903848152,-0.24254453244130766,-2.319986842217087,-0.3086300896734093,0.4991338828918607,0.8096414656628905,-0.009671182798605044,1.0,0.07195709801708883,1,341.27280735969543,true,true,375
1788921198284189939,-1.393620964050372,-0.2386145563779847,-2.3203644615348233,-0.30941624055888167,0.49984291061327724,0.8089006648425906,-0.009918125088442198,1.0,0.0704148283731967,1,341.4600155353546,true,true,375
1788921198483357191,-1.3946563811046506,-0.23988720597140745,-2.3202380286334536,-0.3081332979444486,0.5004486235126346,0.8089803798867496,-0.012481621708602425,1.0,0.0694876133902151,1,341.67138671875,true,true,375
1788921198683523417,-1.3964163316478462,-0.24229006411386728,-2.3224790323534976,-0.3075748513477058,0.4997936111578452,0.8095591548893585,-0.01476589987316238,1.0,0.06719619155522226,1,341.87482953071594,true,true,375
1788921198883371592,-1.3982193811399553,-0.24147794602436867,-2.319368679379526,-0.3051823664637911,0.5006141058698099,0.8099923165380087,-0.012715634200493108,1.0,0.06825283486833326,1,342.0747013092041,true,true,375
1788921199083561659,-1.4063461775729003,-0.24815268079856798,-2.330304346504705,-0.32840536441639917,0.493869832854033,0.8049849608254466,0.01554727191874089,1.0,0.07741958647513011,1,342.2652053833008,true,true,375
1788921199284180880,-1.401654541265176,-0.2390566694796836,-2.3232330196717634,-0.34406111138494466,0.48021794317802546,0.80473841342756,0.05838462671385908,1.0,0.07124086484793214,1,342.4776782989502,true,true,375
1788921199483476877,-1.3999426683091571,-0.24413888007367157,-2.3216217694072374,-0.33914329490167017,0.4806436975669354,0.8069728507441173,0.05251932667443405,1.0,0.07121183992205612,1,342.64731073379517,true,true,375
1788921199683508873,-1.3952799841770038,-0.24342433328031957,-2.3160467711482333,-0.3320043571434964,0.4815943135644993,0.8099365390885216,0.04292815660356517,1.0,0.07013733741816049,1,342.85181999206543,true,true,375
1788921199884130955,-1.3911290303656112,-0.24784757964247228,-2.3188051565307717,-0.3164163704448302,0.48916162755131265,0.8127714728516532,0.0020286853934080775,1.0,0.0688125787358975,1,343.04533338546753,true,true,375
1788921200083408117,-1.4048712303804356,-0.2480915155660798,-2.3153241775462994,-0.3119056190576352,0.4946382700062978,0.8111957058009944,-0.0030648875143800937,1.0,0.0642200169725145,1,343.25480341911316,true,true,375
1788921200283554792,-1.4112470463050917,-0.2520537765970525,-2.318773617941315,-0.3149869665007208,0.4952903621075342,0.8096042665887668,-0.003405827260075906,1.0,0.06365940323247682,1,343.44492173194885,true,true,375
1788921200484158754,-1.4156411103725948,-0.25274829415974026,-2.3237781615107886,-0.3151949013033825,0.49450878584803554,0.8099951706048002,-0.004588955039256572,1.0,0.06423423281730417,1,343.677175283432,true,true,375
1788921200683408499,-1.4260782349470091,-0.25646293440517137,-2.330592182400647,-0.31642597425724256,0.4959831785317182,0.8085823499765602,-0.00835899128550228,1.0,0.06482931012260452,1,343.8649580478668,true,true,375
1788921200883565426,-1.43572382175423,-0.2568858082228488,-2.336457508706867,-0.3141346984693109,0.49667787402776487,0.8089917874948337,-0.012758073317236067,1.0,0.06320957357997524,1,344.0619957447052,true,true,375
1788921201084201813,-1.4470326612770301,-0.2612791187088414,-2.34260933170167,-0.3096559432171065,0.49816628142703656,0.8097574668637953,-0.015375231309221324,1.0,0.0620809614498282,1,344.25064849853516,true,true,375
1788921201283524752,-1.4612445890373655,-0.2673157210405568,-2.3515731942989433,-0.30964683664314124,0.4988798283547846,0.8092452068443355,-0.01897231185346493,0.998868778280543,0.07063104589815337,1,344.457852602005,true,true,375
1788921201483531237,-1.4785045103188408,-0.27349437491705836,-2.362141114343596,-0.3068328847045981,0.5010625822606132,0.8088523041619288,-0.023405545798374467,1.0,0.06797910315941202,1,344.66048884391785,true,true,375
1788921201684200287,-1.495322461293342,-0.2780737986384863,-2.370550768140276,-0.2993774762965918,0.5031320199644359,0.810285167431653,-0.025869762524000195,1.0,0.07102628355708959,1,344.855019569397,true,true,375
1788921201883537292,-1.5114969771918247,-0.28677667663393214,-2.3812081641124276,-0.2955174422775814,0.5045107500952608,0.8106613407186,-0.031089146214645192,1.0,0.07067197290244669,1,345.0622112751007,true,true,375
1788921202083530426,-1.5295037609178397,-0.29168480936454766,-2.396656944243659,-0.285034044142104,0.5115522332545033,0.8096236770990753,-0.03974176408892061,1.0,0.06993942375218076,1,345.2527539730072,true,true,375
1788921202284195423,-1.5273502550667795,-0.2975257857220242,-2.433245496032985,-0.26103629416719043,0.530615768267239,0.8047438442081878,-0.05190669323561153,1.0,0.0753436273106802,1,345.46035742759705,true,true,375
1788921202483552933,-1.5307101801299814,-0.34150357167834455,-2.502829172477797,-0.2768822320007019,0.5359915140827889,0.7960329681920832,-0.04879385191650122,1.0,0.08059416193885031,1,345.6930510997772,true,true,375
1788921202683520317,-1.4849818792127,-0.41732616154609525,-2.5142770446581912,-0.26793586168998873,0.5251093228843857,0.807411338570234,-0.023611509663019458,1.0,0.08034324893174165,1,345.8626494407654,true,true,375
1788921202883526802,-1.4746743298218534,-0.4311557671245384,-2.5055489625711536,-0.27679036699365933,0.5148765263252358,0.810886703775332,-0.027422782848383623,1.0,0.07095561899835733,1,346.0596778392792,true,true,375
1788921203083457470,-1.457317106012825,-0.4427666371029472,-2.489171591764083,-0.26866232572281296,0.510003001116731,0.8165211581082804,-0.031791381703976405,1.0,0.07108763702322236,1,346.2640862464905,true,true,375
1788921203283452511,-1.4433004735454116,-0.45406501631079776,-2.483662918156744,-0.2637358706223157,0.5081631720776724,0.8193216233153331,-0.030424639011391384,1.0,0.07608283241820056,1,346.4701204299927,true,true,375
1788921203484204769,-1.4481579806779097,-0.45303705447142945,-2.4851224476740703,-0.2592408824961641,0.5084819287678924,0.8205781716821405,-0.0298623026220058,1.0,0.08629745498062195,1,346.6832323074341,true,true,375
1788921203683503389,-1.4516313855481324,-0.4534104388089375,-2.4813566503970734,-0.254386113621254,0.508637430459372,0.8220409583227238,-0.028711188972567588,1.0,0.07404894348684297,1,346.86901473999023,true,true,375
1788921203883489847,-1.458756289947693,-0.450165304502395,-2.4793034179179343,-0.2534610265394196,0.5075520679977543,0.822842309867734,-0.03284721279374258,1.0,0.07097405217693144,1,347.0426061153412,true,true,375
1788921204083481789,-1.4636379227415732,-0.45232700669084847,-2.478504458079944,-0.2569115541697297,0.5046834452397969,0.8236729964641084,-0.02922102549224062,1.0,0.06949132162115183,1,347.28816294670105,true,true,375
1788921204283581972,-1.4741344009501625,-0.4434570896722179,-2.493071327505032,-0.2644574469590508,0.5052675805575179,0.8211024001309625,-0.02361735134651052,1.0,0.06584252487071622,1,347.48715806007385,true,true,375
1788921204483639479,-1.4891726106098586,-0.4342635770082328,-2.5045338138311766,-0.2673541133859906,0.5115731983324081,0.8163103285123998,-0.02126236975310821,1.0,0.06484450252228294,1,347.6505751609802,true,true,375
1788921204683417559,-1.51558142362321,-0.43587351764570764,-2.5036965754436773,-0.27516904765042693,0.5115516709000153,0.8134366971965356,-0.030292290579451556,1.0,0.07328641033368322,1,347.8597755432129,true,true,375
1788921204883555889,-1.5352060141604722,-0.4476079080565192,-2.5090792421589856,-0.2830131747048221,0.5082120656354805,0.8123722600571953,-0.040931044154518405,1.0,0.07500045165517943,1,348.0633842945099,true,true,375
1788921205083569765,-1.5443757303664352,-0.44873263357438437,-2.512737520754397,-0.286582108680523,0.5069640150150937,0.8118628988804918,-0.041675123099561596,1.0,0.0730014996012115,1,348.26493287086487,true,true,375
1788921205284232140,-1.5520272366021342,-0.45534127727261275,-2.521922369559147,-0.2970549465039674,0.5025766015415478,0.8112542070714196,-0.03227584002615927,1.0,0.07325232741133259,1,348.4719204902649,true,true,375
1788921205483482361,-1.5633387157721497,-0.45334416611822914,-2.5258789956461496,-0.3150507055572458,0.4999469809539837,0.8065657414365976,-0.015740835546721864,1.0,0.07657259788413838,1,348.66662788391113,true,true,375
1788921205683617830,-1.568729333743726,-0.4561425394708416,-2.5266169076465315,-0.3134569902406124,0.5020975443775365,0.8057647825479052,-0.019643991571724216,1.0,0.07396192304260162,1,348.8466794490814,true,true,375
1788921205883352518,-1.5711182245938597,-0.4567532505515832,-2.5295998905809265,-0.3123591603518714,0.5023867309026595,0.8058921825878228,-0.024023272072028305,1.0,0.07348659739047796,1,349.0545241832733,true,true,375
1788921206083564043,-1.5769581087315958,-0.4567063368405767,-2.5336308634618154,-0.31459819742437833,0.5030016663976294,0.8046248860711316,-0.024414964541385174,1.0,0.07078140406590198,1,349.25699830055237,true,true,375
1788921206283641338,-1.5821874307439272,-0.4605212375789506,-2.5359562334426804,-0.31563807759062945,0.5024222947966841,0.8046191523555247,-0.023075123592320997,1.0,0.06816130322897875,1,349.46069264411926,true,true,375
1788921206483370781,-1.5881038406273769,-0.4631103253111939,-2.5361906578150104,-0.3150675204538963,0.5014323807212405,0.8055108007513344,-0.021222040246045484,1.0,0.06763108062565698,1,349.6617851257324,true,true,375
1788921206683627844,-1.5950529227256989,-0.4646595669844522,-2.5424927081515563,-0.31570017044320364,0.5006389812160635,0.8057824074442734,-0.02021694146955955,1.0,0.06506893449264504,1,349.8592367172241,true,true,375
1788921206883573055,-1.6073415570935479,-0.4687121676798605,-2.548374131525869,-0.31920269857493705,0.5007214216688974,0.8043741968277652,-0.019231395738280088,1.0,0.06532266104258742,1,350.07149171829224,true,true,375
1788921207084238768,-1.62116795157738,-0.47380230865464745,-2.5550906962383744,-0.3193366771697049,0.4998501583614495,0.8048763561410915,-0.01865360890773784,1.0,0.06520855725076037,1,350.2961344718933,true,true,375
1788921207283592701,-1.6373451073001464,-0.4802974965819937,-2.5669683551922025,-0.31901551014034757,0.4997258891264923,0.8050773902839207,-0.01880254451559091,1.0,0.06109873283479158,1,350.5056200027466,true,true,375
1788921207483594894,-1.6571805511506377,-0.4894374498728039,-2.5768079060772355,-0.3192359694481864,0.5004573368291617,0.8045549117751126,-0.017951149347017734,1.0,0.06316122604233895,1,350.66892886161804,true,true,375
1788921207683532476,-1.6758444678753792,-0.49848505289801376,-2.586136202081139,-0.31007727115077255,0.5002528734755393,0.80832194302904,-0.01465554205452996,1.0,0.0657275116735173,1,350.86638164520264,true,true,375
1788921207883558512,-1.6765191100190966,-0.5091529154113793,-2.600620756561706,-0.280864457021225,0.5064710665363659,0.8152024441798603,-0.006869537602231215,1.0,0.0803074683626929,1,351.09536719322205,true,true,375
1788921208083609343,-1.6363058860403514,-0.5844257168411068,-2.6466786250003613,-0.2798276399235483,0.5044888480925916,0.8167808503814501,-0.007519078080474185,1.0,0.09405625784059632,1,351.28066062927246,true,true,375
1788921208283551455,-1.6232176003392078,-0.6429833705841038,-2.6559137677112967,-0.2744749866234439,0.5022556292313353,0.8200010387130012,-0.0010301131456493687,1.0,0.07668776297578657,1,351.4906487464905,true,true,375
1788921208483600378,-1.5952901293198094,-0.672070531671051,-2.6547537604789437,-0.27389018544337257,0.5001154440925356,0.8214879968704525,-0.005116629328975525,1.0,0.07690610424768662,1,351.6526324748993,true,true,375
1788921208683680773,-1.6279694170744239,-0.6928832234926358,-2.700023190293345,-0.3107801778590124,0.5093898592956613,0.8023801531407604,0.011123944555559434,1.0,0.08466873870999436,1,351.84604597091675,true,true,375
1788921208883553505,-1.7023051833318483,-0.6745753117256145,-2.7060783501239474,-0.3180968558311261,0.4985830647683847,0.8062815548149541,-0.011805600437716158,1.0,0.07271472329402372,1,352.12821102142334,true,true,375
1788921209083586931,-1.715560328395018,-0.6825226804418806,-2.710113286627929,-0.2969413882213248,0.4982305273339894,0.8146057697303923,-0.0030973400911628356,1.0,0.07112497632677287,1,352.35135293006897,true,true,375
1788921209283623695,-1.7216177711558287,-0.6805402550490949,-2.714296086166045,-0.2978443519336284,0.5005125220192022,0.8127899879417305,-0.012181659365400109,1.0,0.06834629242164492,1,352.4757025241852,true,true,375
1788921209483596325,-1.7193462991111381,-0.6753374899660142,-2.71639211142153,-0.3016874559037707,0.5033639800798381,0.8093243082449871,-0.02456718527357527,1.0,0.07001502681041298,1,352.6580832004547,true,true,375
1788921209683473349,-1.718627015344602,-0.666256168152839,-2.708014805299452,-0.3011484427145455,0.5040391274068875,0.8090593119003466,-0.026023130496604305,1.0,0.06990131451090942,1,352.87469935417175,true,true,375
1788921209883659840,-1.7037232867829293,-0.6679948924341371,-2.701056920212268,-0.2988052381450673,0.500447676967164,0.8121898761965938,-0.024802364383236648,1.0,0.06657570066986246,1,353.05460953712463,true,true,375
1788921210083736420,-1.713120907048854,-0.6775669057515782,-2.7110375108018876,-0.30834135351402586,0.5007609142722479,0.808199441715759,-0.031269455714723796,1.0,0.06854822814473016,1,353.25708770751953,true,true,375
1788921210283483028,-1.7329313441146432,-0.6857919702882277,-2.7249521608214997,-0.313494588785225,0.5020694818757755,0.8052827899523961,-0.034161475053877746,1.0,0.06978631821099848,1,353.4746308326721,true,true,375
1788921210483615160,-1.7513919929958812,-0.6916310502737678,-2.7392234407834946,-0.311289120944862,0.5041186975122708,0.8047753962691764,-0.03605528476791497,1.0,0.06915803706969417,1,353.68553853034973,true,true,375
1788921210683409691,-1.7774714594286825,-0.6991706173609451,-2.755317911692014,-0.30856378300833087,0.5038559124580682,0.806087262669301,-0.03377774798513613,1.0,0.07282159640982495,1,353.8839476108551,true,true,375
1788921210883556843,-1.804304888663173,-0.7099830990991729,-2.7656977670078695,-0.3007953865058239,0.5027425857020641,0.8100310600548517,-0.024934107660524653,1.0,0.06631999996471813,1,354.085086107254,true,true,375
1788921211083747625,-1.8219965878087359,-0.7213652075526166,-2.7789286359664005,-0.2813006740815331,0.5097110041284341,0.8129147012476031,-0.01530723773831326,1.0,0.07265305821267745,1,354.26053738594055,true,true,375
1788921211283515453,-1.8043349532073238,-0.7621439608832314,-2.8214182884958836,-0.2561568752462978,0.5265499231812136,0.8105372043653718,-0.01258069956227928,1.0,0.07589720194203976,1,354.53349351882935,true,true,375
1788921211483687162,-1.7896363534868287,-0.8324657507238296,-2.8431588554152647,-0.27615645744723727,0.4983973409402728,0.821781775132416,0.003523579724074747,1.0,0.07837050982137293,1,354.72503876686096,true,true,375
1788921211683704138,-1.7681325914942063,-0.8822074658970223,-2.8652042128818587,-0.28767466419225685,0.4999142588531159,0.816889036058655,-0.004617807312199716,1.0,0.07507872139903125,1,354.907511472702,true,true,375
1788921211883523703,-1.7558596795572403,-0.8987612192681433,-2.8750248537722722,-0.30462860913199025,0.4985896158501977,0.8115182325335382,-0.006925585195715169,1.0,0.07251488704198136,1,355.07972264289856,true,true,375
1788921212083661318,-1.80369319636806,-0.9088764440535655,-2.8869016138158194,-0.32147801738254916,0.49555760184927344,0.8068173463721228,-0.0109689189179117,1.0,0.07418964209145623,1,355.3306088447571,true,true,375
1788921212283696651,-1.8686666906725435,-0.9004091593208449,-2.886053963056018,-0.32009612069980536,0.4904291366923434,0.8104630695574164,-0.012936316311381493,1.0,0.0719548021666537,1,355.50771617889404,true,true,375
1788921212483434916,-1.8863621598821039,-0.9089926998061144,-2.8997338956596947,-0.3179063190792455,0.49035978159263643,0.8114078730987648,-0.010006016152538842,1.0,0.07060988265671878,1,355.6682105064392,true,true,375
1788921212683731794,-1.8949970177944655,-0.9072229924001507,-2.9132039788391824,-0.31334446129077725,0.492890219383314,0.8116862104843383,-0.006322651677490628,1.0,0.06941807556965493,1,355.85939741134644,true,true,375
1788921212883723736,-1.8996828884483221,-0.9093842798684159,-2.9236986015118913,-0.314934877422978,0.4959335176958405,0.809189456790757,-0.008853927212363678,1.0,0.06665681151839271,1,356.0665521621704,true,true,375
1788921213083700895,-1.9071153563257144,-0.9091143619543509,-2.9291584108546838,-0.3164090235302227,0.49640285703427733,0.8082790250202919,-0.012431857025519867,1.0,0.06519111762264848,1,356.2616984844208,true,true,375
1788921213283552885,-1.9169435221800617,-0.9102611902145434,-2.93096321372153,-0.3173405299816645,0.4970093958916634,0.8074853082788545,-0.015624510877540326,1.0,0.06589222294339195,1,356.4522132873535,true,true,375
1788921213483610153,-1.9271167128538196,-0.916364616370132,-2.9388270482659524,-0.3229975824067849,0.49753804392619977,0.8048420767667611,-0.018912643158196425,1.0,0.06737848480240882,1,356.65583896636963,true,true,375
1788921213683555841,-1.9445581953806093,-0.9179314867771265,-2.9472214127138288,-0.32578232016374403,0.49719866929306084,0.8038891641967119,-0.02053228699021323,1.0,0.06646816678423596,1,356.86241030693054,true,true,375
1788921213883699656,-1.9625317662562742,-0.9207901633202289,-2.956697654398693,-0.323069811678038,0.4974785863226242,0.8047950710097618,-0.021115080183417376,1.0,0.06408534995201262,1,357.06307077407837,true,true,375
1788921214083609819,-1.9821001826239193,-0.9311329844764593,-2.9700166225841085,-0.31813248625987517,0.4990684869992133,0.8058210091233168,-0.01936150112735765,1.0,0.07101691327387417,1,357.264363527298,true,true,375
1788921214283631563,-2.0045304590829347,-0.9341871214929885,-2.985676653365143,-0.3096136207907927,0.5008295359317076,0.8080582159784354,-0.018737698604492335,1.0,0.09933571774633343,1,357.4702568054199,true,true,375
1788921214483604431,-2.0101715383440646,-0.9545250796393,-3.015714389628054,-0.27524067410755215,0.5076954479440113,0.8163723635513861,-0.004905862133428877,1.0,0.07702620858656639,1,357.6763997077942,true,true,375
1788921214683542490,-1.9648763631981427,-1.0818607918475138,-3.0796829170739923,-0.28720758796733836,0.49539081204140095,0.8198070294967142,0.0040223310055172035,1.0,0.07560495242805679,1,357.8857991695404,true,true,375
1788921214883665085,-1.9345935753463939,-1.096622169048085,-3.0820514784651896,-0.3102923039417335,0.5025898591754099,0.806857624020568,-0.010143674307450131,1.0,0.0746668905585872,1,358.14144468307495,true,true,375
1788921215083561659,-1.9340453812056693,-1.1091591298597505,-3.0816053259895706,-0.3057895489406974,0.5010021443655258,0.809548898772871,-0.010962827893458042,1.0,0.0730831765465724,1,358.30273938179016,true,true,375
1788921215283750057,-1.9225740961165605,-1.1097742340199346,-3.0746776491126453,-0.29556505840887953,0.49899530575344386,0.814573849156744,-0.010696978720560604,1.0,0.07513339714548224,1,358.55045986175537,true,true,375
1788921215483684301,-1.9242360960711697,-1.109760195885758,-3.072836334828374,-0.2865016823401681,0.4997105792594547,0.8174168177164619,-0.005989082294102674,1.0,0.07347663549958504,1,358.76659321784973,true,true,375
1788921215682996750,-1.9326874220441979,-1.1051124470966505,-3.0723968446220327,-0.28293048915786173,0.49814515139826276,0.8196152129382266,-0.005713944654960114,1.0,0.06960944611757375,1,359.11999011039734,true,true,375
1788921215883671761,-1.951403485561347,-1.0968886121985897,-3.067111538765774,-0.28234652050886827,0.49810690225407595,0.8198129772356325,-0.008754349743485905,1.0,0.07001387097353522,1,359.3714187145233,true,true,375
1788921216083534241,-1.9673188035989535,-1.09737443024748,-3.073677762781762,-0.289471660255157,0.4979276529448861,0.8173486194995446,-0.0146780292991915,1.0,0.07028570370724957,1,359.57583594322205,true,true,375
1788921216283703327,-1.985142141270671,-1.1025448877993245,-3.083754916723325,-0.299540819725239,0.4986127407713737,0.8131671551262374,-0.02048926261951015,1.0,0.070783046800591,1,359.69982051849365,true,true,375
1788921216483844042,-1.998213934088485,-1.1072549937897966,-3.0897298375542652,-0.30069492614606114,0.4976121590880591,0.8133368058784642,-0.021164610111019402,1.0,0.07095611551259791,1,359.8786447048187,true,true,375
1788921216683517933,-2.0114476243730253,-1.1100159288577223,-3.1014768769383143,-0.3030570246444028,0.499740928860828,0.8111646966732028,-0.02067072098569892,1.0,0.06891863747930303,1,360.0470452308655,true,true,375
1788921216883743286,-2.032639045415455,-1.1136310203576052,-3.11171615240688,-0.30719343477076355,0.5015481633952347,0.8084278097251687,-0.02293708550737942,1.0,0.06996212367085042,1,360.23115611076355,true,true,375
1788921217083497763,-2.0555101037155503,-1.1255771255636746,-3.1236377076008726,-0.31218217460292635,0.5005437738145595,0.8068911424282929,-0.030412244679252687,1.0,0.07336524575056733,1,360.35657930374146,true,true,375
1788921217283579588,-2.08104958153129,-1.136383739729788,-3.136781144347173,-0.3061278291276929,0.5037332726450595,0.8071104607262299,-0.03333536335719367,1.0,0.07127365533036216,1,360.5116493701935,true,true,375
1788921217483833075,-2.1100255945964683,-1.1378358981598682,-3.153269207409908,-0.2870566931049227,0.5089781337423478,0.8109808723515435,-0.029150282944617217,1.0,0.07125598155120164,1,360.66473865509033,true,true,375
1788921217683510303,-2.119308270693596,-1.1480478465651103,-3.1824783760552027,-0.26634652886114435,0.5216769199954931,0.8097730608632229,-0.034355605188106104,1.0,0.07110473570871856,1,360.86677598953247,true,true,375
1788921217883562803,-2.1255073750666322,-1.1941575924331003,-3.23858653563281,-0.2589350016293745,0.551001975070255,0.7924675144349158,-0.03667051902030985,1.0,0.08552421585659031,1,361.20007729530334,true,true,375
1788921218083731413,-2.1134704052712023,-1.2625088025050157,-3.2696585873666506,-0.278019351432458,0.5059875810429748,0.8155691042973862,-0.039100437016899456,1.0,0.08377321412069402,1,361.36441445350647,true,true,375
1788921218283568144,-2.106479827271673,-1.304867064052259,-3.2738582476253257,-0.28238765092054574,0.5086949729018044,0.8119582489505549,-0.04701532849141487,1.0,0.07726978516289393,1,361.5585958957672,true,true,375
1788921218482987165,-2.1145502236897062,-1.3168056737270697,-3.275996255370062,-0.284777255047422,0.5096334082358185,0.8101426289739933,-0.053335025421430475,1.0,0.07327123526954887,1,361.8304269313812,true,true,375
1788921218683846474,-2.1340708798045656,-1.3178158220116283,-3.276668465329912,-0.2799753340943665,0.5081590395886773,0.8125788307137144,-0.055712176936395096,1.0,0.07442168177592381,1,362.0336103439331,true,true,375
1788921218883484125,-2.151175991087752,-1.327462357451861,-3.2881734819426773,-0.2863183955056208,0.5103097312565165,0.8088076078665662,-0.05861747211498028,1.0,0.07347190617950373,1,362.2458407878876,true,true,375
1788921219083616495,-2.163812217160368,-1.3311536536678636,-3.29957399098052,-0.29049785646601667,0.5109651341549113,0.8069731654823823,-0.057618896709722554,1.0,0.07156424121917986,1,362.4286856651306,true,true,375
1788921219283870935,-2.1825603839649204,-1.3377096278359037,-3.3068602787673864,-0.2919966515430049,0.5114423727598089,0.8057813099592886,-0.06229875884623328,1.0,0.07575597054061894,1,362.6581885814667,true,true,375
1788921219483173132,-2.2029341967042053,-1.3464808272395232,-3.3155811211778725,-0.29426714974689755,0.5119464831433767,0.8043052352999668,-0.06641333786242617,1.0,0.07945400891658112,1,362.8225169181824,true,true,375
1788921219683808804,-2.225450178035981,-1.3586836178771655,-3.3275691623786203,-0.2965797904377206,0.5126030710517264,0.8026182317401732,-0.07129160911729095,1.0,0.07753994361605177,1,363.0134222507477,true,true,375
1788921219883047819,-2.2543009613946627,-1.372283649747539,-3.3417342045847134,-0.2964107677838595,0.5133397931409898,0.8018745316557339,-0.07496765303545666,1.0,0.07562176804048582,1,363.21821546554565,true,true,375
1788921220082963943,-2.310632239989107,-1.3582101977692018,-3.3625901154345756,-0.31779381688777986,0.49519434289604186,0.8079319970264908,-0.03217982119961237,1.0,0.09522465043557526,1,363.3625090122223,true,true,375
1788921220283628225,-2.337962082805287,-1.3864864733404174,-3.366728897214118,-0.3411908244763383,0.45106900175860476,0.8195305915257034,0.09216933600272069,1.0,0.08454075656115469,1,363.52427196502686,true,true,375
1788921220483153582,-2.282554700886185,-1.5492784649895295,-3.4141464164196744,-0.36091148104918713,0.4695106755483313,0.7982863633423339,0.109733816550334,1.0,0.09344968895491997,1,363.7498686313629,true,true,375
1788921220683857679,-2.2576430157197658,-1.5715478003839787,-3.4338104639842575,-0.34748538822115815,0.46896691926840334,0.8055207293405888,0.1022755503886388,1.0,0.07622076939986308,1,363.92868161201477,true,true,375
1788921220882983208,-2.2539088834653507,-1.5600252342099303,-3.4359148123997403,-0.35367741744033315,0.4693097340861672,0.8032418803685294,0.0972786693306189,1.0,0.08351839867420609,1,364.1115765571594,true,true,375
1788921221083663702,-2.2378936874797497,-1.5767211219596153,-3.437696284098064,-0.35797923558476386,0.4682270477520466,0.8023521190313346,0.09404985767919831,1.0,0.07434494347571645,1,364.3281145095825,true,true,375
1788921221283890247,-2.2546888933118217,-1.5667757549177743,-3.4395064597750786,-0.35881552463797184,0.46918046826263243,0.8014452519978398,0.09384356946404286,1.0,0.07024471539630435,1,364.5502450466156,true,true,375
1788921221483558416,-2.27246457160651,-1.547646861813336,-3.439618727129655,-0.35757590167882347,0.4701519066067548,0.8010528506599965,0.09701025565424712,1.0,0.07019745370607347,1,364.76074719429016,true,true,375
1788921221683771133,-2.284726112397132,-1.553954449760262,-3.452930630631195,-0.3658427150740983,0.47165193115236814,0.7970225951760274,0.0919703563455307,1.0,0.07206083735360266,1,364.94443249702454,true,true,375
1788921221883917332,-2.297287130835899,-1.5597134361010545,-3.4645895191092864,-0.3659559881679328,0.4703648507437824,0.7986950326685458,0.08318273077629243,1.0,0.07368754535276006,1,365.15768337249756,true,true,375
1788921222083694220,-2.325188409950199,-1.541552777633306,-3.461397025722248,-0.3635889087377623,0.4693739727679076,0.8007278486859213,0.07953673031857851,1.0,0.0795803593463388,1,365.35865902900696,true,true,375
1788921222283619165,-2.3245306488138824,-1.5696205489919222,-3.4790897655297974,-0.3686506241093598,0.46920434775461345,0.7986370150242272,0.07824906149685767,1.0,0.07047247893641936,1,365.5851831436157,true,true,375
1788921222483814955,-2.339346300583451,-1.5711975213947422,-3.490311705328633,-0.3718655440225169,0.4686743392861746,0.7973801764916294,0.07902679926254476,1.0,0.0721954809288594,1,365.8748528957367,true,true,375
1788921222683668375,-2.3527584386223706,-1.5745671628728743,-3.5016146236232104,-0.37238516443214725,0.4673732731434043,0.7975979665451538,0.0820304615682391,1.0,0.07025874264302687,1,366.2560088634491,true,true,375
1788921222883714914,-2.368501025466313,-1.582092484399108,-3.5077913739948148,-0.37161334906594246,0.46484102264911487,0.7993051509499799,0.0832923653364985,1.0,0.07266694156099882,1,366.4394266605377,true,true,375
1788921223083807468,-2.3893095587326605,-1.5816400992262774,-3.52231489507752,-0.36807204446804426,0.46684651265345983,0.8005676755230056,0.0752907737515574,1.0,0.07183097337617649,1,366.5966901779175,true,true,375
1788921223283626795,-2.3955682327385266,-1.5804167976538501,-3.541872212992192,-0.36237779459073716,0.47213642679398676,0.8006326640935675,0.0689700345671665,1.0,0.07097807953446938,1,366.8742985725403,true,true,375
1788921223483705282,-2.405976258319381,-1.582835771775474,-3.55521570755213,-0.35901213671458765,0.47428043486757815,0.800711996365786,0.07091300070765537,1.0,0.0704061048258572,1,367.12004041671753,true,true,375
1788921223683666945,-2.4199057702254305,-1.5850152733034883,-3.5694003770533924,-0.3614932071981751,0.47349539228370624,0.8001998811640406,0.06931756502309037,1.0,0.0691322152932818,1,367.3145661354065,true,true,375
1788921223883818388,-2.4353493424490593,-1.5897225108168915,-3.583640443414974,-0.36406396225027826,0.47430993382411357,0.7986284806450207,0.06841102227724356,1.0,0.07496588600739681,1,367.554714679718,true,true,375
1788921224083549500,-2.449600056162405,-1.5944047510947017,-3.5937947598736937,-0.36543969474144916,0.4746524108300079,0.7979582275716395,0.06649500320523442,1.0,0.08662398225342853,1,367.7273464202881,true,true,375
1788921224283869267,-2.4674037322841578,-1.596120967533835,-3.605815427014632,-0.36732951061778674,0.47472145805829036,0.7974795466816424,0.061114159674733964,0.9988331388564761,0.10863570186515377,1,368.13040566444397,true,true,375
1788921224483606339,-2.503741034353757,-1.5789475398909645,-3.6188165802466385,-0.36534200282606355,0.4769527972933505,0.7972920352938775,0.058022931518787804,0.9974587039390089,0.10454948286190427,1,368.32358598709106,true,true,375
1788921224683705568,-2.528999351538173,-1.5843800247867903,-3.6324397808801017,-0.36200239210394164,0.4774126861804479,0.7983384533301786,0.06072157046198849,1.0,0.08963960742272206,1,368.5157940387726,true,true,375
1788921224883004189,-2.5388809630936775,-1.5952539413419633,-3.6473053302278515,-0.3434388037057194,0.4746150130759361,0.8077215431647133,0.06615350466699532,1.0,0.08272976211862286,1,368.749472618103,true,true,375
1788921225083838224,-2.5600902542044617,-1.6188606508356091,-3.658347086942472,-0.34980237493597816,0.47808660368300465,0.8016810840371301,0.07986825004374166,1.0,0.08316804814149607,1,369.0613708496094,true,true,375
1788921225283612251,-2.564048836113111,-1.6807687636006006,-3.658213535322338,-0.4383899634953765,0.45601724229776247,0.7549482054665203,0.17296161914293673,1.0,0.1110238087202796,1,369.3481709957123,true,true,375
1788921225483705521,-2.564048836113111,-1.6807687636006006,-3.658213535322338,-0.4383899634953765,0.45601724229776247,0.7549482054665203,0.17296161914293673,1.0,0.09795695647034458,0,369.54323077201843,false,false,376
1788921225682998180,-2.564048836113111,-1.6807687636006006,-3.658213535322338,-0.4383899634953765,0.45601724229776247,0.7549482054665203,0.17296161914293673,0.9978925184404637,0.11504219760740642,0,369.92212557792664,false,false,377
1788921225883116722,-2.564048836113111,-1.6807687636006006,-3.658213535322338,-0.4383899634953765,0.45601724229776247,0.7549482054665203,0.17296161914293673,0.9989939637826962,0.10078282521644229,0,370.1346197128296,false,false,378
1788921226083707809,-2.564048836113111,-1.6807687636006006,-3.658213535322338,-0.4383899634953765,0.45601724229776247,0.7549482054665203,0.17296161914293673,1.0,0.08137016923961483,0,370.34258460998535,false,false,379
1788921226283011675,-2.564048836113111,-1.6807687636006006,-3.658213535322338,-0.4383899634953765,0.45601724229776247,0.7549482054665203,0.17296161914293673,1.0,0.08810476259446624,0,370.4566276073456,false,false,380
1788921226483616352,-2.564048836113111,-1.6807687636006006,-3.658213535322338,-0.4383899634953765,0.45601724229776247,0.7549482054665203,0.17296161914293673,0.8518057285180572,0.36295876202560745,0,370.59038043022156,false,false,381
1788921226683712006,-2.564048836113111,-1.6807687636006006,-3.658213535322338,-0.4383899634953765,0.45601724229776247,0.7549482054665203,0.17296161914293673,1.0,0.08979311860766274,0,370.70930314064026,false,false,382
1788921226883060217,-2.564048836113111,-1.6807687636006006,-3.658213535322338,-0.4383899634953765,0.45601724229776247,0.7549482054665203,0.17296161914293673,0.8888888888888888,0.3646913040956295,0,370.85460329055786,false,false,383
1788921227083131075,-2.564048836113111,-1.6807687636006006,-3.658213535322338,-0.4383899634953765,0.45601724229776247,0.7549482054665203,0.17296161914293673,0.6719101123595506,0.33766501100028745,0,371.031489610672,false,false,384
1788921227283753633,-2.564048836113111,-1.6807687636006006,-3.658213535322338,-0.4383899634953765,0.45601724229776247,0.7549482054665203,0.17296161914293673,1.0,0.11308508273817093,0,371.3568956851959,false,false,385
1788921227483794928,-2.564048836113111,-1.6807687636006006,-3.658213535322338,-0.4383899634953765,0.45601724229776247,0.7549482054665203,0.17296161914293673,1.0,0.08261112286437362,0,371.5593876838684,false,false,386
1788921227683158159,-2.564048836113111,-1.6807687636006006,-3.658213535322338,-0.4383899634953765,0.45601724229776247,0.7549482054665203,0.17296161914293673,1.0,0.0816144889998953,0,371.77588868141174,false,false,387
1788921227883720398,-2.564048836113111,-1.6807687636006006,-3.658213535322338,-0.4383899634953765,0.45601724229776247,0.7549482054665203,0.17296161914293673,1.0,0.07961660962140454,0,371.93043971061707,false,false,388
1788921228083053589,-2.564048836113111,-1.6807687636006006,-3.658213535322338,-0.4383899634953765,0.45601724229776247,0.7549482054665203,0.17296161914293673,1.0,0.07960775091492373,0,372.06785559654236,false,false,389
1788921228283726931,-2.564048836113111,-1.6807687636006006,-3.658213535322338,-0.4383899634953765,0.45601724229776247,0.7549482054665203,0.17296161914293673,1.0,0.10728314978328019,0,372.28672337532043,false,false,390
1788921228482990026,-2.564048836113111,-1.6807687636006006,-3.658213535322338,-0.4383899634953765,0.45601724229776247,0.7549482054665203,0.17296161914293673,1.0,0.08688022792133514,0,372.43764448165894,false,false,391
1788921228683069229,-2.564048836113111,-1.6807687636006006,-3.658213535322338,-0.4383899634953765,0.45601724229776247,0.7549482054665203,0.17296161914293673,1.0,0.08533655786417664,0,372.6211893558502,false,false,392
1788921228883162022,-2.564048836113111,-1.6807687636006006,-3.658213535322338,-0.4383899634953765,0.45601724229776247,0.7549482054665203,0.17296161914293673,1.0,0.08709742637259689,0,372.81861114501953,false,false,393
1788921229083764076,-2.564048836113111,-1.6807687636006006,-3.658213535322338,-0.4383899634953765,0.45601724229776247,0.7549482054665203,0.17296161914293673,1.0,0.09150405016670496,0,372.9546024799347,false,false,394
1788921229283144236,-2.564048836113111,-1.6807687636006006,-3.658213535322338,-0.4383899634953765,0.45601724229776247,0.7549482054665203,0.17296161914293673,1.0,0.09623934796395646,0,373.1260840892792,false,false,395
1788921229482996225,-2.564048836113111,-1.6807687636006006,-3.658213535322338,-0.4383899634953765,0.45601724229776247,0.7549482054665203,0.17296161914293673,1.0,0.09114376426645011,0,373.30606150627136,false,false,396
1788921229683086395,-2.564048836113111,-1.6807687636006006,-3.658213535322338,-0.4383899634953765,0.45601724229776247,0.7549482054665203,0.17296161914293673,1.0,0.09000086807150989,0,373.66258358955383,false,false,397
1788921229883038521,-2.564048836113111,-1.6807687636006006,-3.658213535322338,-0.4383899634953765,0.45601724229776247,0.7549482054665203,0.17296161914293673,1.0,0.09643722728194572,0,374.09859251976013,false,false,398
1788921230083128691,-2.564048836113111,-1.6807687636006006,-3.658213535322338,-0.4383899634953765,0.45601724229776247,0.7549482054665203,0.17296161914293673,1.0,0.09991935539939599,0,374.2814826965332,false,false,399
1788921230282998800,-2.564048836113111,-1.6807687636006006,-3.658213535322338,-0.4383899634953765,0.45601724229776247,0.7549482054665203,0.17296161914293673,0.9988221436984688,0.1015863805146498,0,374.5354850292206,false,false,400
1788921230483859301,-2.564048836113111,-1.6807687636006006,-3.658213535322338,-0.4383899634953765,0.45601724229776247,0.7549482054665203,0.17296161914293673,1.0,0.09217316593021074,0,374.68665170669556,false,false,401
1788921230683717012,-2.564048836113111,-1.6807687636006006,-3.658213535322338,-0.4383899634953765,0.45601724229776247,0.7549482054665203,0.17296161914293673,0.6585365853658537,0.38806604017479884,0,374.8241124153137,false,false,402
1788921230882991791,-2.564048836113111,-1.6807687636006006,-3.658213535322338,-0.4383899634953765,0.45601724229776247,0.7549482054665203,0.17296161914293673,0.6489468405215647,0.3480828651062435,0,374.9945559501648,false,false,403
1788921231083903551,-2.564048836113111,-1.6807687636006006,-3.658213535322338,-0.4383899634953765,0.45601724229776247,0.7549482054665203,0.17296161914293673,0.6246153846153846,0.369165628583185,0,375.11810326576233,false,false,404
1788921231283697367,-2.564048836113111,-1.6807687636006006,-3.658213535322338,-0.4383899634953765,0.45601724229776247,0.7549482054665203,0.17296161914293673,0.6694129763130793,0.3312146595536667,0,375.26313400268555,false,false,405
1788921231483754635,-2.564048836113111,-1.6807687636006006,-3.658213535322338,-0.4383899634953765,0.45601724229776247,0.7549482054665203,0.17296161914293673,0.6698212407991588,0.3177907420405997,0,375.40421652793884,false,false,406
1788921231683753252,-2.564048836113111,-1.6807687636006006,-3.658213535322338,-0.4383899634953765,0.45601724229776247,0.7549482054665203,0.17296161914293673,0.7002341920374707,0.31216410789198745,0,375.5428378582001,false,false,407
1788921231883768797,-2.564048836113111,-1.6807687636006006,-3.658213535322338,-0.4383899634953765,0.45601724229776247,0.7549482054665203,0.17296161914293673,0.6959910913140311,0.3791134102795861,0,375.6665940284729,false,false,408
1788921232082971573,-2.564048836113111,-1.6807687636006006,-3.658213535322338,-0.4383899634953765,0.45601724229776247,0.7549482054665203,0.17296161914293673,0.6813725490196079,0.37140200226925824,0,375.7965774536133,false,false,409
1788921232283016920,-2.564048836113111,-1.6807687636006006,-3.658213535322338,-0.4383899634953765,0.45601724229776247,0.7549482054665203,0.17296161914293673,0.7059415911379657,0.37892232653512864,0,375.91142678260803,false,false,410
1788921232482974052,-2.564048836113111,-1.6807687636006006,-3.658213535322338,-0.4383899634953765,0.45601724229776247,0.7549482054665203,0.17296161914293673,0.7434077079107505,0.37017131250717733,0,376.01465368270874,false,false,411
1788921232683729887,-2.564048836113111,-1.6807687636006006,-3.658213535322338,-0.4383899634953765,0.45601724229776247,0.7549482054665203,0.17296161914293673,0.7548828125,0.37451410166523724,0,376.1217794418335,false,false,412
1788921232883774519,-2.564048836113111,-1.6807687636006006,-3.658213535322338,-0.4383899634953765,0.45601724229776247,0.7549482054665203,0.17296161914293673,0.7360824742268042,0.37186383033615944,0,376.2226836681366,false,false,413
1788921233083798647,-2.564048836113111,-1.6807687636006006,-3.658213535322338,-0.4383899634953765,0.45601724229776247,0.7549482054665203,0.17296161914293673,0.6979936642027456,0.37573899919170517,0,376.3444104194641,false,false,414
1788921233283821106,-2.564048836113111,-1.6807687636006006,-3.658213535322338,-0.4383899634953765,0.45601724229776247,0.7549482054665203,0.17296161914293673,0.676829268292683,0.3808485248408457,0,376.4702434539795,false,false,415
1788921233483046770,-2.564048836113111,-1.6807687636006006,-3.658213535322338,-0.4383899634953765,0.45601724229776247,0.7549482054665203,0.17296161914293673,0.6807909604519774,0.3865663027273406,0,376.6670413017273,false,false,416
1788921233683033705,-2.564048836113111,-1.6807687636006006,-3.658213535322338,-0.4383899634953765,0.45601724229776247,0.7549482054665203,0.17296161914293673,0.6750629722921915,0.3345050075595484,0,376.8617765903473,false,false,417
1788921233883036852,-2.564048836113111,-1.6807687636006006,-3.658213535322338,-0.4383899634953765,0.45601724229776247,0.7549482054665203,0.17296161914293673,0.7408906882591093,0.3676905387593689,0,377.06731700897217,false,false,418
1788921234083733559,-2.564048836113111,-1.6807687636006006,-3.658213535322338,-0.4383899634953765,0.45601724229776247,0.7549482054665203,0.17296161914293673,0.811577752553916,0.3885153267685205,0,377.291152715683,false,false,419
1788921234283748865,-2.564048836113111,-1.6807687636006006,-3.658213535322338,-0.4383899634953765,0.45601724229776247,0.7549482054665203,0.17296161914293673,0.7042682926829268,0.37807331517318804,0,377.4530277252197,false,false,420
1788921234483769417,-2.564048836113111,-1.6807687636006006,-3.658213535322338,-0.4383899634953765,0.45601724229776247,0.7549482054665203,0.17296161914293673,0.6515748031496063,0.34362402847429624,0,377.65659952163696,false,false,421
1788921234683017731,-2.564048836113111,-1.6807687636006006,-3.658213535322338,-0.4383899634953765,0.45601724229776247,0.7549482054665203,0.17296161914293673,0.6446360153256705,0.3345848531689672,0,377.8666820526123,false,false,422
1788921234883967638,-2.564048836113111,-1.6807687636006006,-3.658213535322338,-0.4383899634953765,0.45601724229776247,0.7549482054665203,0.17296161914293673,0.649325626204239,0.3441159725832402,0,378.0705235004425,false,false,423
1788921235083187103,-2.564048836113111,-1.6807687636006006,-3.658213535322338,-0.4383899634953765,0.45601724229776247,0.7549482054665203,0.17296161914293673,0.7417417417417418,0.39252327473141757,0,378.30772376060486,false,false,424
1788921235283841848,-2.577051298870752,-1.2618704919616754,-3.457201317584805,-0.3303581450284479,0.47553056402474064,0.813165212579155,0.0591313431504091,0.6482965931863728,0.33345614426614345,1,378.5716540813446,true,true,425
1788921235483013630,-2.5923522400540686,-1.264163325065132,-3.4685100689576758,-0.31519150975117904,0.4767133261178599,0.8184693634771143,0.05921670314856579,1.0,0.12007978025365583,1,378.80534315109253,true,true,425
1788921235683175325,-2.6193913561569406,-1.2725985247922007,-3.485013914288632,-0.29217153153673425,0.4744183873850719,0.8275501081889519,0.06872996658575618,1.0,0.09147184733729397,1,378.98575496673584,true,true,425
1788921235882985115,-2.6438661376699115,-1.2780424290403298,-3.5067590399656607,-0.30198103584097835,0.47689620152353274,0.8234912263028265,0.05691807416894472,1.0,0.07975496440454638,1,379.1066241264343,true,true,425
1788921236082978725,-2.6637967082150618,-1.2782064620080058,-3.5217504440271457,-0.31543439168201554,0.4796357143467476,0.8175099393037325,0.046132691303325334,1.0,0.07977523642351587,1,379.28148794174194,true,true,425
1788921236283037901,-2.6931522355874966,-1.279718623551262,-3.5315932142340793,-0.3243710566393316,0.4808858564331274,0.8136630816446669,0.038530510842233884,1.0,0.07909854773060586,1,379.5217409133911,true,true,425
1788921236482978821,-2.7158341362661793,-1.2850434087026312,-3.5476433643786662,-0.3239876128780745,0.4819249052351297,0.8134775263649786,0.032167165165614894,1.0,0.07451107163260155,1,379.6868054866791,true,true,425
1788921236683881283,-2.747271699971177,-1.2914558114127292,-3.5697510265352714,-0.31966805769529844,0.4825807586547453,0.8149000863871677,0.02942776701876394,1.0,0.0767216831698688,1,379.91025590896606,true,true,425
1788921236883074999,-2.7659347117351416,-1.3047673796547803,-3.5847833432093625,-0.3007401756042267,0.48155960840369416,0.8224007107632596,0.036232047522922126,1.0,0.07473190186040014,1,380.08837604522705,true,true,425
1788921237083834171,-2.7746646064645515,-1.31474458023178,-3.5935547003825166,-0.27195932785460725,0.4792551628899741,0.8328844455161709,0.05153749366619485,1.0,0.07706374624780185,1,380.2951121330261,true,true,425
1788921237283867359,-2.794503710958054,-1.3100956871331884,-3.5967378328146338,-0.27785652648949216,0.4826644319976577,0.829426320122709,0.04339096978948811,1.0,0.07270459045748624,1,380.50682497024536,true,true,425
1788921237483102798,-2.802743424963595,-1.3002336306037254,-3.592119504306118,-0.29738128121703816,0.4861396271987367,0.8211920390015175,0.02960188388117329,1.0,0.07145786281653252,1,380.68744015693665,true,true,425
1788921237683139801,-2.7957772003864823,-1.304080349945331,-3.5970678790279607,-0.3200584294263255,0.48500402386302904,0.8136714611841901,0.01650611535787968,1.0,0.07369099120289706,1,380.9258625507355,true,true,425
1788921237883095264,-2.785312668725616,-1.301539009637886,-3.589848180481038,-0.31851648486344974,0.48612976282296755,0.8136107246561449,0.01620775408309821,1.0,0.06844469971037936,1,381.0745906829834,true,true,425
1788921238083076954,-2.7781075932017587,-1.300968429282477,-3.5900680856409606,-0.3151547619071606,0.4867476233053272,0.8144919752098313,0.01889575541337105,1.0,0.07253558846387051,1,381.35482144355774,true,true,425
1788921238283010483,-2.783115999881347,-1.2972168495710166,-3.591384712464963,-0.3089464790944164,0.48681557836358613,0.8167283301296362,0.022748636911794743,1.0,0.0679892279885276,1,381.50296688079834,true,true,425
1788921238483180523,-2.7855282058122723,-1.3031418987726113,-3.592554289507448,-0.30486276903179194,0.48536916548635206,0.8190452517424847,0.02530495705269849,1.0,0.06676581673732389,1,381.67051792144775,true,true,425
1788921238683029175,-2.797408618876582,-1.3023519493367748,-3.5931312574519247,-0.30744485229086144,0.48472834174404406,0.8183981820500591,0.02721237084629534,1.0,0.06585269376780774,1,381.959059715271,true,true,425
1788921238883016109,-2.804743619757448,-1.306354324457064,-3.600525196412054,-0.30935869489075835,0.4839435813327221,0.8181163759999616,0.027953591952262154,1.0,0.06407120317581425,1,382.13943338394165,true,true,425
1788921239083138227,-2.8095000259374365,-1.306847460444767,-3.6033178252286446,-0.3057026928556684,0.4850937730265319,0.8188793129240284,0.025817935950534537,1.0,0.06393692563425822,1,382.28437066078186,true,true,425
1788921239283025980,-2.8152461224078413,-1.3097252397220531,-3.608430343849441,-0.3062778515908972,0.4861026764960193,0.8181754156987077,0.02206931522535002,1.0,0.06361872254182405,1,382.50044417381287,true,true,425
1788921239483189583,-2.820044063726845,-1.315088866430114,-3.616788802701943,-0.30858163943187134,0.4855037222251992,0.8176943763470979,0.020962213655626984,1.0,0.06387204554355912,1,382.67652702331543,true,true,425
1788921239683042288,-2.8289962404474274,-1.3111287373778822,-3.6122278079430807,-0.30625224359363723,0.48687888472549884,0.8177656800397306,0.020440338829705265,1.0,0.0636862678594928,1,382.869256734848,true,true,425
1788921239883053064,-2.8492688664557853,-1.3341232530540115,-3.6431074548790954,-0.3192548387463618,0.468836683993254,0.8210574681819205,0.06428954519933303,1.0,0.09152595746162412,1,383.07056188583374,true,true,425
1788921240083016396,-2.8492688664557853,-1.3341232530540115,-3.6431074548790954,-0.3192548387463618,0.468836683993254,0.8210574681819205,0.06428954519933303,1.0,0.11346033530079633,0,383.2892484664917,false,false,426
1788921240283864737,-2.8492688664557853,-1.3341232530540115,-3.6431074548790954,-0.3192548387463618,0.468836683993254,0.8210574681819205,0.06428954519933303,0.7965328467153284,0.40113805972340155,0,383.5332655906677,false,false,427
1788921240483196735,-2.8492688664557853,-1.3341232530540115,-3.6431074548790954,-0.3192548387463618,0.468836683993254,0.8210574681819205,0.06428954519933303,1.0,0.10726116721400253,0,383.71013045310974,false,false,428
1788921240683122873,-2.8492688664557853,-1.3341232530540115,-3.6431074548790954,-0.3192548387463618,0.468836683993254,0.8210574681819205,0.06428954519933303,0.7600373482726424,0.3754877380708494,0,383.9902517795563,false,false,429
1788921240883944750,-2.8492688664557853,-1.3341232530540115,-3.6431074548790954,-0.3192548387463618,0.468836683993254,0.8210574681819205,0.06428954519933303,0.766384778012685,0.3804757955029445,0,384.2716724872589,false,false,430
1788921241083130598,-2.8492688664557853,-1.3341232530540115,-3.6431074548790954,-0.3192548387463618,0.468836683993254,0.8210574681819205,0.06428954519933303,0.8426294820717132,0.4252891324395006,0,384.4575650691986,false,false,431
1788921241283085346,-2.8492688664557853,-1.3341232530540115,-3.6431074548790954,-0.3192548387463618,0.468836683993254,0.8210574681819205,0.06428954519933303,0.7120535714285714,0.37474130393505106,0,384.7068440914154,false,false,432
1788921241483130217,-2.8492688664557853,-1.3341232530540115,-3.6431074548790954,-0.3192548387463618,0.468836683993254,0.8210574681819205,0.06428954519933303,0.7462962962962963,0.4074671429770548,0,384.971421957016,false,false,433
1788921241683133125,-2.8492688664557853,-1.3341232530540115,-3.6431074548790954,-0.3192548387463618,0.468836683993254,0.8210574681819205,0.06428954519933303,0.7346752058554438,0.4097038662988347,0,385.1531140804291,false,false,434
1788921241883862972,-2.8492688664557853,-1.3341232530540115,-3.6431074548790954,-0.3192548387463618,0.468836683993254,0.8210574681819205,0.06428954519933303,0.7744510978043913,0.4055411528195712,0,385.34509897232056,false,false,435
1788921242083060503,-2.8492688664557853,-1.3341232530540115,-3.6431074548790954,-0.3192548387463618,0.468836683993254,0.8210574681819205,0.06428954519933303,0.6802270577105014,0.3811424996066084,0,385.5302505493164,false,false,436
1788921242283095121,-2.8492688664557853,-1.3341232530540115,-3.6431074548790954,-0.3192548387463618,0.468836683993254,0.8210574681819205,0.06428954519933303,0.6811740890688259,0.3795349495591512,0,385.7116057872772,false,false,437
1788921242483049631,-2.8492688664557853,-1.3341232530540115,-3.6431074548790954,-0.3192548387463618,0.468836683993254,0.8210574681819205,0.06428954519933303,0.6982421875,0.38124382084191305,0,385.99301505088806,false,false,438
1788921242683162451,-2.8492688664557853,-1.3341232530540115,-3.6431074548790954,-0.3192548387463618,0.468836683993254,0.8210574681819205,0.06428954519933303,0.7064039408866996,0.3826173081109947,0,386.34791111946106,false,false,439
1788921242883154869,-2.8492688664557853,-1.3341232530540115,-3.6431074548790954,-0.3192548387463618,0.468836683993254,0.8210574681819205,0.06428954519933303,0.7106017191977078,0.3759514277224947,0,386.49924755096436,false,false,440
1788921243083123922,-2.8492688664557853,-1.3341232530540115,-3.6431074548790954,-0.3192548387463618,0.468836683993254,0.8210574681819205,0.06428954519933303,0.75,0.40588638780950703,0,386.6432886123657,false,false,441
1788921243283153296,-2.8492688664557853,-1.3341232530540115,-3.6431074548790954,-0.3192548387463618,0.468836683993254,0.8210574681819205,0.06428954519933303,0.5175746924428822,0.4159172088256668,0,386.7630989551544,false,false,442
1788921243483210564,-2.8492688664557853,-1.3341232530540115,-3.6431074548790954,-0.3192548387463618,0.468836683993254,0.8210574681819205,0.06428954519933303,0.7158176943699732,0.4315293110300333,0,386.91025280952454,false,false,443
1788921243683123112,-2.8492688664557853,-1.3341232530540115,-3.6431074548790954,-0.3192548387463618,0.468836683993254,0.8210574681819205,0.06428954519933303,0.7158469945355191,0.42656878432014694,0,387.32556080818176,false,false,444
1788921243883976221,-2.8492688664557853,-1.3341232530540115,-3.6431074548790954,-0.3192548387463618,0.468836683993254,0.8210574681819205,0.06428954519933303,0.7318681318681318,0.37595587650909984,0,387.6449155807495,false,false,445
1788921244083188057,-2.8492688664557853,-1.3341232530540115,-3.6431074548790954,-0.3192548387463618,0.468836683993254,0.8210574681819205,0.06428954519933303,0.7076648841354723,0.3893202407254544,0,387.8092360496521,false,false,446
1788921244283166885,-2.8492688664557853,-1.3341232530540115,-3.6431074548790954,-0.3192548387463618,0.468836683993254,0.8210574681819205,0.06428954519933303,0.7525967894239849,0.4049361471614673,0,387.9999349117279,false,false,447
1788921244483170271,-2.8492688664557853,-1.3341232530540115,-3.6431074548790954,-0.3192548387463618,0.468836683993254,0.8210574681819205,0.06428954519933303,0.7334710743801653,0.41302500942687204,0,388.1022288799286,false,false,448
1788921244683174133,-2.8492688664557853,-1.3341232530540115,-3.6431074548790954,-0.3192548387463618,0.468836683993254,0.8210574681819205,0.06428954519933303,0.715625,0.4041964015493529,0,388.2836308479309,false,false,449
1788921244883269548,-2.8492688664557853,-1.3341232530540115,-3.6431074548790954,-0.3192548387463618,0.468836683993254,0.8210574681819205,0.06428954519933303,0.7401015228426396,0.40872980859406627,0,388.49503803253174,false,false,450
1788921245083165169,-2.8492688664557853,-1.3341232530540115,-3.6431074548790954,-0.3192548387463618,0.468836683993254,0.8210574681819205,0.06428954519933303,0.7374407582938388,0.406944827283771,0,388.70460414886475,false,false,451
1788921245283163786,-2.8492688664557853,-1.3341232530540115,-3.6431074548790954,-0.3192548387463618,0.468836683993254,0.8210574681819205,0.06428954519933303,0.7515400410677618,0.4049097869432507,0,388.9763789176941,false,false,452
1788921245483249187,-2.8492688664557853,-1.3341232530540115,-3.6431074548790954,-0.3192548387463618,0.468836683993254,0.8210574681819205,0.06428954519933303,0.7780040733197556,0.40768393798033903,0,389.291298866272,false,false,453
1788921245683156013,-2.8492688664557853,-1.3341232530540115,-3.6431074548790954,-0.3192548387463618,0.468836683993254,0.8210574681819205,0.06428954519933303,0.7049773755656109,0.38107710741888734,0,389.55459451675415,false,false,454
1788921245883167028,-2.8492688664557853,-1.3341232530540115,-3.6431074548790954,-0.3192548387463618,0.468836683993254,0.8210574681819205,0.06428954519933303,0.7493449781659388,0.40469538290902507,0,389.79292607307434,false,false,455
1788921246083295345,-2.8492688664557853,-1.3341232530540115,-3.6431074548790954,-0.3192548387463618,0.468836683993254,0.8210574681819205,0.06428954519933303,0.715898400752587,0.386538991146332,0,390.09000062942505,false,false,456
1788921246283990860,-2.8492688664557853,-1.3341232530540115,-3.6431074548790954,-0.3192548387463618,0.468836683993254,0.8210574681819205,0.06428954519933303,0.6892156862745098,0.39719001450553726,0,390.3409068584442,false,false,457
1788921246483224154,-2.8492688664557853,-1.3341232530540115,-3.6431074548790954,-0.3192548387463618,0.468836683993254,0.8210574681819205,0.06428954519933303,0.706880301602262,0.38194395479752397,0,390.5621027946472,false,false,458
1788921246683131218,-2.8492688664557853,-1.3341232530540115,-3.6431074548790954,-0.3192548387463618,0.468836683993254,0.8210574681819205,0.06428954519933303,0.687199230028874,0.3914234270706095,0,390.94270610809326,false,false,459
1788921246883155346,-2.8492688664557853,-1.3341232530540115,-3.6431074548790954,-0.3192548387463618,0.468836683993254,0.8210574681819205,0.06428954519933303,0.7647058823529411,0.3969782811286007,0,391.15086913108826,false,false,460
1788921247083296776,-2.8492688664557853,-1.3341232530540115,-3.6431074548790954,-0.3192548387463618,0.468836683993254,0.8210574681819205,0.06428954519933303,0.7682692307692308,0.39215117321696896,0,391.3225383758545,false,false,461
1788921247283313513,-2.8492688664557853,-1.3341232530540115,-3.6431074548790954,-0.3192548387463618,0.468836683993254,0.8210574681819205,0.06428954519933303,0.7243401759530792,0.37740302727840264,0,391.507159948349,false,false,462
1788921247483173847,-2.8492688664557853,-1.3341232530540115,-3.6431074548790954,-0.3192548387463618,0.468836683993254,0.8210574681819205,0.06428954519933303,0.7105769230769231,0.3870448875806196,0,391.76737213134766,false,false,463
1788921247683256388,-2.8492688664557853,-1.3341232530540115,-3.6431074548790954,-0.3192548387463618,0.468836683993254,0.8210574681819205,0.06428954519933303,0.7074569789674953,0.3853894122488535,0,392.04529571533203,false,false,464
1788921247883286953,-2.8492688664557853,-1.3341232530540115,-3.6431074548790954,-0.3192548387463618,0.468836683993254,0.8210574681819205,0.06428954519933303,0.7676190476190476,0.40596534469811413,0,392.4460368156433,false,false,465
1788921248083228827,-2.8492688664557853,-1.3341232530540115,-3.6431074548790954,-0.3192548387463618,0.468836683993254,0.8210574681819205,0.06428954519933303,0.7098344693281402,0.3708681801377157,0,392.5988595485687,false,false,466
1788921248283256531,-2.8492688664557853,-1.3341232530540115,-3.6431074548790954,-0.3192548387463618,0.468836683993254,0.8210574681819205,0.06428954519933303,0.7752698724239451,0.4024786548304309,0,392.81479144096375,false,false,467
1788921248483368874,-2.8492688664557853,-1.3341232530540115,-3.6431074548790954,-0.3192548387463618,0.468836683993254,0.8210574681819205,0.06428954519933303,0.7110266159695817,0.3774102264088137,0,393.1136562824249,false,false,468
1788921248684009314,-2.8492688664557853,-1.3341232530540115,-3.6431074548790954,-0.3192548387463618,0.468836683993254,0.8210574681819205,0.06428954519933303,0.7776699029126214,0.4278588261901878,0,393.3757450580597,false,false,469
1788921248883267879,-2.8492688664557853,-1.3341232530540115,-3.6431074548790954,-0.3192548387463618,0.468836683993254,0.8210574681819205,0.06428954519933303,0.7648202137998056,0.4289143838160709,0,393.73580980300903,false,false,470
1788921249083312273,-2.8492688664557853,-1.3341232530540115,-3.6431074548790954,-0.3192548387463618,0.468836683993254,0.8210574681819205,0.06428954519933303,1.0,0.10586489734141581,0,394.04666662216187,false,false,471
1788921249284028769,-2.8492688664557853,-1.3341232530540115,-3.6431074548790954,-0.3192548387463618,0.468836683993254,0.8210574681819205,0.06428954519933303,0.996142719382835,0.22769337589304714,0,394.24029874801636,false,false,472
1788921249483304024,-2.8492688664557853,-1.3341232530540115,-3.6431074548790954,-0.3192548387463618,0.468836683993254,0.8210574681819205,0.06428954519933303,0.8661174047373842,0.4026655089492069,0,394.5341238975525,false,false,473
1788921249683336020,-2.8492688664557853,-1.3341232530540115,-3.6431074548790954,-0.3192548387463618,0.468836683993254,0.8210574681819205,0.06428954519933303,0.7168857431749242,0.3762805324100834,0,394.84669303894043,false,false,474
1788921249883271694,-2.8492688664557853,-1.3341232530540115,-3.6431074548790954,-0.3192548387463618,0.468836683993254,0.8210574681819205,0.06428954519933303,0.696319018404908,0.384699695687102,0,395.0505893230438,false,false,475
1788921250083217144,-2.8492688664557853,-1.3341232530540115,-3.6431074548790954,-0.3192548387463618,0.468836683993254,0.8210574681819205,0.06428954519933303,0.2743455497382199,0.4070948665501325,0,395.2557625770569,false,false,476
1788921250283221483,-2.8492688664557853,-1.3341232530540115,-3.6431074548790954,-0.3192548387463618,0.468836683993254,0.8210574681819205,0.06428954519933303,0.28634850166481685,0.39030556633027474,0,395.47402691841125,false,false,477
1788921250483347654,-2.8492688664557853,-1.3341232530540115,-3.6431074548790954,-0.3192548387463618,0.468836683993254,0.8210574681819205,0.06428954519933303,0.5638179800221975,0.398329115490519,0,395.6909294128418,false,false,478
1788921250683259249,-2.8492688664557853,-1.3341232530540115,-3.6431074548790954,-0.3192548387463618,0.468836683993254,0.8210574681819205,0.06428954519933303,1.0,0.12188506067035859,0,395.8895699977875,false,false,479
1788921250883435011,-2.8492688664557853,-1.3341232530540115,-3.6431074548790954,-0.3192548387463618,0.468836683993254,0.8210574681819205,0.06428954519933303,0.6356502242152466,0.3620474286789665,0,396.17607855796814,false,false,480
1788921251084166765,-2.8492688664557853,-1.3341232530540115,-3.6431074548790954,-0.3192548387463618,0.468836683993254,0.8210574681819205,0.06428954519933303,0.6343457943925234,0.37692021728400205,0,396.40354657173157,false,false,481
1788921251283229589,-2.8492688664557853,-1.3341232530540115,-3.6431074548790954,-0.3192548387463618,0.468836683993254,0.8210574681819205,0.06428954519933303,0.6254458977407847,0.37096263938840646,0,396.67886114120483,false,false,482
1788921251484112024,-2.8492688664557853,-1.3341232530540115,-3.6431074548790954,-0.3192548387463618,0.468836683993254,0.8210574681819205,0.06428954519933303,0.6297539149888143,0.3707950058909011,0,396.97344613075256,false,false,483
1788921251683353186,-2.8492688664557853,-1.3341232530540115,-3.6431074548790954,-0.3192548387463618,0.468836683993254,0.8210574681819205,0.06428954519933303,0.4700854700854701,0.3725125358703623,0,397.1576290130615,false,false,484
1788921251883341551,-2.8492688664557853,-1.3341232530540115,-3.6431074548790954,-0.3192548387463618,0.468836683993254,0.8210574681819205,0.06428954519933303,0.5541899441340782,0.3989579919312236,0,397.478946685791,false,false,485
1788921252084033489,-2.8492688664557853,-1.3341232530540115,-3.6431074548790954,-0.3192548387463618,0.468836683993254,0.8210574681819205,0.06428954519933303,0.6729281767955801,0.37442607250580734,0,397.9349045753479,false,false,486
1788921252283257484,-2.8492688664557853,-1.3341232530540115,-3.6431074548790954,-0.3192548387463618,0.468836683993254,0.8210574681819205,0.06428954519933303,0.7647058823529411,0.3900049402399144,0,398.6335406303406,false,false,487
1788921252484063625,-2.8492688664557853,-1.3341232530540115,-3.6431074548790954,-0.3192548387463618,0.468836683993254,0.8210574681819205,0.06428954519933303,0.46734234234234234,0.34488902081430556,0,398.8511357307434,false,false,488
1788921252683276892,-2.8492688664557853,-1.3341232530540115,-3.6431074548790954,-0.3192548387463618,0.468836683993254,0.8210574681819205,0.06428954519933303,0.48504273504273504,0.3392055187270891,0,399.17244720458984,false,false,489
1788921252883307457,-2.8492688664557853,-1.3341232530540115,-3.6431074548790954,-0.3192548387463618,0.468836683993254,0.8210574681819205,0.06428954519933303,0.5,0.33617779012222027,0,399.3729612827301,false,false,490
1788921253083385944,-2.8492688664557853,-1.3341232530540115,-3.6431074548790954,-0.3192548387463618,0.468836683993254,0.8210574681819205,0.06428954519933303,0.5,0.3439629562941246,0,399.60903811454773,false,false,491
1788921253284090281,-2.8492688664557853,-1.3341232530540115,-3.6431074548790954,-0.3192548387463618,0.468836683993254,0.8210574681819205,0.06428954519933303,0.4921803127874885,0.3295266862167621,0,399.8766071796417,false,false,492
1788921253483335972,-2.8492688664557853,-1.3341232530540115,-3.6431074548790954,-0.3192548387463618,0.468836683993254,0.8210574681819205,0.06428954519933303,0.5218274111675127,0.3287194014845402,0,400.12836384773254,false,false,493
1788921253684079409,-2.8492688664557853,-1.3341232530540115,-3.6431074548790954,-0.3192548387463618,0.468836683993254,0.8210574681819205,0.06428954519933303,0.4970896391152503,0.3470743919785758,0,400.29800271987915,false,false,494
1788921253883241892,-2.8492688664557853,-1.3341232530540115,-3.6431074548790954,-0.3192548387463618,0.468836683993254,0.8210574681819205,0.06428954519933303,0.5226554267650158,0.33944742793052074,0,400.59455728530884,false,false,495
1788921254083266735,-2.8492688664557853,-1.3341232530540115,-3.6431074548790954,-0.3192548387463618,0.468836683993254,0.8210574681819205,0.06428954519933303,0.5068027210884354,0.3398196256360307,0,400.88413071632385,false,false,496
1788921254283326149,-2.8492688664557853,-1.3341232530540115,-3.6431074548790954,-0.3192548387463618,0.468836683993254,0.8210574681819205,0.06428954519933303,0.5042826552462527,0.3455469616329938,0,401.29918909072876,false,false,497
1788921254483300924,-2.8492688664557853,-1.3341232530540115,-3.6431074548790954,-0.3192548387463618,0.468836683993254,0.8210574681819205,0.06428954519933303,0.4917184265010352,0.35288132805589095,0,401.5105068683624,false,false,498
1788921254683303833,-2.8492688664557853,-1.3341232530540115,-3.6431074548790954,-0.3192548387463618,0.468836683993254,0.8210574681819205,0.06428954519933303,0.49945828819068255,0.3420003549340171,0,401.699143409729,false,false,499
1788921254883485794,-2.8492688664557853,-1.3341232530540115,-3.6431074548790954,-0.3192548387463618,0.468836683993254,0.8210574681819205,0.06428954519933303,0.48771929824561405,0.33872676833687504,0,401.8436200618744,false,false,500
1788921255083442926,-2.8492688664557853,-1.3341232530540115,-3.6431074548790954,-0.3192548387463618,0.468836683993254,0.8210574681819205,0.06428954519933303,0.5016357688113413,0.3461070370484874,0,402.01762413978577,false,false,501
1788921255283296824,-2.8492688664557853,-1.3341232530540115,-3.6431074548790954,-0.3192548387463618,0.468836683993254,0.8210574681819205,0.06428954519933303,0.49896907216494846,0.36775565060854576,0,402.27599596977234,false,false,502
1788921255484266996,-2.8492688664557853,-1.3341232530540115,-3.6431074548790954,-0.3192548387463618,0.468836683993254,0.8210574681819205,0.06428954519933303,0.49891540130151846,0.37105938514453674,0,402.47655487060547,false,false,503
1788921255683298588,-2.8492688664557853,-1.3341232530540115,-3.6431074548790954,-0.3192548387463618,0.468836683993254,0.8210574681819205,0.06428954519933303,0.5,0.3966080273887147,0,402.6376619338989,false,false,504
1788921255883298635,-2.8492688664557853,-1.3341232530540115,-3.6431074548790954,-0.3192548387463618,0.468836683993254,0.8210574681819205,0.06428954519933303,0.5357142857142857,0.3394851573608287,0,402.7704710960388,false,false,505
1788921256083353281,-2.8492688664557853,-1.3341232530540115,-3.6431074548790954,-0.3192548387463618,0.468836683993254,0.8210574681819205,0.06428954519933303,0.5351598173515981,0.3425129134626502,0,402.9164226055145,false,false,506
1788921256283549070,-2.8492688664557853,-1.3341232530540115,-3.6431074548790954,-0.3192548387463618,0.468836683993254,0.8210574681819205,0.06428954519933303,0.5229615745079662,0.3399723309598316,0,403.1356101036072,false,false,507
1788921256483370066,-2.8492688664557853,-1.3341232530540115,-3.6431074548790954,-0.3192548387463618,0.468836683993254,0.8210574681819205,0.06428954519933303,0.512241054613936,0.3350489545208026,0,403.5142517089844,false,false,508
1788921256683433056,-2.8492688664557853,-1.3341232530540115,-3.6431074548790954,-0.3192548387463618,0.468836683993254,0.8210574681819205,0.06428954519933303,0.5255147717099373,0.3231330814098034,0,403.730676651001,false,false,509
1788921256883316994,-2.8492688664557853,-1.3341232530540115,-3.6431074548790954,-0.3192548387463618,0.468836683993254,0.8210574681819205,0.06428954519933303,0.4979209979209979,0.3651196647428147,0,404.07082295417786,false,false,510
1788921257083360910,-2.8492688664557853,-1.3341232530540115,-3.6431074548790954,-0.3192548387463618,0.468836683993254,0.8210574681819205,0.06428954519933303,0.5505050505050505,0.3499278553762349,0,404.53707098960876,false,false,511
1788921257283402920,-2.8492688664557853,-1.3341232530540115,-3.6431074548790954,-0.3192548387463618,0.468836683993254,0.8210574681819205,0.06428954519933303,0.4918032786885246,0.33624530280195636,0,404.6878743171692,false,false,512
1788921257483456373,-2.8492688664557853,-1.3341232530540115,-3.6431074548790954,-0.3192548387463618,0.468836683993254,0.8210574681819205,0.06428954519933303,0.492896174863388,0.32791153768759623,0,404.9139106273651,false,false,513
1788921257683431387,-2.8492688664557853,-1.3341232530540115,-3.6431074548790954,-0.3192548387463618,0.468836683993254,0.8210574681819205,0.06428954519933303,0.4875,0.3294963207670139,0,405.1516511440277,false,false,514
1788921257883395433,-2.8492688664557853,-1.3341232530540115,-3.6431074548790954,-0.3192548387463618,0.468836683993254,0.8210574681819205,0.06428954519933303,0.45106861642294716,0.34798581926171807,0,405.31652426719666,false,false,515
1788921258083500624,-2.8492688664557853,-1.3341232530540115,-3.6431074548790954,-0.3192548387463618,0.468836683993254,0.8210574681819205,0.06428954519933303,0.47186147186147187,0.3222441310828714,0,405.5085246562958,false,false,516
1788921258283397198,-2.8492688664557853,-1.3341232530540115,-3.6431074548790954,-0.3192548387463618,0.468836683993254,0.8210574681819205,0.06428954519933303,0.4831199068684517,0.3193714634036539,0,405.6861686706543,false,false,517
1788921258483317137,-2.8492688664557853,-1.3341232530540115,-3.6431074548790954,-0.3192548387463618,0.468836683993254,0.8210574681819205,0.06428954519933303,0.5105140186915887,0.31186785168381065,0,405.9113390445709,false,false,518
1788921258683398247,-2.8492688664557853,-1.3341232530540115,-3.6431074548790954,-0.3192548387463618,0.468836683993254,0.8210574681819205,0.06428954519933303,0.5143805309734514,0.30026695580894847,0,406.1223418712616,false,false,519
1788921258884223461,-2.8492688664557853,-1.3341232530540115,-3.6431074548790954,-0.3192548387463618,0.468836683993254,0.8210574681819205,0.06428954519933303,0.5091103965702036,0.3223866063388758,0,406.4050028324127,false,false,520
1788921259083485126,-2.8492688664557853,-1.3341232530540115,-3.6431074548790954,-0.3192548387463618,0.468836683993254,0.8210574681819205,0.06428954519933303,0.49836779107725787,0.32853549550496197,0,406.7968668937683,false,false,521
1788921259283500910,-2.8492688664557853,-1.3341232530540115,-3.6431074548790954,-0.3192548387463618,0.468836683993254,0.8210574681819205,0.06428954519933303,0.5336842105263158,0.3300196487227286,0,407.1516511440277,false,false,522
1788921259484285355,-2.8492688664557853,-1.3341232530540115,-3.6431074548790954,-0.3192548387463618,0.468836683993254,0.8210574681819205,0.06428954519933303,0.5554445554445554,0.3305378316438649,0,407.5425798892975,false,false,523
1788921259683527946,-2.8492688664557853,-1.3341232530540115,-3.6431074548790954,-0.3192548387463618,0.468836683993254,0.8210574681819205,0.06428954519933303,0.5084269662921348,0.3447784964676866,0,407.7207787036896,false,false,524
1788921259884178400,-2.8492688664557853,-1.3341232530540115,-3.6431074548790954,-0.3192548387463618,0.468836683993254,0.8210574681819205,0.06428954519933303,0.5073313782991202,0.33332892848947815,0,407.96583008766174,false,false,525
1788921260083441734,-2.8492688664557853,-1.3341232530540115,-3.6431074548790954,-0.3192548387463618,0.468836683993254,0.8210574681819205,0.06428954519933303,0.5304437564499485,0.30995766217734144,0,408.380765914917,false,false,526
1788921260283393383,-2.8492688664557853,-1.3341232530540115,-3.6431074548790954,-0.3192548387463618,0.468836683993254,0.8210574681819205,0.06428954519933303,0.5422535211267606,0.2958386836114292,0,408.6995756626129,false,false,527
1788921260483560085,-2.8492688664557853,-1.3341232530540115,-3.6431074548790954,-0.3192548387463618,0.468836683993254,0.8210574681819205,0.06428954519933303,0.5417925478348439,0.2816122117269551,0,408.9251432418823,false,false,528
1788921260683456182,-2.8492688664557853,-1.3341232530540115,-3.6431074548790954,-0.3192548387463618,0.468836683993254,0.8210574681819205,0.06428954519933303,0.5494186046511628,0.2937590983709109,0,409.138564825058,false,false,529
1788921260883461714,-2.8492688664557853,-1.3341232530540115,-3.6431074548790954,-0.3192548387463618,0.468836683993254,0.8210574681819205,0.06428954519933303,0.5570731707317074,0.2836761325205666,0,409.44381976127625,false,false,530
1788921261083542109,-2.8492688664557853,-1.3341232530540115,-3.6431074548790954,-0.3192548387463618,0.468836683993254,0.8210574681819205,0.06428954519933303,0.5635673624288425,0.29066661454992476,0,409.7985768318176,false,false,531
1788921261283399582,-2.8492688664557853,-1.3341232530540115,-3.6431074548790954,-0.3192548387463618,0.468836683993254,0.8210574681819205,0.06428954519933303,0.5523632993512512,0.2941275353388983,0,410.20915699005127,false,false,532
1788921261483575821,-2.5819598918679736,-1.174917608717236,-3.2588500181801603,-0.31457324322199204,0.48399907559138317,0.814868639415906,0.05270360492369035,0.5575139146567718,0.2974403245490239,1,410.6881103515625,true,true,533
1788921261684237480,-2.5946228040600685,-1.1689049279812933,-3.267726064855378,-0.3142179832439636,0.48648928453804907,0.8136008585492068,0.0514672517601719,0.9991204925241864,0.08584703097498197,1,410.9835829734802,true,true,533
1788921261883530140,-2.6150270565232407,-1.156213380991674,-3.271813063111903,-0.3200845264759344,0.4854526178455833,0.8120515978505315,0.04953639233880176,1.0,0.07681494208326559,1,411.19606852531433,true,true,533
1788921262083582640,-2.6266876533366625,-1.1711683745969494,-3.2888970452181407,-0.32069613749641424,0.48664820154852134,0.8113677921916097,0.04483102852468954,1.0,0.07613317314200117,1,411.4361517429352,true,true,533
1788921262283470154,-2.643608081733569,-1.1734032557354497,-3.301422555182141,-0.3189836019343698,0.48795140884398625,0.8114896628546165,0.04046494018583612,1.0,0.07274368958141365,1,411.652898311615,true,true,533
1788921262483418941,-2.6700519501575806,-1.1678673697928,-3.3125169993212715,-0.31673371803279443,0.4897259111827628,0.8113941689042731,0.03857183487309126,1.0,0.06853636819411896,1,412.22565054893494,false,false,534
1788921262683480978,-2.6958782581547505,-1.1666017852255697,-3.3230785968438035,-0.3051967697322191,0.48707365187559115,0.8169656912028592,0.04670384128770324,1.0,0.08150273163933225,1,412.59469628334045,true,true,534
1788921262883410454,-2.6813579917652284,-1.2331756825437223,-3.3429223708305744,-0.27802897498359597,0.47086656527789544,0.833772454965658,0.07621062992461317,1.0,0.10293935724904667,1,412.9757261276245,true,true,534
1788921263083440065,-2.675966900652052,-1.3360703897909483,-3.411812856587176,-0.2925916640154988,0.48581835019114383,0.8214943808819614,0.059309619334113266,1.0,0.08182453728273127,1,413.5400445461273,false,false,535
1788921263283547878,-2.6549788766491784,-1.3456102298511752,-3.4255919693492887,-0.29341794241421215,0.4867997040809971,0.8208872201930714,0.055462878574356285,1.0,0.07567939781895076,1,413.9151179790497,true,true,535
1788921263484265566,-2.6441870378181336,-1.3573344158747198,-3.4337865035759445,-0.30009752880312857,0.4880709830640471,0.817343141319504,0.060649633429340655,1.0,0.07366210806376434,1,414.18648648262024,true,true,535
1788921263683530331,-2.653251707920638,-1.3483436916779832,-3.4344005919306513,-0.30071628207622136,0.488147985066651,0.8171082098171782,0.060128494235158564,1.0,0.06940470136500154,1,414.475031375885,true,true,535
1788921263883451462,-2.6637861380749808,-1.3469595390063456,-3.431740997760493,-0.3020429156973668,0.48679644783982884,0.8176014815934145,0.05768112987632639,1.0,0.07152342755322953,1,414.7247385978699,true,true,535
1788921264083612680,-2.665850299476014,-1.3588396253815103,-3.442858879110256,-0.2992684644138667,0.48565197207733496,0.8193383275947741,0.05714239371043657,1.0,0.07405223737191566,1,415.01395177841187,true,true,535
1788921264284246206,-2.68232064261257,-1.3368148891004952,-3.4382554487135844,-0.30090108683904965,0.486102920733109,0.8186582781214314,0.05441608270603834,1.0,0.07446200696675344,1,415.4103126525879,true,true,535
1788921264483583689,-2.6878631572479827,-1.3594873520691317,-3.4561008971105527,-0.30388373560274434,0.4870329484530962,0.8169970349412039,0.0544924513532319,1.0,0.06892022116620031,1,415.71510767936707,true,true,535
1788921264683600426,-2.7045442757359215,-1.3542852740040936,-3.460068832498645,-0.3112908688335955,0.4876455695611802,0.8141272192001422,0.04996663312270573,1.0,0.07416559073604181,1,416.0124714374542,true,true,535
1788921264883472443,-2.7172432915909353,-1.3287814835688685,-3.4549464934196377,-0.30834600987204586,0.48822569459760673,0.8147837906496997,0.051824548480201765,1.0,0.07100059395374257,1,416.4265627861023,true,true,535
1788921265083547115,-2.718217092526961,-1.3521837044772462,-3.472901843595797,-0.3082174894086163,0.489901850151491,0.813767867602257,0.05272583900582937,1.0,0.06662070213848413,1,416.8893268108368,true,true,535
1788921265284255505,-2.7300697425429306,-1.3575823820736446,-3.480435375133707,-0.31511094130680234,0.4897516881186417,0.8114395144421341,0.049135456196040025,1.0,0.07166458723171373,1,417.3941707611084,false,false,536
1788921265483540535,-2.7515367167019926,-1.347131062118037,-3.484840495366616,-0.3162001842950121,0.4903326096316178,0.8106903738059572,0.04870824572906889,1.0,0.07160389147760755,1,417.74306321144104,true,true,536
1788921265683504581,-2.7627044197961133,-1.3603088553750944,-3.502215535588947,-0.3153046471019215,0.4918407162696744,0.8102270491915946,0.046987424844803144,1.0,0.07032413047218004,1,418.0035147666931,true,true,536
1788921265883628845,-2.782371598905965,-1.3734463968373913,-3.518140239673315,-0.31396866339169405,0.49054344484968904,0.8116105520933438,0.04559735577606492,1.0,0.06926327887969251,1,418.3185636997223,true,true,536
1788921266083553553,-2.8026681095239727,-1.3817227968174284,-3.533728507486891,-0.3060254474253113,0.49150929549657846,0.8141494856887235,0.04390504437283104,1.0,0.06983186688398373,1,418.6341109275818,true,true,536
1788921266283514738,-2.8203288786028047,-1.3704574723944933,-3.5370107269191076,-0.28839312141430196,0.49296429458242846,0.819508655907451,0.0471293399118379,1.0,0.0714536163686503,1,419.1267671585083,true,true,536
1788921266483630180,-2.8183943946782244,-1.400178906757052,-3.5502155688421606,-0.2656469365334408,0.4871313911806237,0.8295235794110964,0.06344559904223948,1.0,0.08072093421608488,1,419.5445852279663,true,true,536
1788921266683541298,-2.7878537213005457,-1.5569635660775283,-3.619831992470046,-0.25593836254320657,0.47718063464999394,0.8378343362863242,0.06948252610104977,1.0,0.10297328827593984,1,419.84691190719604,true,true,536
1788921266883570671,-2.7941875541928973,-1.5445716196391022,-3.6191190106541495,-0.28322601849892054,0.48327437030931397,0.8270955251294633,0.046280641289851446,1.0,0.07825901297732006,1,420.30779004096985,true,true,536
1788921267083569527,-2.7706507886046956,-1.5835816609136153,-3.6307291997825675,-0.28806468224387666,0.4793415784361486,0.8277434852958966,0.04572868439256939,1.0,0.07621842355508025,1,420.86502623558044,false,false,537
1788921267283485651,-2.7737800616527464,-1.5978851623288084,-3.653077680228812,-0.3022497433144175,0.48176294544060483,0.8211758100622434,0.047115242070668716,1.0,0.07514035097534756,1,421.21986985206604,true,true,537
1788921267483566999,-2.867608599463167,-1.564793842952232,-3.6873056225407983,-0.3350880095065742,0.4828189139677313,0.8083692956249191,0.03377875206120556,1.0,0.10239290940868435,1,421.5355851650238,true,true,537
1788921267683638096,-2.889757186168659,-1.5583902906913607,-3.6953654496225985,-0.2959009047748977,0.48000899259242563,0.823301296028964,0.06487678738060029,1.0,0.07371136690826888,1,421.9237153530121,true,true,537
1788921267883578300,-2.8961232476034464,-1.5684403697061344,-3.706001877518919,-0.2742197872277422,0.48196183532910314,0.8286729121584844,0.0762725522960219,1.0,0.07359233339120136,1,422.71259355545044,false,false,538
1788921268083585739,-2.9021334403531758,-1.5961038587781324,-3.73343111444276,-0.3052784483827238,0.4865581982603877,0.8168533279718031,0.05307380936045762,1.0,0.07045112768774853,1,423.22163558006287,false,false,539
1788921268283697367,-2.9320095474795416,-1.5615671959908761,-3.7297930265583434,-0.3319257009595697,0.49017534137659224,0.8053657601541173,0.030650548448903636,1.0,0.07481258152608607,1,423.4487717151642,true,true,539
1788921268483429670,-2.934791231626202,-1.553380610174917,-3.728320269645279,-0.32200042734252304,0.4906222414040324,0.8089579405147126,0.03453391824147753,1.0,0.07311475680040037,1,423.72381067276,true,true,539
1788921268683659077,-2.949352679704279,-1.556182727214614,-3.737108338468136,-0.30784593528285664,0.4897069094344739,0.8146921978512545,0.04116607513778868,1.0,0.07333757795051138,1,424.00446224212646,true,true,539
1788921268883669853,-2.958463818238271,-1.5595783212477772,-3.7398265373628763,-0.28781910272605815,0.48764470906712876,0.8224329443103302,0.05446883455556714,1.0,0.07329033009040395,1,424.24442529678345,true,true,539
1788921269083419800,-2.964084182930111,-1.5771882736555032,-3.744849674974801,-0.2763049936800389,0.48375290311452707,0.8278374038224201,0.06575645997385826,1.0,0.07139367074080409,1,424.5551221370697,true,true,539
1788921269283679008,-2.9982145754616183,-1.5914893236696395,-3.755007104975993,-0.29994826610317654,0.47477124996471465,0.825013474380928,0.06305604616963999,1.0,0.07190179827294105,1,424.9654450416565,true,true,539
1788921269483629227,-3.021578659409923,-1.6309410411871212,-3.756818719600065,-0.3043633103504747,0.45890137136402687,0.8316100361502556,0.07209198601012562,1.0,0.07325385149183401,1,425.51114201545715,false,false,540
1788921269683557749,-3.0445409620886825,-1.6705525102272547,-3.748878466560093,-0.3142647096390748,0.44840789452898405,0.8338840673759744,0.06932109762583817,1.0,0.08526925466182608,1,425.7515723705292,true,true,540
1788921269883557796,-3.030080397408056,-1.7550110445201161,-3.835814345157054,-0.2795765290483169,0.46969948677599105,0.8346229981730536,0.06799858416383905,1.0,0.09317485238577222,1,426.0906548500061,true,true,540
1788921270083650589,-3.030495136350222,-1.731825044098178,-3.862151122279655,-0.2940742439861062,0.4848414079951621,0.8221409597327778,0.0503327969313612,1.0,0.07371974398492241,1,426.95695996284485,false,false,541
1788921270283607721,-3.01311878757673,-1.7369110304526683,-3.880383889227313,-0.2996477923907357,0.4862362892840051,0.8194992136217423,0.046973507129272875,1.0,0.07200956139276268,1,427.6427822113037,false,false,542
1788921270483547211,-3.0022747659525066,-1.7470299561650104,-3.88645287769686,-0.3034272327924209,0.48777591961048766,0.8171315114964145,0.047986035131688726,1.0,0.07120412985137643,1,428.23111748695374,false,false,543
1788921270683535814,-3.0205254814940803,-1.7472305861765929,-3.8930683188503434,-0.310009760534027,0.4856770171010148,0.81619487723142,0.04286847110267137,1.0,0.07167803268032391,1,428.9044666290283,false,false,544
1788921270883437872,-3.0274349384230423,-1.7476432425867054,-3.899416470480838,-0.3046419118197459,0.4869356291333348,0.8174692161093574,0.04279111305963762,1.0,0.06829228547162274,1,429.3566951751709,true,true,544
1788921271083664179,-3.03516361063187,-1.7388689885595265,-3.8988246268122224,-0.3058536185309856,0.48857008837167104,0.8161518030464673,0.040608707982363074,1.0,0.07067924264412714,1,429.9247510433197,false,false,545
1788921271283685923,-3.0377382913859887,-1.739718363225428,-3.901467848049885,-0.3069332625644901,0.4879975321140894,0.8161431686025985,0.03950581381749521,1.0,0.0701648695041551,1,430.89048290252686,false,false,546
1788921271483605862,-3.0436110488643564,-1.7328743926799237,-3.898053704148244,-0.3073008036616582,0.48876639634727803,0.8157400977792197,0.035238029822051146,0.9970845481049563,0.07335356808611718,1,431.73799538612366,false,false,547
1788921271683712244,-3.042661005509262,-1.7453900277477143,-3.9070169785375186,-0.3098616655536709,0.48897815631928837,0.8146889226772447,0.034177040976088466,0.99609375,0.08049048406443873,1,432.43430185317993,false,false,548
1788921271883111000,-3.0459349491238403,-1.742544926938008,-3.9084433132677923,-0.31380204198772466,0.48904767183855324,0.8132628837672757,0.031050523347537922,0.9903169014084507,0.0813189434143912,1,433.04940533638,false,false,549
1788921272083622456,-3.0554720819553127,-1.7578716798459544,-3.9214403082924982,-0.3187241250902639,0.4893326209333021,0.811262307907232,0.02867029726074375,1.0,0.07404894260599718,1,433.743447303772,false,false,550
1788921272283738852,-3.0781120389714323,-1.7539363409701318,-3.9281739216984364,-0.3171929802377262,0.49055401200569326,0.8112010315922701,0.026424627464944464,1.0,0.07373656698612718,1,434.2370116710663,true,true,550
1788921272483594179,-3.0959712496593474,-1.7581217804138989,-3.9420399397815133,-0.3109389732086521,0.49157958623454145,0.8130509851593778,0.024790338214469364,1.0,0.07330518573925222,1,435.7188627719879,false,false,551
1788921272683444023,-3.1139491762527696,-1.782070794358904,-3.964371095120822,-0.30235530707620345,0.4914711160461399,0.8161887521263715,0.02955217889782459,1.0,0.07721580314068847,1,436.54750084877014,false,false,552
1788921272883691311,-3.1424773396347834,-1.7575119815200093,-3.964889877536337,-0.29492322441244406,0.4906270634293361,0.8192272102303004,0.03423673978562887,1.0,0.07183482216349966,1,437.1633110046387,false,false,553
1788921273083605289,-3.142831879798765,-1.7841851890396832,-3.977894368723324,-0.28164371006709205,0.48999811270201693,0.8238760292148339,0.04250833580958029,1.0,0.08499615394208737,1,438.2749466896057,false,false,554
1788921273283637285,-3.14863240332065,-1.8219236007029551,-4.001194139931196,-0.2644714902878489,0.4882177227538811,0.8299666632511176,0.05341932146462702,1.0,0.07901771122955509,1,439.13172912597656,false,false,555
1788921273483731747,-3.147129894784039,-1.9349153397597671,-4.063669995853776,-0.28459319734733945,0.4879446063412309,0.8243071862537855,0.03787394693563056,1.0,0.07487355579255504,1,440.0190124511719,false,false,556
1788921273683726311,-3.1209614561979966,-1.9379430041132504,-4.057356950346694,-0.2943678454779811,0.48622416292826615,0.8219188724197934,0.03718873611095601,1.0,0.07326810143867861,1,441.1373357772827,false,false,557
1788921273883624792,-3.104144658751601,-1.9534890979674038,-4.064639166378777,-0.28966677123927986,0.48543142653111915,0.8238762766382569,0.04095573913937713,1.0,0.09636976882466546,1,441.6713066101074,false,false,558
1788921274083713531,-3.100425906684831,-1.9572748756823855,-4.062359070525973,-0.28787513900814504,0.48589945222877545,0.8240108510061679,0.04511922083663259,1.0,0.07944544246531263,1,442.1029546260834,true,true,558
1788921274283543348,-3.106354238030429,-1.9533018281114454,-4.05953517582904,-0.2766840173099155,0.4834709861628316,0.8292001458660802,0.04613976809275646,1.0,0.08417706599408875,1,443.0432291030884,false,false,559
1788921274482995749,-3.1284562185767775,-1.938436121153785,-4.054310811213668,-0.26646129362348353,0.48449473681182603,0.8319053648554742,0.04686889082126997,1.0,0.08157056915642132,1,444.0702428817749,false,false,560
1788921274683768272,-3.139450172207414,-1.9358319586991197,-4.05606187591947,-0.27248186373112293,0.48497396223916045,0.8299091292128625,0.042482080184565105,0.9990909090909091,0.0784218503223196,1,444.8579955101013,false,false,561
1788921274883410931,-3.1449955092897173,-1.9425798540236057,-4.0651167030890765,-0.2791732855594851,0.4852815291732688,0.8276924609748295,0.03859150319180014,1.0,0.0735635933092936,1,445.83627796173096,false,false,562
1788921275083651543,-3.1580172059084006,-1.9411005028853112,-4.0735171314304575,-0.2842658868785617,0.4873576504202565,0.8248257678346359,0.03657702625954773,0.9991349480968859,0.07772134408894203,1,446.57151985168457,false,false,563
1788921275283651829,-3.1725711227033018,-1.9378898334867138,-4.080540973262659,-0.28935906872280426,0.4873374607489294,0.8230817969547948,0.03619232267096812,1.0,0.07650201229306182,1,447.9554262161255,false,false,564
1788921275483488560,-3.180870778178283,-1.9430905888521328,-4.085705048159127,-0.29609326080582005,0.488013661810037,0.8204769157125279,0.0314496037334261,0.999113475177305,0.07513387705701477,1,448.69437766075134,false,false,565
1788921276983580589,-3.250648993753606,-1.9578054318610012,-4.144316109756823,-0.29129742807596165,0.4964544323933304,0.8175485048265329,0.017124462305236218,1.0,0.10230035354924669,1,450.1033811569214,false,false,566
1788921277183618069,-3.2624325402946344,-1.9614128642264186,-4.1510246306445815,-0.2857347050077554,0.49710985889528025,0.8190800730817853,0.018582260992123217,1.0,0.07677425846039462,1,450.89271092414856,false,false,567
1788921278883526087,-3.257101814645255,-2.120158227306756,-4.288762988953776,-0.2665461346647852,0.5047797068106105,0.8209647732718266,0.012940121104189692,0.9991031390134529,0.11583959377840801,1,451.90644216537476,false,false,568
1788921279083587646,-3.2440825374266917,-2.1274606957050883,-4.278604443684293,-0.2592083363049222,0.5025162300816156,0.8246907535736758,0.013177172104612035,1.0,0.08244424187910727,1,453.02608609199524,false,false,569
1788921280683848143,-3.314251981659893,-2.125720218917244,-4.291872709641664,-0.2711269175630138,0.5012172095295288,0.821745038296361,-0.002568166567814346,1.0,0.08574744878886686,1,454.0348963737488,false,false,570
1788921280883577824,-3.3211788733181242,-2.1345857701120408,-4.299463011215962,-0.2741146169080249,0.5012190353770863,0.8207456974890479,-0.004141910940907749,1.0,0.0811159591236149,1,458.5831482410431,false,false,571
1788921282883686066,-3.411956907361154,-2.27602653536314,-4.476564993558218,-0.24631294029236553,0.5184940169518837,0.8185701174004696,-0.0209010221904799,0.9985228951255539,0.10971828668709654,1,459.9760148525238,false,false,572
1788921283083898783,-3.417150484139418,-2.2917765571843796,-4.469157334870007,-0.2422340542277133,0.5138690173485131,0.8226697126665855,-0.02181375352277954,0.9970326409495549,0.08033236320792903,1,460.7041726112366,false,false,573
1788921284783718109,-3.4788594237366732,-2.3408301897063515,-4.470118952310531,-0.30997811288220445,0.47685648699828903,0.8199958023401756,0.06425219440709254,0.9984508133230054,0.07955666458673241,1,461.8404598236084,false,false,574
1788921284983100176,-3.4712627243769894,-2.339357696021241,-4.473170824487326,-0.31009137779659335,0.48088431249366864,0.8179006467648723,0.060267299883953504,1.0,0.0771067646735272,1,463.20555806159973,false,false,575
1788921290383141041,-3.663706512624146,-2.530662128606912,-4.695174063817304,-0.36102257944948984,0.4545708587851984,0.8031072420094226,0.13433833891685706,0.996177370030581,0.12222153876194793,1,465.60101795196533,false,false,576
1788921290583776951,-3.6775196250992677,-2.5326465764989443,-4.710894315335652,-0.3702811231598299,0.4549838230903516,0.7991415953303216,0.13135570475045413,0.9953161592505855,0.0874828593432986,1,467.27856707572937,false,false,577
1788921292282965183,-3.726613821604201,-2.686848645851635,-4.915268157978139,-0.34700731202757057,0.476511241955656,0.7991880233486908,0.11756472696046269,0.9876106194690265,0.11943003729246898,1,468.4613108634949,false,false,578
1788921292483024120,-3.7421259568581653,-2.6913454968840873,-4.919802504376838,-0.3463438645933118,0.47408063231684894,0.8012660200728615,0.11517919342146772,1.0,0.07611455300644974,1,469.5057351589203,false,false,579
1788921294583136320,-3.8812991581524465,-2.717915422371977,-5.0341652559061405,-0.34323840418589646,0.4701908212990752,0.805719264961198,0.10919915534656968,0.9953416149068323,0.10332425806155257,1,470.5228774547577,false,false,580
1788921298483238697,-4.173159311696546,-2.766052695589554,-5.24816660325871,-0.2998692187535763,0.49954568923452686,0.8121509663614681,0.03071422877839027,0.9883040935672515,0.127882241686528,1,471.5614950656891,false,false,581
1788921298683077335,-4.192190793390901,-2.764883042287923,-5.257542569501768,-0.2997678404821195,0.49965350182618057,0.812146505609173,0.030061160195961757,0.998330550918197,0.09630942991159132,1,472.97921204566956,false,false,582
1788921300683136225,-4.344351188639375,-2.814191877905052,-5.332203622744615,-0.31127564235085853,0.4898747309600118,0.8140289030402199,0.02207187035683445,1.0,0.11721632157238468,1,473.70685148239136,false,false,583
1788921300883852720,-4.3466237476374925,-2.814271216477019,-5.3295578098626,-0.3245604398534898,0.48758378938534314,0.8104442817698648,0.010130910978927734,1.0,0.08237191472248744,1,474.48268365859985,false,false,584
1788921302583220243,-4.25898330157169,-2.8027563365371844,-5.237813179259969,-0.31859214519293566,0.47828588710436687,0.8183107860246256,0.010445702173998877,1.0,0.08398063049730331,1,475.22702288627625,false,false,585
1788921302783178091,-4.226993483872986,-2.801868371446995,-5.216698981788912,-0.30241112469387266,0.47917066508231393,0.8236967354544937,0.02160262455272683,1.0,0.09047862810219226,1,476.0431203842163,false,false,586
1788921304783262968,-4.084322256519424,-2.7646054170429997,-5.11254088001495,-0.4000435866136052,0.4471481130442187,0.7917239470280656,0.1148776980645744,1.0,0.11018077173681955,1,476.83475971221924,false,false,587
1788921304983986616,-4.084551948369429,-2.7804517419597623,-5.114288095704052,-0.4502523997696373,0.39841688334266445,0.7641407883238777,0.23372124248548953,1.0,0.09209702008493101,1,477.89506125450134,false,false,588
1788921306283375025,-4.084551948369429,-2.7804517419597623,-5.114288095704052,-0.4502523997696373,0.39841688334266445,0.7641407883238777,0.23372124248548953,0.6465863453815262,0.3154618038867144,0,478.7053186893463,false,false,589
1788921306483967543,-4.084551948369429,-2.7804517419597623,-5.114288095704052,-0.4502523997696373,0.39841688334266445,0.7641407883238777,0.23372124248548953,0.6861063464837049,0.32867058150188794,0,479.6291444301605,false,false,590
1788921307883266449,-4.023837468650543,-2.75424424184744,-5.086726343320633,-0.37764767519457687,0.45032893557995685,0.7965626044551425,0.1416830984387039,1.0,0.07750799011700801,1,480.71693110466003,false,false,591
1788921308083334684,-4.0225334907075405,-2.762313245042044,-5.085377188659869,-0.37085565083218175,0.44841432069069914,0.800839671321764,0.14158567753336984,1.0,0.07646238371181154,1,481.94570541381836,false,false,592
1788921309583394051,-4.0225334907075405,-2.762313245042044,-5.085377188659869,-0.37085565083218175,0.44841432069069914,0.800839671321764,0.14158567753336984,0.5323420074349442,0.3798854141947806,0,483.3276414871216,false,false,593
1788921309783340454,-4.0225334907075405,-2.762313245042044,-5.085377188659869,-0.37085565083218175,0.44841432069069914,0.800839671321764,0.14158567753336984,0.5140781108083561,0.3868702159954813,0,484.56424617767334,false,false,594
1788921311284065723,-4.0225334907075405,-2.762313245042044,-5.085377188659869,-0.37085565083218175,0.44841432069069914,0.800839671321764,0.14158567753336984,0.5348399246704332,0.395029367578864,0,485.88424015045166,false,false,595
1788921311483345270,-4.0225334907075405,-2.762313245042044,-5.085377188659869,-0.37085565083218175,0.44841432069069914,0.800839671321764,0.14158567753336984,0.5407986111111112,0.39573530648197136,0,488.1454634666443,false,false,596
1788921313683368444,-4.0225334907075405,-2.762313245042044,-5.085377188659869,-0.37085565083218175,0.44841432069069914,0.800839671321764,0.14158567753336984,0.6032461677186655,0.3902309951347615,0,492.6981637477875,false,false,597
